Date,Open,High,Low,Close,Volume
2000-01-03,0.7841932652281423,0.8412082105133865,0.7603588553912772,0.8370023965835571,535796800
2000-01-04,0.8094296892962003,0.8271882445739441,0.756620548623472,0.7664348483085632,512377600
2000-01-05,0.7757807537803213,0.8267206843879417,0.7701730690437973,0.777649998664856,778321600
2000-01-06,0.7935398806975427,0.8000822105934129,0.7103531956672668,0.7103531956672668,767972800
2000-01-07,0.7215697844799548,0.7552184921993549,0.7140928540562652,0.7440022230148315,460734400
2000-01-10,0.7626952894816049,0.7645645343628289,0.7084842428184097,0.7309166789054871,505064000
2000-01-11,0.717363953833211,0.7430675564000493,0.6767056432178344,0.6935295462608337,441548800
2000-01-12,0.7103536573550815,0.7140929968637248,0.6467955679664886,0.6519368290901184,976068800
2000-01-13,0.7064977601815625,0.738393626766209,0.6916603072288685,0.7234389185905457,1032684800
2000-01-14,0.7477406228205659,0.764564525393327,0.743067535630868,0.7510117888450623,390376000
2000-01-18,0.7552185010896023,0.7926056495024171,0.7510118884457647,0.7771828174591064,459177600
2000-01-19,0.7898007693602698,0.8131678500840496,0.7729768186619814,0.7968112230300903,597643200
2000-01-20,0.8636406998794371,0.9085047810085715,0.8486860394477844,0.8486860394477844,1831132800
2000-01-21,0.8542935771813607,0.8542935771813607,0.8239168379654852,0.8323292136192322,495924800
2000-01-24,0.810831420091177,0.8430773560552812,0.7860624141263844,0.7944748401641846,440876800
2000-01-25,0.785127958563782,0.8458822500269862,0.7655001589364177,0.839339017868042,497145600
2000-01-26,0.8225149312722929,0.8538262685186726,0.8206457362811201,0.8239168524742126,367158400
2000-01-27,0.8136351925442628,0.8449473768716613,0.800082456294318,0.8225148916244507,340144000
2000-01-28,0.8089622496243014,0.8290573201204476,0.7524145797831305,0.7598915100097656,423348800
2000-01-31,0.755218395182303,0.7767153847811273,0.7066149842687806,0.7757807374000549,701680000
2000-02-01,0.7776499369456199,0.7851277145635499,0.7477405735715519,0.7496097683906555,318035200
2000-02-02,0.7533493196572082,0.763630093740123,0.7253082945761204,0.738861083984375,464195200
2000-02-03,0.7500773221633544,0.7795202694140059,0.7496099983566746,0.7725098133087158,475193600
2000-02-04,0.7771827843074932,0.8225149837277594,0.7748462155438933,0.8075603246688843,425320000
2000-02-07,0.8075603323192043,0.8542936548001826,0.7921382994610102,0.8528916835784912,441067200
2000-02-08,0.8524244892617198,0.8683137983558709,0.831862141720758,0.8589677214622498,408643200
2000-02-09,0.8533587884020516,0.8757912207019072,0.840740651307159,0.8421425223350525,299364800
2000-02-10,0.8440129014916095,0.851489882287819,0.8225150592313194,0.8486860394477844,302982400
2000-02-11,0.8496205499537715,0.8533590401881105,0.8094295586243037,0.8131680488586426,212251200
2000-02-14,0.8173739132555415,0.8664446111084018,0.8122335010316841,0.8659772872924805,367539200
2000-02-15,0.8617713938308631,0.8968219705976106,0.8613040701118948,0.8898115158081055,485744000
2000-02-16,0.8804646818744591,0.8832693234721489,0.838404442321962,0.8533591032028198,378246400
2000-02-17,0.861304240685655,0.8636407599090603,0.8458822554030216,0.8589677214622498,289497600
2000-02-18,0.8570984978314684,0.8627061843698673,0.8290575193675894,0.831862211227417,233441600
2000-02-22,0.8234498057008678,0.8743897509984293,0.7977461461759553,0.8510226607322693,422296000
2000-02-23,0.846699311292801,0.8898113908680932,0.8299917668879354,0.8692481517791748,473099200
2000-02-24,0.8771935942495004,0.8907463848073106,0.8356006248227461,0.8614206910133362,376432000
2000-02-25,0.8584999976589398,0.8748566229437399,0.8234493803644019,0.8253185749053955,249144000
2000-02-28,0.8234497397066362,0.8599022438557608,0.8103642740338587,0.8468167781829834,328328000
2000-02-29,0.8491531789251797,0.8767260778189144,0.8416755000335606,0.8570982813835144,368961600
2000-03-01,0.886540424710259,0.9874848524127208,0.8860731009517027,0.9743993878364563,1077003200
2000-03-02,0.9496310959898062,0.9566407517207082,0.9024296059535635,0.9122439026832581,311259200
2000-03-03,0.933740703909635,0.9588606701550034,0.8972890638557381,0.9571077823638916,323366400
2000-03-06,0.9421535305159032,0.9655206189608273,0.9346757507308846,0.9398170113563538,210560000
2000-03-07,0.9454245993554289,0.9529023783659749,0.9057008825660343,0.918786346912384,273011200
2000-03-08,0.9187862347208788,0.9267313365116067,0.8865403008795293,0.9122439026832581,271230400
2000-03-09,0.9038316028362059,0.9346755664782527,0.8842038074897411,0.9141132235527039,276718400
2000-03-10,0.9099073937318852,0.9566407618987987,0.9047661342119867,0.9402841329574585,248606400
2000-03-13,0.913178570808388,0.9458918290859469,0.8935499769032273,0.9071027636528015,303956800
2000-03-14,0.9064017882980816,0.9290679378648348,0.8524243494886928,0.8542936444282532,428579200
2000-03-15,0.8645751149139681,0.8991583631058514,0.8533588480628078,0.8692481517791748,443609600
2000-03-16,0.8771936418137117,0.9122442291993779,0.856163069747086,0.9089722633361816,378100800
2000-03-17,0.8982239255443321,0.9346755743026733,0.8944845371867628,0.9346755743026733,305043200
2000-03-20,0.9234601167007119,0.9440224578414739,0.9150476917067315,0.9197208285331726,204489600
2000-03-21,0.9164496583778369,1.0225352249311275,0.9094400030883478,1.008982539176941,524328000
2000-03-22,0.9928598594781997,1.0795513735789979,0.983746495859989,1.078148603439331,567996800
2000-03-23,1.0617920743425768,1.1244155691609703,1.0468374110667866,1.0566517114639282,562564800
2000-03-24,1.0650629523553368,1.076279221310327,1.0131884197569552,1.0370228290557861,446913600
2000-03-27,1.0290785351224097,1.082354934458601,1.0234699518807886,1.0435658693313599,279182400
2000-03-28,1.026274091763839,1.0617920011203887,1.025339444092468,1.0402950048446655,202966400
2000-03-29,1.0421640015979377,1.042631225465571,1.0006874007587088,1.0164602994918823,239836800
2000-03-30,0.9987009929173388,1.0295457546802782,0.9379475144661923,0.9402841329574585,414400000
2000-03-31,0.9529022293885555,1.0262737439027092,0.9421532856402599,1.0155256986618042,404633600
2000-04-03,1.0131884049096405,1.0430986214082552,0.9678570043546434,0.9968317747116089,328563200
2000-04-04,0.9916913703033656,0.9944952127525696,0.8729875529443516,0.9519676566123962,660329600
2000-04-05,0.9456579509103537,0.9935603692279733,0.9271985181035799,0.9748672246932983,457665600
2000-04-06,0.9767365449712451,1.0057113091182435,0.921589960139794,0.9360781908035278,259627200
2000-04-07,0.9514999988368559,0.9860824406943192,0.9384145401053312,0.9851478934288025,242435200
2000-04-10,0.9846809085106175,0.9926260105946746,0.9328063792946968,0.9346755743026733,212262400
2000-04-11,0.9234604639661553,0.9337411891488977,0.8828012930461534,0.8930829167366028,541822400
2000-04-12,0.889811615825662,0.889811615825662,0.7841932986908541,0.8169065117835999,941136000
2000-04-13,0.833731429245534,0.8972895174294201,0.8112989367326184,0.8510226607322693,529827200
2000-04-14,0.8173738911835277,0.8823338965261103,0.8150373220841093,0.8365352153778076,667620800
2000-04-17,0.8187764465823959,0.9267313116988046,0.8155044320608498,0.9262639880180359,409561600
2000-04-18,0.9234605628963134,0.9486968517303467,0.8926156885205596,0.9486968517303467,390924800
2000-04-19,0.9435552589955917,0.9739318970987553,0.8954191231020645,0.9057007431983948,520150400
2000-04-20,0.9248622030872551,0.9328065075906598,0.8753241857765057,0.8888769745826721,722120000
2000-04-24,0.8599019989471626,0.9010276794433594,0.8580328041228428,0.9010276794433594,443620800
2000-04-25,0.913178652505306,0.9627166667307057,0.9127113287596029,0.9594447016716003,391641600
2000-04-26,0.9468263766595753,0.9571079973160499,0.8972892653735027,0.9071027636528015,366912000
2000-04-27,0.876258842691498,0.9496312718092893,0.8717022112115136,0.9477611780166626,326603200
2000-04-28,0.950565687627841,0.9533695297889312,0.9071026898526963,0.9276658296585083,249580800
2000-05-01,0.9337409238454111,0.9356110173547613,0.911309385812692,0.9295352101325989,226195200
2000-05-02,0.921590257781774,0.9440226979659743,0.8785953713923329,0.8813992142677307,236432000
2000-05-03,0.8893443988590962,0.9066356799835859,0.8346660135147892,0.8603696227073669,489798400
2000-05-04,0.8608366951489842,0.8617713425312831,0.826720668016871,0.8276553153991699,399515200
2000-05-05,0.8285896995122157,0.8580326319028595,0.827888764073053,0.8458818197250366,284076800
2000-05-08,0.838170608505372,0.8500878127478756,0.8225149642137194,0.8234496116638184,184900800
2000-05-09,0.8248515293337951,0.8318619841840307,0.7841932173384569,0.7883989810943604,327140800
2000-05-10,0.7781174269447031,0.7851278823979227,0.7383937090615947,0.7426003217697144,535091200
2000-05-11,0.7580222181040535,0.7795200557433828,0.7402636687324788,0.7687711119651794,499744000
2000-05-12,0.7926057043433966,0.8262535661965653,0.7833750861391522,0.8047565221786499,306913600
2000-05-15,0.808027574286036,0.808027574286036,0.7486752652227108,0.7552184462547302,678932800
2000-05-16,0.7815059154667777,0.815504645611668,0.7683040429865104,0.7902683615684509,440451200
2000-05-17,0.7748458468017386,0.7753131703154803,0.750544175497157,0.7580219507217407,398092800
2000-05-18,0.7701732100799848,0.7846605968650229,0.7524146566272565,0.7533493041992188,373777600
2000-05-19,0.7421331459602216,0.7421331459602216,0.6982028095657463,0.7028767466545105,740667200
2000-05-22,0.701007479715025,0.701007479715025,0.6430570809345554,0.6724991798400879,755507200
2000-05-23,0.6767057170954013,0.6982027098055916,0.6402531661135712,0.6416550874710083,517585600
2000-05-24,0.6444587772043981,0.6710969738532534,0.6206243726877677,0.6556749939918518,678462400
2000-05-25,0.6617509757275976,0.6928286031631302,0.6430569780369458,0.6525203585624695,406750400
2000-05-26,0.6580113642164026,0.672031469813043,0.6374490285340749,0.6458605527877808,181148800
2000-05-30,0.6552079054782098,0.658946396163618,0.6112784685311633,0.6547406315803528,713059200
2000-05-31,0.6496001439684278,0.6823134062229503,0.6267003811862347,0.6281023025512695,433507200
2000-06-01,0.611278285276683,0.6696950923940789,0.6009966652592013,0.6664239764213562,903840000
2000-06-02,0.7010075259036644,0.7458716130167818,0.6654895661982214,0.6921278238296509,792848000
2000-06-05,0.6977355146882745,0.7122229032823062,0.6706299829604536,0.6827808022499084,323668800
2000-06-06,0.6876883799592729,0.723439102187228,0.6753038492176663,0.6944643259048462,525481600
2000-06-07,0.7000726446892511,0.72530812370496,0.6851171386612191,0.7220369577407837,337019200
2000-06-08,0.7299823436360852,0.7365246281947654,0.6963336275016317,0.7089517712593079,238526400
2000-06-09,0.7234389323631821,0.7323186321315538,0.7056804313339116,0.7159620523452759,252358400
2000-06-12,0.7206353413313258,0.7211026652144158,0.6795097414432237,0.6818462610244751,290337600
2000-06-13,0.6818461399775642,0.7080170714581132,0.6594136990638492,0.706615149974823,351456000
2000-06-14,0.7080169709220336,0.7197005135199934,0.6739017892690238,0.6762383580207825,277446400
2000-06-15,0.6823134263464639,0.6982027341816426,0.6654894709623056,0.6907258033752441,248572800
2000-06-16,0.6991374942843008,0.7010075884902487,0.6659569494968202,0.6818462610244751,303564800
2000-06-19,0.6771729196480415,0.7318513410279037,0.6715643862182638,0.7225043177604675,394004800
2000-06-20,0.736524405619689,0.7771827678105472,0.7355898080843376,0.7570876479148865,501390400
2000-06-21,0.7552186537970367,0.8514900126195372,0.7524147606107414,0.831862211227417,490000000
2000-06-22,0.8337313571788947,0.8617715336217097,0.8010172439490778,0.8038210868835449,467712000
2000-06-23,0.804288396748887,0.816906538325983,0.7598915887553331,0.7729770541191101,204965600
2000-06-26,0.7851276698175035,0.8187763693365095,0.7795199858456344,0.8094293475151062,185354400
2000-06-27,0.8042882862267116,0.8299918896354951,0.7720423503717732,0.7739115953445435,203470400
2000-06-28,0.7972786279824815,0.8281225906586125,0.7701730551739364,0.8141025304794312,286428800
2000-06-29,0.7935403794373912,0.806625846126345,0.7636301565481101,0.7664348483085632,203660800
2000-06-30,0.7898010699760444,0.8215805374815273,0.7729771128741855,0.7832587361335754,323097600
2000-07-03,0.7795200924466918,0.8122333005757002,0.7795200924466918,0.797278642654419,70828800
2000-07-05,0.7963440772062206,0.825318848463605,0.7589569293846519,0.7720423936843872,265216000
2000-07-06,0.7851278172834486,0.7916709484308024,0.7421329863748852,0.7748461961746216,309545600
2000-07-07,0.7865296838959772,0.8197110637053077,0.7795200781015565,0.8141025304794312,263603200
2000-07-10,0.8089622438022482,0.8711183970601307,0.8038209838792897,0.8542936444282532,397796000
2000-07-11,0.8524243299475637,0.8860730357666151,0.8290572951483123,0.851489782333374,357896000
2000-07-12,0.869248285259496,0.8813991014490672,0.8430773579799057,0.8804645538330078,225433600
2000-07-13,0.8748568130492191,0.9066354233367131,0.8187764720970604,0.8449473977088928,445659200
2000-07-14,0.8542935017653013,0.8823336200153068,0.8505550123446575,0.8627058267593384,190276800
2000-07-17,0.8711182606203356,0.8795297870283924,0.8542935106236519,0.8720529079437256,260002400
2000-07-18,0.874856954709062,0.8804646402927393,0.8505552201093769,0.8561629056930542,318404800
2000-07-19,0.8253187026879262,0.8496203819173646,0.773911502066377,0.7879315614700317,457872800
2000-07-20,0.8225150864422941,0.8533591058011596,0.8094296208597038,0.824384331703186,465572800
2000-07-21,0.812934430524162,0.8318620920186622,0.7916710486192767,0.8010172247886658,196235200
2000-07-24,0.7860624160143401,0.7907355035147688,0.7103534766830721,0.7281128764152527,412171200
2000-07-25,0.7524145155914072,0.7570876028240083,0.7337205193973785,0.7486752271652222,211607200
2000-07-26,0.7454040611106934,0.7664346258795623,0.7365243617535233,0.7486752271652222,210470400
2000-07-27,0.7477406329169909,0.796343994939673,0.7458713880324563,0.777649998664856,294985600
2000-07-28,0.7818566251521527,0.7851277912808335,0.7010073273133434,0.7225043177604675,237893600
2000-07-31,0.7351225032919129,0.7720423764581071,0.7290475442800379,0.7598915100097656,155299200
2000-08-01,0.7524147535141336,0.765032098023623,0.7365245946515876,0.7374592423439026,137284000
2000-08-02,0.732786081455372,0.7468061448788098,0.7056805522916597,0.706615149974823,162355200
2000-08-03,0.6813788188191514,0.718766020818599,0.661751069386456,0.7178313732147217,339897600
2000-08-04,0.7397963674332693,0.7664346165916155,0.6925949273707102,0.7084842324256897,263121600
2000-08-07,0.7159619961211349,0.7337204957558393,0.7056803759171811,0.7168965935707092,187348000
2000-08-08,0.7168967927358276,0.7178313904450477,0.6925951058611568,0.6991373896598816,176674400
2000-08-09,0.7197002155608426,0.7243733012125981,0.7066147570961,0.7103531956672668,379640800
2000-08-10,0.7178310449466537,0.724373375513589,0.7084840740113959,0.7112879157066345,251714400
2000-08-11,0.7005398742866982,0.7178310979123566,0.6813785574970536,0.7131580114364624,238056000
2000-08-14,0.711755482403307,0.7131582024031258,0.6925950090731614,0.7038112282752991,156660000
2000-08-15,0.7066148045802287,0.7168964223282496,0.6953985896058774,0.6982024312019348,114200800
2000-08-16,0.7010074615446027,0.7327860788451136,0.7000728139476784,0.7253082990646362,143673600
2000-08-17,0.7234391826673372,0.7841934836426652,0.722504584821006,0.7692387700080872,270900000
2000-08-18,0.7683038673134917,0.7748461494761558,0.7458713814670631,0.747740626335144,190176000
2000-08-21,0.7514791077213836,0.7711077523099652,0.7421329826981682,0.7552184462547302,134467200
2000-08-22,0.7570877458694256,0.7898010099421563,0.7533493053272452,0.7729770541191101,276802400
2000-08-23,0.7697057658445109,0.8187764496922548,0.76362990904943,0.8122332692146301,236863200
2000-08-24,0.8176072346339199,0.8468164584762544,0.7982131046823846,0.8391050696372986,310766400
2000-08-25,0.8449474240333407,0.859902082252339,0.8430773305204846,0.8496204614639282,334460000
2000-08-28,0.85616297105726,0.8823339029048127,0.8533591280513605,0.8683137893676758,359004800
2000-08-29,0.8655095834137736,0.888876662456535,0.862705741583654,0.8851382732391357,267030400
2000-08-30,0.882333737299632,0.8972892943165789,0.8778943117206782,0.8898115158081055,285392800
2000-08-31,0.8818659674777896,0.9197204674091769,0.8813986439952226,0.9113089442253113,419596800
2000-09-01,0.9169174294050737,0.9515006952473053,0.9141135858881151,0.9486968517303467,256872000
2000-09-05,0.9370130382828967,0.9589773536081383,0.9309371309036459,0.9337409734725952,298642400
2000-09-06,0.91785153248893,0.9328062891169518,0.863640489795275,0.8739221096038818,355404000
2000-09-07,0.8842039415623089,0.9356111544322694,0.8711184764560772,0.9271988272666931,217464800
2000-09-08,0.9215901398186767,0.9215901398186767,0.8748568687999932,0.8804645538330078,195518400
2000-09-11,0.8776605990925833,0.9028968756950602,0.8692481741112512,0.8739221096038818,187381600
2000-09-12,0.857565597601775,0.8982239599872903,0.8524243377496188,0.8636406064033508,187997600
2000-09-13,0.8486858627850771,0.8898114449553929,0.8486858627850771,0.8673790097236633,305984000
2000-09-14,0.8757913004899471,0.8916806045430258,0.8496203766745305,0.8503214120864868,426552000
2000-09-15,0.863640757405892,0.8701838897532743,0.8112988933206864,0.8260199427604675,394514400
2000-09-18,0.8262534167763309,0.9085046349303241,0.8234495743871256,0.9071027636528015,424536000
2000-09-19,0.8935500934692536,0.9047662631625362,0.8757914909021336,0.8963547348976135,271510400
2000-09-20,0.888409355261217,0.9187860893576271,0.8757912182023376,0.9129447937011719,227388000
2000-09-21,0.874856956458797,0.8916808119168733,0.8262535370793062,0.8477513790130615,510490400
2000-09-22,0.7524144667799392,0.7841931251305025,0.7477405811772754,0.7804546356201172,726700800
2000-09-25,0.788866177718815,0.8299918094134999,0.7785854062378788,0.8000824451446533,435551200
2000-09-26,0.7972789516674819,0.818776798651261,0.768304172161756,0.7692387700080872,290936800
2000-09-27,0.7739113821364109,0.7888660366378011,0.7215695422937934,0.7318511605262756,402259200
2000-09-28,0.7374589758699577,0.8047563308396017,0.7197004265473839,0.8000824451446533,979585600
2000-09-29,0.42153873174442186,0.43368959937172463,0.3794784930448002,0.38508617877960205,7421640800
2000-10-02,0.3991070873813781,0.4000417099247498,0.35143831768577205,0.36265453696250916,2424788800
2000-10-03,0.3729361918498962,0.3738708144764597,0.3318097263800928,0.33367979526519775,2038120000
2000-10-04,0.33461442331397645,0.3551767953122833,0.3271366435068625,0.3533075749874115,1466024000
2000-10-05,0.3514384302955066,0.3663931195790474,0.32900593463701,0.3299405574798584,873006400
2000-10-06,0.33928754507965336,0.3430260113322449,0.31405123189148176,0.33180978894233704,612656800
2000-10-09,0.33835286929922864,0.3420913097321585,0.31592037976941284,0.32526740431785583,597564800
2000-10-10,0.32339810804500274,0.335548948519003,0.3065733317400329,0.31218189001083374,691101600
2000-10-11,0.3009656856066868,0.3140511501982819,0.2860110008543054,0.29348790645599365,1198422400
2000-10-12,0.303769558254732,0.3112473381421414,0.2916187150256918,0.2990964949131012,1191064000
2000-10-13,0.3028349975242209,0.3308751803227068,0.2990965560699284,0.3299405574798584,1247752800
2000-10-16,0.33367966016567235,0.3476997426440469,0.3196587290971187,0.321528822183609,820176000
2000-10-17,0.3243327517712596,0.32807121681740564,0.2944233591798148,0.30096566677093506,601720000
2000-10-18,0.29068404554325994,0.3149857530447563,0.28040242431558476,0.30096566677093506,834265600
2000-10-19,0.2864783149679301,0.296292613604572,0.2738601485024197,0.28320714831352234,1506724800
2000-10-20,0.2850763381127725,0.30470410793837527,0.28320709325691557,0.2916186451911926,791263200
2000-10-23,0.303068546569863,0.30750882081175057,0.29068404351967153,0.30470412969589233,551292000
2000-10-24,0.3093780100831096,0.312181877288336,0.2813378654770573,0.28227248787879944,804451200
2000-10-25,0.28507632949430894,0.28694554933511585,0.27572933178288017,0.2766639292240143,663969600
2000-10-26,0.28133786485415635,0.2822724872538292,0.26170924703162607,0.2766639292240143,721851200
2000-10-27,0.28227258653748666,0.28694565026242874,0.2673170255359278,0.27759864926338196,744503200
2000-10-30,0.28601091144999463,0.29816174968368775,0.2804023542132698,0.2888147532939911,639189600
2000-10-31,0.2953579668178371,0.3028348715753313,0.2878801885114366,0.29255327582359314,885880800
2000-11-01,0.29068408261657647,0.3121819503148974,0.29068408261657647,0.30657339096069336,575366400
2000-11-02,0.31592039297216945,0.33554901555978,0.3149857953041507,0.33367979526519775,590693600
2000-11-03,0.3439605139938882,0.3439605139938882,0.328071208098541,0.3327442705631256,515821600
2000-11-06,0.3355490580831306,0.33835292631814884,0.3121819919451017,0.3205943703651428,393478400
2000-11-07,0.32152896626827426,0.3262020296860922,0.31124734321655123,0.31872427463531494,301963200
2000-11-08,0.31965874346643713,0.3205942143468232,0.29629251233175036,0.30003097653388977,422088800
2000-11-09,0.29722712170711035,0.3065732693270918,0.2850762837068076,0.3019002079963684,476834400
2000-11-10,0.2895157754928714,0.2972271907984815,0.2850763499736786,0.2850763499736786,422251200
2000-11-13,0.2804024441435821,0.29909646787703387,0.27292553848111967,0.2897494435310364,431816000
2000-11-14,0.298161864810876,0.3065733935907511,0.29255333036710157,0.3028349280357361,409001600
2000-11-15,0.2995637175997092,0.30190026115576296,0.28788017618764955,0.2972271740436554,282357600
2000-11-16,0.29161867953038567,0.29629259089366183,0.2822725290261754,0.28414174914360046,239372000
2000-11-17,0.28694554933511585,0.2878801717347887,0.2729254895424004,0.2766639292240143,446180000
2000-11-20,0.2780659377664503,0.2916187018830392,0.2729255508513412,0.28320714831352234,408066400
2000-11-21,0.286945541575719,0.2916186284891778,0.28040238628170583,0.2813378572463989,301952000
2000-11-22,0.28133786485415635,0.28601095189398174,0.2747947093832074,0.2766639292240143,280532000
2000-11-24,0.28203878553197614,0.29161859513798755,0.28133782507097704,0.2888147532939911,160932800
2000-11-27,0.29722719571389883,0.2981618181961696,0.2766639536744034,0.2794678211212158,258792800
2000-11-28,0.27946783764137784,0.28414174900233025,0.2682524420667762,0.26965436339378357,269124800
2000-11-29,0.270589042523184,0.27386018465082457,0.2579708743921279,0.262643963098526,492150400
2000-11-30,0.24955838397402347,0.25423144562264854,0.241145984482602,0.24675454199314117,809597600
2000-12-01,0.25423138774426896,0.26170916322015864,0.25142754640170983,0.2551668584346771,385705600
2000-12-04,0.25703621830109513,0.25703621830109513,0.2458199982044325,0.2495584636926651,371520800
2000-12-05,0.25329694463867675,0.2607746997034466,0.24488539053719116,0.2542315423488617,613978400
2000-12-06,0.2187144139757638,0.22432209893461513,0.20936741546777565,0.21404050290584564,1374464000
2000-12-07,0.21591057149633813,0.22245287893451163,0.20936741546777565,0.21404050290584564,408917600
2000-12-08,0.221518231800756,0.22899600947638243,0.21591054746602614,0.22525669634342194,435624000
2000-12-11,0.22712598741054532,0.22993067874014972,0.22245289953962194,0.22712598741054535,332511200
2000-12-12,0.22806053108579485,0.2392767729389188,0.22432206666484253,0.22993062436580658,386260000
2000-12-13,0.23273443453234346,0.23273443453234346,0.22245281643377476,0.22432203590869904,344887200
2000-12-14,0.2247894664228669,0.22806060829961544,0.21591061353683472,0.21591061353683472,263317600
2000-12-15,0.21777977817154318,0.2196490230158174,0.20936740265759005,0.21030202507972717,513945600
2000-12-18,0.21777979839252573,0.21871442090144308,0.20843281206783196,0.21310588717460632,325808000
2000-12-19,0.21497504824262137,0.22806050853293414,0.20936736464500427,0.20936736464500427,374007200
2000-12-20,0.2060962506355883,0.21871440218226854,0.20375970704254417,0.21497508883476257,565331200
2000-12-21,0.21310586738759918,0.22432208520942432,0.2074981702925855,0.21030202507972717,366844800
2000-12-22,0.211236576118477,0.22432203590869904,0.211236576118477,0.22432203590869904,318052000
2000-12-26,0.2224529949087876,0.22432221588339604,0.21310599152780615,0.21964915096759796,216815200
2000-12-27,0.214507764928982,0.22151821851730347,0.2121712216101105,0.22151821851730347,325466400
2000-12-28,0.21497506360934165,0.22338746315581526,0.21404046624862233,0.22151821851730347,305177600
2000-12-29,0.21964903647237993,0.22432209895227703,0.21684519399273353,0.22245287895202637,630336000
2001-01-02,0.22245287895202637,0.2280605639113192,0.21777979151358842,0.22245287895202637,452312000
2001-01-03,0.21684531221977152,0.24955856442970636,0.2159106892308065,0.24488547444343567,817073600
2001-01-04,0.27128981970296767,0.2766638406233624,0.25142754640170983,0.2551668584346771,739396000
2001-01-05,0.253297031427012,0.25984019102351,0.24021156082486772,0.24488547444343567,412356000
2001-01-08,0.25329701944598154,0.253997980414911,0.23834230357327005,0.24768930673599243,373699200
2001-01-09,0.25142770411552207,0.2638122097093563,0.24768923832756098,0.2570362389087677,588929600
2001-01-10,0.24955855262550655,0.2542316174321853,0.2402115494627842,0.24768930673599243,580781600
2001-01-11,0.24301626909809723,0.2766641215086582,0.24301626909809723,0.26918721199035645,803734400
2001-01-12,0.26731701358602405,0.26918710754985503,0.25516701849406037,0.2570362389087677,423376800
2001-01-16,0.26077454980751585,0.272925411231498,0.25423139621400387,0.25610148906707764,306118400
2001-01-17,0.26264401853940633,0.26264401853940633,0.2467547049266735,0.2514277696609497,840873600
2001-01-18,0.2663823576131966,0.2804024186449457,0.26357849016638424,0.2794678211212158,1227010400
2001-01-19,0.2906840227632642,0.2925532676191211,0.27946780487193845,0.2916186451911926,776664000
2001-01-22,0.2850763399231834,0.2934878669523393,0.2757293418698158,0.28788018226623535,519327200
2001-01-23,0.28881486233437725,0.3131165479767247,0.2850763968114341,0.30657339096069336,879530400
2001-01-24,0.3084434847919543,0.3093780824537816,0.29255332785732036,0.30657339096069336,717091200
2001-01-25,0.3075088642628698,0.3075088642628698,0.2953580213590613,0.2981618642807007,489708800
2001-01-26,0.2916186533694538,0.29629256431343626,0.2850763461075588,0.29255327582359314,482820800
2001-01-29,0.2925532027838846,0.32526727669696454,0.2925532027838846,0.32433265447616577,855528800
2001-01-30,0.3224635365553429,0.32900584475078565,0.312181939336483,0.32526740431785583,692423200
2001-01-31,0.32152898218972165,0.3364836693997877,0.32059435947645915,0.3233982026576996,730704800
2001-02-01,0.30937810366634694,0.3215289722791918,0.30657341198095445,0.3159204125404358,369695200
2001-02-02,0.3159203622991321,0.3280712289796059,0.3065733632261185,0.30844345688819885,427341600
2001-02-05,0.3065732693270918,0.3075087401668307,0.29535790216652796,0.3019002079963684,286115200
2001-02-06,0.3014330246542742,0.3198925402304577,0.2990965053809574,0.3159204125404358,462711200
2001-02-07,0.30891064830421533,0.3121818135633072,0.2962924872209828,0.31031256914138794,393887200
2001-02-08,0.3075087274670427,0.3149856552376525,0.3019001955282069,0.31031256914138794,604128000
2001-02-09,0.30657322156396527,0.3112471557152197,0.27946770799617104,0.28601086139678955,590083200
2001-02-12,0.2850763147217072,0.29909639874644317,0.28133785027528113,0.29442331194877625,274120000
2001-02-13,0.29816169750403093,0.30563862441854867,0.2841416171888947,0.28601086139678955,237070400
2001-02-14,0.2869455580100899,0.29348786508851005,0.2766639375881531,0.2916186451911926,309120000
2001-02-15,0.29442329270994855,0.3075087535283859,0.29442329270994855,0.30003097653388977,311416000
2001-02-16,0.28414174914360046,0.29161867953038567,0.2804024353597656,0.28414174914360046,263911200
2001-02-20,0.2869456534373377,0.2906841194337841,0.2719909658194754,0.2738601863384247,314893600
2001-02-21,0.27292549014667583,0.29816179250604047,0.27292549014667583,0.28227248787879944,390258400
2001-02-22,0.28507632178545833,0.28974938374037906,0.2691870176230656,0.2813378572463989,431961600
2001-02-23,0.2785331664914451,0.28227247962079827,0.27292548216212503,0.2813378572463989,293865600
2001-02-26,0.2850763381127725,0.29442333610678084,0.2775985600160815,0.2916186451911926,206438400
2001-02-27,0.2883475221594157,0.2906840660982979,0.2794678465348638,0.2897494435310364,348516000
2001-02-28,0.28974952509657725,0.2906841479269385,0.2710563696499465,0.27292561531066895,508233600
2001-03-01,0.2663823890664408,0.28040245175361633,0.2570362130572599,0.28040245175361633,330461600
2001-03-02,0.273860097002088,0.3056387323072985,0.2729254995267638,0.28788018226623535,406201600
2001-03-05,0.289749421025006,0.3065733497266821,0.2878802009942162,0.30470412969589233,324172800
2001-03-06,0.30984528284635615,0.32994034754140544,0.30937795924301104,0.321528822183609,731802400
2001-03-07,0.3187241171966133,0.32339802689624075,0.31031256726588274,0.3177894949913025,419540800
2001-03-08,0.3093779256779531,0.3159202307881846,0.30563863841790395,0.31124716997146606,204859200
2001-03-09,0.30844348743805533,0.3093780851079005,0.2990964874392659,0.3028349280357361,299135200
2001-03-12,0.29442331310801023,0.297227155214235,0.2710562317642019,0.2785331606864929,391020000
2001-03-13,0.2822725037036809,0.29255327582359314,0.27199088299340257,0.29255327582359314,443329600
2001-03-14,0.2766638837786059,0.3065732682089408,0.27572928649099077,0.3056386709213257,477775200
2001-03-15,0.3121818604199383,0.3196587643542529,0.29442331194877625,0.29442331194877625,529317600
2001-03-16,0.28414175573497613,0.30376952832713777,0.2822725355741898,0.29348790645599365,470316000
2001-03-19,0.2953578989796352,0.3084433590883052,0.29161858639010224,0.3075087368488312,356008800
2001-03-20,0.3098453170211048,0.3131164578126417,0.29442331194877625,0.29442331194877625,499206400
2001-03-21,0.2958252804523019,0.3121819104997821,0.28974942304208806,0.30096566677093506,371375200
2001-03-22,0.3047042009625292,0.3252674480842246,0.3019003577812888,0.3233982026576996,723301600
2001-03-23,0.32994040872479735,0.35237286931097145,0.3290057863033275,0.3439604938030243,944888000
2001-03-26,0.3459051216433018,0.3551767456730195,0.31599490510270456,0.3257162570953369,734451200
2001-03-27,0.3281088800438365,0.3447083554766428,0.32751007476180527,0.34201672673225403,543821600
2001-03-28,0.33020263765640656,0.33648365544201286,0.3215289688522865,0.33154845237731934,584662400
2001-03-29,0.3255662960744316,0.3506903850771093,0.32152887801092866,0.33693161606788635,613065600
2001-03-30,0.3372315709401939,0.33977329978866727,0.3191355237749658,0.33005279302597046,400349600
2001-04-02,0.3303516860547245,0.3388763023175254,0.3200332242325304,0.3228747546672821,340911200
2001-04-03,0.31943523571496824,0.32003319249498213,0.3010402152676788,0.30268585681915283,368687200
2001-04-04,0.29550701093248716,0.3028348630825184,0.2804024023413274,0.2916186451911926,685484800
2001-04-05,0.30806908742050026,0.3364835877234146,0.2990964419988474,0.3121073544025421,446762400
2001-04-06,0.3110604569341854,0.31464902021560415,0.2976006428673304,0.3079199492931366,324889600
2001-04-09,0.30941489893801444,0.31913540199131923,0.29999334928647636,0.30717214941978455,266582400
2001-04-10,0.3125553493892108,0.3394741290131598,0.31076065592729074,0.3296037018299103,457374400
2001-04-11,0.34366151544468665,0.3439604937870443,0.31823844780418103,0.3260152041912079,334096000
2001-04-12,0.32033223235259467,0.34425959305425546,0.31629478786487514,0.335286945104599,298933600
2001-04-16,0.3303515582461521,0.33498780599569666,0.3119573916816481,0.3206310570240021,285224800
2001-04-17,0.3170416672735113,0.3171915682400075,0.2931143182617875,0.3050784170627594,685199200
2001-04-18,0.32257574500053365,0.36011196864582845,0.31524786732517907,0.3408200144767761,1100842400
2001-04-19,0.3820955197013908,0.38508610179946506,0.3529339873216282,0.38463807106018066,1873670400
2001-04-20,0.37282374305242233,0.3832921245474007,0.367888543023595,0.37446853518486023,693403200
2001-04-23,0.3640003514946129,0.3738707811977888,0.3589152231571178,0.36265453696250916,541525600
2001-04-24,0.36385035454670706,0.3701313697949285,0.35158727739425955,0.35936403274536133,377137600
2001-04-25,0.36205570119122793,0.37177702707424737,0.3524850999236955,0.3696833550930023,330780800
2001-04-26,0.376412484163829,0.3903203574584023,0.36908463111126083,0.36923453211784363,799696800
2001-04-27,0.3768613699189389,0.3931618941709131,0.3701314735151884,0.39181607961654663,453012000
2001-04-30,0.3992937132068673,0.40557475327672526,0.37192605513542554,0.381198525428772,494776800
2001-05-01,0.3800018195306341,0.39630231522720616,0.37686128676091835,0.38777855038642883,427252000
2001-05-02,0.39390975003529466,0.3992938318584716,0.3852360823467713,0.3976482152938843,368524800
2001-05-03,0.38837655123160636,0.392563895456442,0.3698324556156755,0.3732719421386719,301543200
2001-05-04,0.3625046612742387,0.38658191938135095,0.35831731637883557,0.38508617877960205,281052800
2001-05-07,0.38314237095056186,0.38523604306297965,0.37147724838062374,0.3732719421386719,276550400
2001-05-08,0.3791050213183115,0.38059988850069604,0.35816827006639457,0.3674398958683014,315436800
2001-05-09,0.36100900331355,0.36714094425128146,0.3539809506578532,0.35861635208129883,324889600
2001-05-10,0.36205570934531806,0.3663929543891984,0.34321263613119685,0.3439604938030243,288976800
2001-05-11,0.344110610319696,0.3512885659278317,0.3403721432508115,0.3417179584503174,203044800
2001-05-14,0.3423157657220059,0.35412994245069324,0.34022209329839165,0.3482978045940399,309220800
2001-05-15,0.3494937510959125,0.38134774482207784,0.34455937160304106,0.3466530442237854,237025600
2001-05-16,0.3478489287033648,0.3663930272634698,0.34171781238579796,0.36041098833084106,322330400
2001-05-17,0.36235555626150795,0.36385044815877327,0.34769985024501276,0.3521861732006073,332119200
2001-05-18,0.349344649246953,0.3535320191539037,0.34575526111061283,0.35188722610473633,159051200
2001-05-21,0.3533819909444798,0.3575693596400429,0.3447083251508886,0.3523351550102234,460997600
2001-05-22,0.3589152799823823,0.3608599001755492,0.34994263259316,0.35143837332725525,412916000
2001-05-23,0.3551766503116924,0.3551766503116924,0.34186676276682576,0.34739992022514343,281041600
2001-05-24,0.3482978059354555,0.3484468833194577,0.3382783231929852,0.34695199131965637,271756800
2001-05-25,0.3469519311128394,0.34829774549509845,0.3364835707710328,0.3403719365596771,158743200
2001-05-29,0.33379113455131404,0.33648358707813,0.3112095950844483,0.3210799992084503,515989600
2001-05-30,0.3104617825826224,0.3104617825826224,0.2886280976579026,0.29580605030059814,777078400
2001-05-31,0.2961049433785154,0.30268578590310363,0.29146954397153996,0.2983485162258148,442892800
2001-06-01,0.3010401006508898,0.31539684828713466,0.2987973767223025,0.3124062418937683,456075200
2001-06-04,0.315247922594211,0.31569597840817426,0.3059754734148031,0.30896690487861633,281920800
2001-06-05,0.3110605186029557,0.31554684131792626,0.30433062271457223,0.3131541907787323,471794400
2001-06-06,0.3130042588180306,0.3130042588180306,0.3040316142756831,0.31001365184783936,223176800
2001-06-07,0.30971380102128265,0.32451940344899705,0.30582625966287075,0.32392147183418274,325180800
2001-06-08,0.3237715622276822,0.3237715622276822,0.30971381662426484,0.31883636116981506,342624800
2001-06-11,0.3147988428921666,0.3150978211219537,0.2983484262434454,0.2996942400932312,294000000
2001-06-12,0.29565698618363817,0.30941496023284815,0.29550708515786583,0.3037327229976654,303794400
2001-06-13,0.32033216993672486,0.3249684190064721,0.29999337819863414,0.30612534284591675,511487200
2001-06-14,0.2996944502061637,0.3058264158845983,0.29565700582619225,0.2973017990589142,297348800
2001-06-15,0.30059218044008457,0.3103126843290836,0.28937593603056816,0.3056764602661133,454624800
2001-06-18,0.30522758364846386,0.31180757909633966,0.29909646759964825,0.3040316700935364,345912000
2001-06-19,0.31180757868395415,0.3200331907068637,0.2992455196237372,0.301937997341156,321087200
2001-06-20,0.29909649291962304,0.3267631402089667,0.2987975145055812,0.32407066226005554,431620000
2001-06-21,0.32227603262782467,0.3439606450792084,0.3155469578854801,0.3363338112831116,341331200
2001-06-22,0.33618452507339425,0.34396043146108296,0.32541633995040203,0.33289411664009094,286025600
2001-06-25,0.3364836339500234,0.3589152505858435,0.3357357761235015,0.35876619815826416,439549600
2001-06-26,0.3490454846996671,0.3554755760802253,0.34411028455206816,0.3551765978336334,272781600
2001-06-27,0.35637348169219873,0.3589151845175972,0.3364835720109345,0.34904560446739197,374130400
2001-06-28,0.34470838490658595,0.35756942162521954,0.34306359204812276,0.3520362377166748,348409600
2001-06-29,0.35383108797728374,0.37536577503431434,0.34695208702621694,0.34769997000694275,515390400
2001-07-02,0.35353192991603427,0.3623554970106537,0.34605415216630303,0.35742029547691345,230048000
2001-07-03,0.3515874166978938,0.3616077487357017,0.35143836426195124,0.3565226197242737,112543200
2001-07-05,0.3529340200958551,0.35547572310033637,0.34411042687164134,0.3468020558357239,152292000
2001-07-06,0.34037196046693674,0.34336256778958923,0.32481847126136404,0.3294547200202942,302920800
2001-07-09,0.3303515716547582,0.3439604636030125,0.3242204570949655,0.3394741415977478,337467200
2001-07-10,0.3432126237907561,0.3450073174122531,0.3116584421855116,0.31614476442337036,395270400
2001-07-11,0.31450001156586727,0.337231452552475,0.3140511321957707,0.33708155155181885,470506400
2001-07-12,0.34844674500622363,0.37102910196536876,0.34844674500622363,0.3642992079257965,614801600
2001-07-13,0.36085981297452624,0.3740198024495729,0.35652254276779477,0.37162715196609497,454742400
2001-07-16,0.3720760565282125,0.3753656423039554,0.3575694280184081,0.3583172857761383,278667200
2001-07-17,0.35861620949065576,0.3771602787073473,0.34411038186525655,0.37536558508872986,647830400
2001-07-18,0.32571630572387644,0.34067099193165923,0.30537751217938686,0.3109106719493866,1137012800
2001-07-19,0.3174906399015444,0.32033217004707004,0.2953580027796416,0.2984985113143921,861140000
2001-07-20,0.29461014794660745,0.2999934067265755,0.29146963911429136,0.29879751801490784,444584000
2001-07-23,0.3004421289360246,0.3065732423672313,0.29176846483822266,0.29221734404563904,241360000
2001-07-24,0.28997385508613843,0.2978996639962539,0.2801034514720032,0.2854875326156616,348376000
2001-07-25,0.28593630480959387,0.28862793255694313,0.26873803046538425,0.27621495723724365,443878400
2001-07-26,0.27636497480257066,0.28115027541442106,0.2669434259715782,0.2780097424983978,369140800
2001-07-27,0.28040239810447903,0.28788017608818156,0.2766639334077925,0.2835429310798645,334135200
2001-07-30,0.2859363525151705,0.28952491556651766,0.27681380848103687,0.2830948233604431,243359200
2001-07-31,0.2881792531316299,0.2904228268971567,0.276813954163016,0.2810012996196747,235026400
2001-08-01,0.2842907923606529,0.29580598856885226,0.2833938573294871,0.28503865003585815,304136000
2001-08-02,0.29386226185056363,0.2971518477595698,0.2880301241886525,0.2964048385620117,252089600
2001-08-03,0.29745163057757534,0.29760068297535325,0.28414171568484403,0.2916186451911926,186054400
2001-08-06,0.284739761034094,0.2940113871258084,0.28414180415903095,0.2860855758190155,99652000
2001-08-07,0.28907691928338863,0.2941611984347219,0.2838427391429832,0.28788018226623535,168548800
2001-08-08,0.2880300814816067,0.2946100759559096,0.2772618943304227,0.2826460003852844,276169600
2001-08-09,0.28354302978015616,0.2863845604462089,0.27995446482015857,0.28488966822624207,200664800
2001-08-10,0.2847397044198801,0.2889270489768788,0.27800978324276254,0.2844407260417938,186961600
2001-08-13,0.28563660997331836,0.2890769200447672,0.280552330808594,0.2854875326156616,147996800
2001-08-14,0.28713237986112455,0.28952503072423874,0.27920656944606503,0.28010350465774536,228950400
2001-08-15,0.28055245039845683,0.28324408030173015,0.2721777336233571,0.27576714754104614,289279200
2001-08-16,0.27322456980395693,0.2804025240822843,0.26873824542598224,0.2789076566696167,288092000
2001-08-17,0.2691870038424042,0.2759160499833376,0.2690370779120065,0.2702338397502899,208426400
2001-08-20,0.2712806618479326,0.2726264759993145,0.2663454359132158,0.2709808349609375,252302400
2001-08-21,0.2712807555439545,0.2712807555439545,0.26469991125647807,0.2679903209209442,185701600
2001-08-22,0.2682892799596283,0.27292552886426363,0.26335407763506097,0.27232757210731506,173975200
2001-08-23,0.2721776686915073,0.2742713411461693,0.2629060436631318,0.2663455307483673,217078400
2001-08-24,0.2691871166347098,0.278458742718732,0.2639529099435552,0.277710884809494,290332000
2001-08-27,0.27815964723411823,0.2886280062943321,0.271579653486514,0.2829449474811554,175644000
2001-08-28,0.2826459574273188,0.2862353442793337,0.27516818046569824,0.27516818046569824,171735200
2001-08-29,0.27576701855248215,0.28159915515901046,0.2666444480419159,0.2666444480419159,239971200
2001-08-30,0.26529863371977674,0.27187862797899925,0.2584188374940557,0.2666444480419159,368692800
2001-08-31,0.26514873970903985,0.2781596761766938,0.2639528263387015,0.2774118185043335,216904800
2001-09-04,0.2766640567150134,0.2853377519242011,0.27187875387993565,0.27292561531066895,348213600
2001-09-05,0.27277557015623877,0.2833938562514184,0.27098087646893354,0.2774118185043335,360057600
2001-09-06,0.2751682158723341,0.28309487311832027,0.2639528218721086,0.264999657869339,282368800
2001-09-07,0.2617092672585517,0.2706819125411048,0.2572229446172752,0.25841885805130005,241830400
2001-09-10,0.2542315274495904,0.2617093070346699,0.25303563879234797,0.25976553559303284,308845600
2001-09-17,0.23927678203386282,0.25527832484456503,0.2352393391415781,0.25408241152763367,458007200
2001-09-18,0.25273664496117215,0.2649997005662424,0.24181937894915312,0.2434641718864441,327101600
2001-09-19,0.2467546784874995,0.2557273272091264,0.23329485681435166,0.2545314133167267,373318400
2001-09-20,0.24361402779559682,0.253484455814431,0.23179985377215853,0.2344914823770523,411174400
2001-09-21,0.22133156587971542,0.24301617495927602,0.21953684672488788,0.2352394163608551,570516800
2001-09-24,0.24092235976425266,0.25183877337843497,0.23852888624962962,0.24600663781166077,294537600
2001-09-25,0.24137053141335726,0.24256726874601964,0.2295563536434269,0.2323978841304779,374404800
2001-09-26,0.23643520672657803,0.23763194344379432,0.22327519603667378,0.2265656292438507,493796800
2001-09-27,0.22806047799118828,0.23553825368246395,0.22731346914482944,0.2319488674402237,322240800
2001-09-28,0.23494029718593654,0.2379309033001115,0.23015417431910357,0.2319488674402237,365108800
2001-10-01,0.2316500262515671,0.23912778140865004,0.227761659460446,0.2323978841304779,208208000
2001-10-02,0.2307530446262463,0.23673508282393504,0.22252740828393566,0.22506998479366302,235883200
2001-10-03,0.223574273838513,0.22970623880124547,0.2217795797795304,0.22402317821979523,683043200
2001-10-04,0.2295562630711976,0.24301607727547114,0.22417300627826295,0.23748207092285156,401122400
2001-10-05,0.2303041807229804,0.24152040014260923,0.22417306474708693,0.24137049913406372,342686400
2001-10-08,0.23284656670913403,0.24451083358816803,0.23179973129017822,0.24226808547973633,207984000
2001-10-09,0.24002459447284677,0.2422681669672385,0.23374357984647698,0.2392767369747162,174025600
2001-10-10,0.24077243634741113,0.2519886757868771,0.23852886399860335,0.25153979659080505,307759200
2001-10-11,0.2530355812048237,0.26529863476753235,0.25198874521327275,0.26529863476753235,334163200
2001-10-12,0.25886774344195035,0.27038294048811085,0.25213782254862777,0.26933610439300537,287812000
2001-10-15,0.26843914102450933,0.27486923428473264,0.26843914102450933,0.2690370976924896,318752000
2001-10-16,0.2705328414867806,0.27217763431284325,0.26574671674354056,0.26933610439300537,202949600
2001-10-17,0.2742712732525793,0.2753181341793129,0.2536335322179039,0.25408241152763367,285538400
2001-10-18,0.2585689187705478,0.2726267006855931,0.2585689187705478,0.26918721199035645,612572800
2001-10-19,0.26828927873941677,0.2751682523087289,0.2673923436080733,0.2736733853816986,166790400
2001-10-22,0.27232757175387473,0.28518858380295725,0.27053285289491935,0.2844407260417938,391938400
2001-10-23,0.2859363160374465,0.29042263700302673,0.26724232615220805,0.2712806165218353,684980800
2001-10-24,0.2700840300912747,0.2854876219873476,0.26544780517996414,0.2833939492702484,374427200
2001-10-25,0.27576706207685836,0.2878802165197085,0.2715797174663021,0.28698328137397766,254951200
2001-10-26,0.28204813439969967,0.28788027307241126,0.2784587458478458,0.27920660376548767,278964000
2001-10-29,0.27771078185356096,0.27920649711752926,0.2632049544561407,0.2636530101299286,239181600
2001-10-30,0.25991446477701247,0.2691869331306211,0.2551291657784865,0.2632048726081848,276763200
2001-10-31,0.2651487851538257,0.27516826769077346,0.26081236299541793,0.2626062333583832,273750400
2001-11-01,0.2639528189971154,0.2808512970801523,0.257970781416415,0.2780097424983978,312995200
2001-11-02,0.2769630019417088,0.28204813123025096,0.27157976776503623,0.277710884809494,197204000
2001-11-05,0.28174903981746036,0.2878801544034687,0.2783087051295093,0.2851885259151459,235793600
2001-11-06,0.2835430223279674,0.2934134288807165,0.2771129268709153,0.29266557097435,316019200
2001-11-07,0.2910207466272499,0.30104022951019166,0.2890769751842789,0.29296451807022095,382989600
2001-11-08,0.29356323730088435,0.2974516279665866,0.2777107961304191,0.2798044681549072,342143200
2001-11-09,0.27815967545903675,0.2878801779110464,0.2774118177886059,0.2798044681549072,134293600
2001-11-12,0.2790566621091312,0.28668349394759407,0.2685882750915309,0.28040245175361633,201499200
2001-11-13,0.2853376623430168,0.28997388630205373,0.2798045032460527,0.28967490792274475,224672000
2001-11-14,0.2929644380722198,0.29760066115050765,0.2863844440817345,0.293264240026474,221149600
2001-11-15,0.2908708155155182,0.2976007116245425,0.2875812297782225,0.2908708155155182,213029600
2001-11-16,0.2881792197453487,0.2884781981530337,0.27516828044465497,0.2836928963661194,230664000
2001-11-19,0.284141783728828,0.2998443527691876,0.2835430032647588,0.2990964949131012,332589600
2001-11-20,0.2964048583413978,0.30208707041356997,0.2916187079464858,0.29206758737564087,276584000
2001-11-21,0.29326429984910385,0.2961050063083087,0.28803011905807835,0.29431113600730896,201583200
2001-11-23,0.29475924993814084,0.2983486385123369,0.29266557720853864,0.29670384526252747,60004000
2001-11-26,0.29819868227886803,0.32227593917117264,0.297301747117377,0.31958431005477905,460689600
2001-11-27,0.31704175878360275,0.321827883881042,0.30657337209928903,0.31405115127563477,268553600
2001-11-28,0.31180751442693233,0.31719159520321316,0.30522752034375844,0.30702221393585205,250611200
2001-11-29,0.3080691726170601,0.3095648884782608,0.30193805539746893,0.3053775429725647,202764800
2001-11-30,0.3061253120026829,0.32063111602110056,0.30283487783147023,0.3185374438762665,303912000
2001-12-03,0.31494796886653204,0.31823837716569775,0.30806899762382056,0.31479889154434204,181165600
2001-12-04,0.31479898943309104,0.337380529383017,0.30986378726551705,0.3349878787994385,380419200
2001-12-05,0.33438985031000834,0.35936403548469187,0.33154832096676884,0.3553265929222107,568579200
2001-12-06,0.3511392372774438,0.35143821557193966,0.3310994302710306,0.3406708538532257,338934400
2001-12-07,0.33588481444218515,0.3396241031398706,0.3290058160908972,0.33708155155181885,203515200
2001-12-10,0.3333430864860052,0.3438114475757809,0.332445327745812,0.33708155155181885,170010400
2001-12-11,0.33902532458189716,0.3417177771850016,0.32377163727722663,0.3257162570953369,205475200
2001-12-12,0.3270620304943066,0.32780988814389406,0.31778955903901046,0.3213789463043213,192460800
2001-12-13,0.3213790044836742,0.32227593964648804,0.30657337209928903,0.31405115127563477,197842400
2001-12-14,0.31001367391844553,0.3115085656940792,0.300442223436688,0.30492857098579407,189884800
2001-12-17,0.30507844199531875,0.3140510862945938,0.30193793412739733,0.3083680272102356,173712000
2001-12-18,0.31240627407672916,0.3189862677252741,0.3023859458601884,0.3142009675502777,235239200
2001-12-19,0.3077700747999116,0.3242204719964413,0.30612528216978746,0.32332271337509155,289956800
2001-12-20,0.3200332181823271,0.3210800544473395,0.3083681182441915,0.3091159760951996,220864000
2001-12-21,0.31420105228539796,0.3221268622686466,0.3110605437676668,0.31405115127563477,256334400
2001-12-24,0.31255552875443215,0.32078114320599793,0.31255552875443215,0.31943532824516296,50629600
2001-12-26,0.31928527433818543,0.3334921237435681,0.3161447663889816,0.3213789463043213,146400800
2001-12-27,0.32272491273207754,0.3327443979691735,0.32272491273207754,0.33005279302597046,191508800
2001-12-28,0.3285569685322876,0.343960558247456,0.3284079161076133,0.33543679118156433,299124000
2001-12-31,0.33663272118467336,0.3388762947298771,0.32646331202545603,0.32751014828681946,137782400
2002-01-02,0.32975378175133935,0.34844693541526794,0.32840796693432933,0.34844693541526794,529496800
2002-01-03,0.34396049521906724,0.3551767130790604,0.34052100881993874,0.35263416171073914,612007200
2002-01-04,0.3490456696294252,0.35816824228418714,0.3438114884620848,0.35427987575531006,409976000
2002-01-07,0.354727839766826,0.35891518391191213,0.3402220362492694,0.3424656093120575,444584000
2002-01-08,0.340222030160762,0.3447083525742379,0.3358847851030488,0.33812835812568665,450038400
2002-01-09,0.3409700328510452,0.34291380472525296,0.3182385841822155,0.32377174496650696,327835200
2002-01-10,0.3173415003483123,0.3209300639478539,0.3028348491151065,0.3174905776977539,452737600
2002-01-11,0.3198831694994735,0.3266130634199949,0.30806899762382056,0.31479889154434204,348801600
2002-01-14,0.31420099812075136,0.32003313475345246,0.3125553818247287,0.31629467010498047,415996000
2002-01-15,0.31883642546120905,0.3254164203212855,0.31719163265415273,0.32451948523521423,290320800
2002-01-16,0.320182292564347,0.320182292564347,0.3065733962885335,0.3107607662677765,566893600
2002-01-17,0.3284078595092737,0.34007213319592816,0.3270620451324912,0.3361845910549164,660576000
2002-01-18,0.3290058753725935,0.3379785475585714,0.3284079434845162,0.33154845237731934,338811200
2002-01-22,0.33304410689091873,0.3345389987326198,0.32631421089172363,0.32631421089172363,327314400
2002-01-23,0.326015231061639,0.34455930250240474,0.3228746978018034,0.34425950050354004,443279200
2002-01-24,0.3426146511012672,0.3515872951572777,0.3424655737583135,0.34710097312927246,344002400
2002-01-25,0.3423158614680426,0.35024167396516664,0.3388763734717847,0.34769997000694275,185914400
2002-01-28,0.3499425691436766,0.3521861673587504,0.3397731862514597,0.34799879789352417,186446400
2002-01-29,0.3472509031970509,0.3520362039436108,0.3417177447778788,0.3450073301792145,240324000
2002-01-30,0.3450073758047309,0.3610089214515411,0.3430636045043237,0.3602618873119354,471576000
2002-01-31,0.36130866716802207,0.369832432444932,0.36056080951303765,0.3696833550930023,468445600
2002-02-01,0.3640003504653064,0.37327197478908325,0.3640003504653064,0.3650471866130829,398305600
2002-02-04,0.3637013254609922,0.38164661504705083,0.361906631776027,0.3791049122810364,522373600
2002-02-05,0.3752165390980079,0.3885264545112245,0.3750666381040258,0.3805997967720032,456887200
2002-02-06,0.3828435213474995,0.3885265828872425,0.36115891027034885,0.36893564462661743,597576000
2002-02-07,0.3686365772187995,0.37820717999515985,0.3601119869661893,0.363402396440506,347832800
2002-02-08,0.3648971904214106,0.3684865773151621,0.3494936056448524,0.35936403274536133,355331200
2002-02-11,0.3578682676475378,0.37387065650171175,0.3550275871145863,0.37357082962989807,398602400
2002-02-12,0.3687855917659153,0.37446865096612525,0.3656450838339732,0.3695334494113922,224280000
2002-02-13,0.36983248684061815,0.37745931823238316,0.3686365733221686,0.3740198314189911,312872000
2002-02-14,0.3746177004822827,0.3773101774908421,0.36459822076722365,0.3678886294364929,260170400
2002-02-15,0.3668418192326637,0.3735708907497962,0.3566724378346177,0.35742029547691345,260187200
2002-02-19,0.35532658101776254,0.3569713734549615,0.3361845325074293,0.338278204202652,390258400
2002-02-20,0.34052098483547966,0.34695190148127425,0.33423996916682835,0.345905065536499,285443200
2002-02-21,0.3427645168720613,0.34396043001978,0.3207809396919279,0.321528822183609,446751200
2002-02-22,0.3239216145840463,0.34321272344497067,0.32152896360458316,0.3400722146034241,406476000
2002-02-25,0.34171776051371777,0.3696833808303959,0.33438990806919433,0.3560745120048523,426848800
2002-02-26,0.35756928273760186,0.36444907713431657,0.34769970578850184,0.3539807200431824,260131200
2002-02-27,0.35801826547396326,0.3626544888498341,0.313154168033868,0.3284078538417816,1030159200
2002-02-28,0.33124940605076914,0.3378294009108456,0.3192853048201703,0.32451948523521423,456937600
2002-03-01,0.32795898323051725,0.3514383071477781,0.32631421532490806,0.35069042444229126,348992000
2002-03-04,0.3478488735078903,0.36758970617489733,0.34037194375248886,0.3632524609565735,348258400
2002-03-05,0.36115885121964725,0.3653461961680533,0.3499426060590189,0.35188722610473633,274702400
2002-03-06,0.3511393021187299,0.36400031294695584,0.34291366620012004,0.3599620461463928,226206400
2002-03-07,0.359813061545381,0.3668419372868205,0.3530831392721754,0.3645983636379242,258249600
2002-03-08,0.3699824165836649,0.3752165977131806,0.3634024208254114,0.36878567934036255,269774400
2002-03-11,0.3678886294728854,0.3759643633188755,0.36041087720473747,0.37476760149002075,262785600
2002-03-12,0.3665428471211347,0.36998233342864034,0.3604109085293293,0.3696833550930023,254055200
2002-03-13,0.3644493425771677,0.3716272968255514,0.3611589321098937,0.3662432134151459,200765600
2002-03-14,0.3634022736547678,0.36788859514434463,0.3569713578863418,0.3653460443019867,217296800
2002-03-15,0.36579493075686775,0.3732718588431246,0.3626544232890447,0.37312278151512146,240900800
2002-03-18,0.3731229000614466,0.37461779197465805,0.36370137466462815,0.36998239159584045,304556000
2002-03-19,0.36923450148261705,0.3783570726563044,0.3634023644521498,0.37162715196609497,242345600
2002-03-20,0.3687855929500585,0.3759643924228113,0.3663929426559107,0.37267395853996277,294319200
2002-03-21,0.35682160799517487,0.3634024529252312,0.3478489605897146,0.3629535734653473,616352800
2002-03-22,0.36220565861234266,0.3672899383739587,0.35697147784366134,0.3602618873119354,202193600
2002-03-25,0.359961977740141,0.3602617796646899,0.3475498236526155,0.34919461607933044,262830400
2002-03-26,0.3469519392851281,0.35353195895181944,0.3439605084702571,0.35084033012390137,257840800
2002-03-27,0.3491946185319229,0.35472777606836714,0.3478488043886437,0.35098931193351746,127702400
2002-03-28,0.3544287506517296,0.35712122717052264,0.3508402129158421,0.3539807200431824,108455200
2002-04-01,0.3496435709671992,0.3693835802113309,0.3481478555475542,0.3657950162887573,199046400
2002-04-02,0.35891518514797616,0.3634023562475455,0.3569714390175239,0.3599620461463928,203795200
2002-04-03,0.35966294375410923,0.36624293607373004,0.35293387412695915,0.3551765978336334,214530400
2002-04-04,0.35398084156400944,0.3746177609440902,0.35398084156400944,0.3723750114440918,338497600
2002-04-05,0.3731229000614466,0.3767114642850622,0.36041096519174676,0.36998239159584045,278348000
2002-04-08,0.36130877443464837,0.36908468436511344,0.35562571347498206,0.3672899901866913,261514400
2002-04-09,0.3677388418877181,0.3738708067957902,0.3590651737065928,0.36041098833084106,191531200
2002-04-10,0.3620557825647099,0.37312292526137436,0.3590651749043996,0.36878567934036255,224980000
2002-04-11,0.3743187255133956,0.3768612766154453,0.3701313818778853,0.3717769980430603,407254400
2002-04-12,0.37401974390003523,0.37641239400896465,0.3674397501925527,0.37476760149002075,320241600
2002-04-15,0.37476764046378097,0.37611345481302927,0.3708792747705121,0.37387073040008545,299370400
2002-04-16,0.37611339734826765,0.3886754524895453,0.37566451808983636,0.38493698835372925,614577600
2002-04-17,0.3877786076277208,0.3913671716332613,0.3795529713027963,0.3904702365398407,396250400
2002-04-18,0.3813476622653783,0.3816466406276126,0.37207603850870674,0.38000187277793884,401710400
2002-04-19,0.38119850711283054,0.38119850711283054,0.37282379574158914,0.37357082962989807,375407200
2002-04-22,0.37147731301661374,0.37282395129333373,0.3623555889097796,0.3668419122695923,269427200
2002-04-23,0.3669909589401873,0.3705803467804003,0.3602618862796687,0.36265453696250916,233469600
2002-04-24,0.3634023818712566,0.366392989210995,0.35412990925896265,0.3554757237434387,140448000
2002-04-25,0.35233516319493474,0.3640002846769094,0.3521861108061069,0.36070987582206726,194202400
2002-04-26,0.3631025503131432,0.3644491883198824,0.34396049849550503,0.3441103994846344,304981600
2002-04-29,0.3463531839576961,0.35981300129159877,0.34530634782325215,0.3583172857761383,272288800
2002-04-30,0.3572705124136054,0.36459836664220646,0.3551768148183157,0.3629535734653473,280963200
2002-05-01,0.3632525771368382,0.3632525771368382,0.34934470064376555,0.35861635208129883,214704000
2002-05-02,0.356074569817251,0.36400038026151793,0.3529340611168468,0.35427987575531006,239344000
2002-05-03,0.3524850491979366,0.35921494349252603,0.3503913525594545,0.3515872657299042,230781600
2002-05-06,0.34919464128476124,0.35143823904939486,0.3358847526847167,0.338726282119751,249664800
2002-05-07,0.34306355913774106,0.3432126364931855,0.33109948363947767,0.3360346853733063,242748800
2002-05-08,0.3469519148411236,0.36669192253336264,0.34455926453689695,0.3644491732120514,436682400
2002-05-09,0.36265447081050234,0.36414936244465324,0.35592457574568315,0.36175671219825745,224616000
2002-05-10,0.3632524301334588,0.3632524301334588,0.3436615001219174,0.3487466275691986,235396000
2002-05-13,0.3517372670868,0.360261882160401,0.34306359959871463,0.35801830887794495,265608000
2002-05-14,0.3656451696549124,0.38403934225023967,0.3622056825838477,0.3829925060272217,526506400
2002-05-15,0.379403950076156,0.388526497285692,0.37147729146425645,0.37805813550949097,335826400
2002-05-16,0.37476764156027687,0.3805997783013475,0.37013141818568474,0.377011239528656,227052000
2002-05-17,0.3811986320158298,0.3855350539680591,0.36803779293104405,0.3740198314189911,236493600
2002-05-20,0.36743983989551887,0.37282392167880435,0.3668418831302343,0.36998239159584045,269914400
2002-05-21,0.371328171952072,0.3738707483768863,0.3499425464681668,0.35084033012390137,280991200
2002-05-22,0.3494936980171335,0.36444923110853267,0.34874668883774784,0.36370137333869934,290875200
2002-05-23,0.3656451458138327,0.37745932189872416,0.3599620856502973,0.3765623867511749,369398400
2002-05-24,0.3737208208575715,0.3737208208575715,0.3583172583947153,0.3611587882041931,166174400
2002-05-28,0.35427992910787287,0.36190676229570273,0.3503915370348813,0.35861635208129883,149716000
2002-05-29,0.3577194167312398,0.36549615096012633,0.350690515484901,0.35861635208129883,221793600
2002-05-30,0.3554755590087959,0.36459812639217476,0.35158719472677075,0.361906498670578,196375200
2002-05-31,0.36026196254640375,0.36265461373576363,0.34814795697060785,0.34844693541526794,365495200
2002-06-03,0.34979351068073083,0.35069042083015683,0.337679508157463,0.34261471033096313,235110400
2002-06-04,0.34216574532570515,0.3445592189450029,0.3316973619014871,0.3406708538532257,347821600
2002-06-05,0.3414188844086434,0.3414188844086434,0.3342401071764598,0.3397732675075531,277082400
2002-06-06,0.34336256349580396,0.3474000068756768,0.32960376830862625,0.33139848709106445,259996800
2002-06-07,0.32541632970641077,0.32810880643712564,0.31300420116350297,0.32003307342529297,612376800
2002-06-10,0.32122907042503357,0.3266131517437538,0.31913539829528187,0.32122907042503357,277575200
2002-06-11,0.3236225994989691,0.32451950969409915,0.3052275793869559,0.30597543716430664,349496000
2002-06-12,0.3052275143335866,0.3103126166830145,0.29819861612431736,0.3004421889781952,528718400
2002-06-13,0.2993952932064352,0.2998441973723841,0.28982387069380044,0.29221734404563904,352083200
2002-06-14,0.2877302373497517,0.3044796112419434,0.2708317611645195,0.3005920946598053,424900000
2002-06-17,0.3026858267514782,0.3085179638570918,0.29685284105547727,0.30717214941978455,324609600
2002-06-18,0.30537759219499716,0.30792014484244434,0.2987975944300293,0.3013392984867096,353360000
2002-06-19,0.2597655272116508,0.26320501419401254,0.252437673839507,0.2560262382030487,1709467200
2002-06-20,0.2567739825638168,0.2632048979119267,0.25198868310524625,0.2558770477771759,396636800
2002-06-21,0.2537833723474436,0.26155927793831096,0.251090895807877,0.2519886791706085,445177600
2002-06-24,0.25079197926874014,0.26514872954350005,0.2497451432939299,0.2582697570323944,431933600
2002-06-25,0.2602135512139152,0.26440089548670426,0.25213781606759,0.2563251852989197,301201600
2002-06-26,0.251240865793751,0.25856871709982887,0.2389777883347992,0.247502401471138,558952800
2002-06-27,0.25109104440657865,0.25826984632095257,0.2455578842884918,0.255129337310791,251658400
2002-06-28,0.255727211247136,0.26649454955696544,0.2542314709691868,0.264999657869339,269858400
2002-07-01,0.26484984277575996,0.2673923949169529,0.2549794362775234,0.255129337310791,222689600
2002-07-02,0.2546804562192281,0.2566250514790539,0.2516898482614019,0.253334641456604,305188800
2002-07-03,0.2513907860591129,0.2644008735172221,0.25049300246995027,0.26245710253715515,199029600
2002-07-05,0.26484982008421865,0.2804024627692548,0.26484982008421865,0.28025341033935547,161649600
2002-07-08,0.2769629354242225,0.2783087498848066,0.26440090228295643,0.26933610439300537,211204000
2002-07-09,0.2705328135345076,0.2735234205121558,0.2611112896520186,0.2621581256389618,226749600
2002-07-10,0.26484984450807614,0.2717288194423615,0.2579708695737908,0.2590177059173584,206880800
2002-07-11,0.2581198957580594,0.2744212431404313,0.25378347384205985,0.2736733853816986,373676800
2002-07-12,0.2774116547436914,0.28100103999942894,0.2581197135747167,0.2618589997291565,443492000
2002-07-15,0.2606625326649562,0.27815979927852913,0.25139090541441067,0.2726266384124756,295993600
2002-07-16,0.27142975197581704,0.2777107929355619,0.26335404231258286,0.26709333062171936,446768000
2002-07-17,0.24122139100392967,0.24226822703454087,0.2271636432694905,0.23374363780021667,1215485600
2002-07-18,0.23179990067863332,0.23269683585117823,0.22058368104620307,0.22417306900024414,559462400
2002-07-19,0.21983573660353622,0.2268646344862994,0.21729318554692875,0.2237241268157959,385207200
2002-07-22,0.22058363666205638,0.22716363083253524,0.21848993975692182,0.22312618792057037,430897600
2002-07-23,0.22282641153345392,0.2262667471545612,0.21594743747223094,0.21639631688594818,399890400
2002-07-24,0.21430262547955675,0.22761254159966138,0.21310588835964644,0.2273135632276535,406593600
2002-07-25,0.22327523192438742,0.22357421024384677,0.20951728743885256,0.2147514671087265,479354400
2002-07-26,0.21624639429282566,0.21729323039907406,0.20637681359953325,0.21445170044898987,207704000
2002-07-29,0.21654539104687975,0.2258178643805237,0.21490059806366113,0.22462110221385956,274960000
2002-07-30,0.22207936762390504,0.23194894776043673,0.2177420974847778,0.23075303435325623,354838400
2002-07-31,0.23030407589039012,0.23060305413947346,0.22282630017861388,0.22821040451526642,310699200
2002-08-01,0.22596686663431362,0.23060311475107673,0.22028465610367168,0.22133149206638336,228956000
2002-08-02,0.22043371664340783,0.22432208231035633,0.21310586463348605,0.21609729528427124,179060000
2002-08-05,0.21699426608558037,0.21983579621971633,0.20891855508117363,0.20921753346920013,204024800
2002-08-06,0.21250794658115213,0.2277616350094632,0.21056417521027462,0.22043375670909882,272053600
2002-08-07,0.22566793299872004,0.22970622525990744,0.21460161452465729,0.22477102279663086,333474400
2002-08-08,0.22088261344555568,0.23000518479998816,0.22088261344555568,0.2288084477186203,227348800
2002-08-09,0.22806049981708143,0.22806049981708143,0.2205835969588505,0.22432203590869904,205716000
2002-08-12,0.22282640583498733,0.22462109981200787,0.2196858972831841,0.22417306900024414,179765600
2002-08-13,0.22282645905682372,0.22746270926070541,0.21759227688697344,0.21819105744361877,269869600
2002-08-14,0.21938682991727557,0.22955623419998622,0.2174430593491166,0.22686460614204407,399084000
2002-08-15,0.2280606275550005,0.23553840815025887,0.22447208754943906,0.23344473540782928,322078400
2002-08-16,0.23105189039346113,0.24077238802428164,0.22850934030141376,0.2364351451396942,245224000
2002-08-19,0.23598728613057354,0.243016187198545,0.23508952717120257,0.23897789418697357,216557600
2002-08-20,0.23882872702579383,0.24062259700622254,0.2322479092371688,0.23793096840381622,186625600
2002-08-21,0.23942661089535658,0.24286609609314944,0.2310519256723782,0.2410714030265808,202428800
2002-08-22,0.24226825013256112,0.24301613284595677,0.23419253946478655,0.23882876336574554,258311200
2002-08-23,0.23778196844158933,0.23823002426663611,0.2310520711135429,0.2352394163608551,163245600
2002-08-26,0.23852913388484356,0.23852913388484356,0.22671494952956806,0.23224811255931854,189968800
2002-08-27,0.23494039305954337,0.23538844879901089,0.21998570912294074,0.22207938134670258,262231200
2002-08-28,0.22133152848630183,0.2261168297798992,0.21908793025344653,0.2198357880115509,247973600
2002-08-29,0.21908793025344653,0.22551887302617257,0.21699425798351116,0.2198357880115509,164169600
2002-08-30,0.22028466914418202,0.22641578430369289,0.21804107114769142,0.22058364748954773,193519200
2002-09-03,0.2166952635248264,0.2175921985888512,0.21011526882648468,0.21011526882648468,276936800
2002-09-04,0.2123579995399029,0.22103251417674838,0.2119099438633933,0.21654534339904785,420660800
2002-09-05,0.21265777139728803,0.2147514430304922,0.2101152205193568,0.21205899119377136,226178400
2002-09-06,0.21699421488642637,0.2190878867405389,0.21280687117820135,0.21505044400691986,181591200
2002-09-09,0.2135547685337758,0.2172932336457003,0.211610997292502,0.21490058302879333,158244800
2002-09-10,0.21549851277274693,0.21669524974718835,0.21116209145792655,0.21430259943008423,249468800
2002-09-11,0.21445169462027236,0.21834006057092062,0.21161098837926712,0.2137046605348587,202412000
2002-09-12,0.2123580171600679,0.21699424071216614,0.21116210374780167,0.21146108210086823,269830400
2002-09-13,0.21131116947451709,0.21445167745655272,0.21011525612809281,0.2119099497795105,282951200
2002-09-16,0.2114611075107229,0.21848998236379272,0.21116212912173013,0.21684521436691284,286641600
2002-09-17,0.2178920058505817,0.22477097828218504,0.2178920058505817,0.22133149206638336,427996800
2002-09-18,0.21968589963226415,0.2256679384089877,0.21714417146690979,0.22462110221385956,328641600
2002-09-19,0.22058371396898474,0.22133157187369087,0.21654542105143518,0.21804113686084747,205945600
2002-09-20,0.2186390739042447,0.22342522429246262,0.2171441818624521,0.22237838804721832,352788800
2002-09-23,0.22073271827413632,0.22372417419912288,0.21609731808714508,0.22207938134670258,263709600
2002-09-24,0.21534945956560578,0.221630501172685,0.21534945956560578,0.21893887221813202,250661600
2002-09-25,0.21968591558752648,0.22686471705229333,0.2190879587560078,0.2232753038406372,254682400
2002-09-26,0.22581785140303587,0.22716366591486686,0.2175922147372378,0.2198357880115509,208644800
2002-09-27,0.21669529281941993,0.22207939978546865,0.21654539180590213,0.22013477981090546,206152800
2002-09-30,0.21534947383148018,0.21789205054435035,0.2114611075107229,0.21684521436691284,237697600
2002-10-01,0.21819109779176743,0.21834017523440077,0.20936752517888962,0.21699436008930206,342423200
2002-10-02,0.21430260010414034,0.21878892241679393,0.21086311378549863,0.2119099497795105,229348000
2002-10-03,0.2120590675601949,0.21834008472171876,0.2102643735666255,0.21385376155376434,217896000
2002-10-04,0.21475149389426407,0.21534945060776478,0.20921751158295385,0.20981629192829132,190825600
2002-10-07,0.20891853048177858,0.21250791797930493,0.20577800985012942,0.20592792332172394,244697600
2002-10-08,0.2078716047337857,0.20876936303669494,0.19979588568569046,0.20458202064037323,453644800
2002-10-09,0.2024884836056623,0.20712387211398775,0.20054387593596293,0.20323634147644043,356686400
2002-10-10,0.2038342770505515,0.21265784592018872,0.20308641925781082,0.21101222932338715,321574400
2002-10-11,0.2131059920966393,0.22103265411543183,0.2108632413989014,0.21699436008930206,294677600
2002-10-14,0.21759214157894724,0.22402308218947836,0.21594734924326095,0.22088254988193512,194404000
2002-10-15,0.22761253368291684,0.2280605644508642,0.22103253883197033,0.22671477496623993,405518400
2002-10-16,0.22222845337414665,0.22626674576748662,0.20787172491077088,0.21774213016033173,307624800
2002-10-17,0.21250794490886843,0.2150504966778006,0.2090684579678057,0.21101222932338715,469296800
2002-10-18,0.20936742091801316,0.2146016014492552,0.20832058481176477,0.21445170044898987,288299200
2002-10-21,0.21325580694651683,0.21878896636462009,0.20936744052602477,0.21774213016033173,238520800
2002-10-22,0.21639630122978454,0.2225274170352129,0.2132557928248815,0.2198357880115509,218148000
2002-10-23,0.21878897874490935,0.22402318502107538,0.21684523219919263,0.22252744436264038,209036800
2002-10-24,0.22462102357919078,0.2274625777343106,0.21759215106798618,0.21968582272529602,174748000
2002-10-25,0.2196859776852392,0.23105212744745726,0.21819108518388755,0.23060324788093567,279070400
2002-10-28,0.23254780007482148,0.23852901622569625,0.2280606275550005,0.23344473540782928,349300000
2002-10-29,0.23284665517254025,0.23748205405233935,0.22372411110845802,0.2309020608663559,259179200
2002-10-30,0.23165003963511707,0.24481003289459366,0.2315009622299371,0.23897789418697357,270676000
2002-10-31,0.23912767508317997,0.24585674573732022,0.23808083924457385,0.24032358825206757,295836800
2002-11-01,0.23837992586072748,0.24675464133372632,0.23763206797450379,0.24466094374656677,189828800
2002-11-04,0.2467545561571226,0.2599145442423026,0.24451095831436706,0.25258669257164,376818400
2002-11-05,0.2504930299065031,0.2536335631526669,0.244510991696956,0.2527366280555725,210694400
2002-11-06,0.25542822561969014,0.2590176128311201,0.2497451415150145,0.2575218975543976,216389600
2002-11-07,0.25333450618225045,0.2557271559973048,0.23643520793446235,0.2392767369747162,336179200
2002-11-08,0.23942669833763067,0.24226822809484153,0.23209884609128142,0.23688414692878723,190064000
2002-11-11,0.23538844198029898,0.23763201514014107,0.22611681824302213,0.22671477496623993,152975200
2002-11-12,0.2291073897449564,0.23987555087389817,0.22850943311503352,0.2338935136795044,223792800
2002-11-13,0.23179989923972383,0.24032366603774621,0.22850948969695647,0.23314571380615234,231739200
2002-11-14,0.2377818175591142,0.24540867028827598,0.23598712450164064,0.2437630295753479,141713600
2002-11-15,0.24271623570895873,0.24286613666934745,0.23568818683534937,0.23852889239788055,160994400
2002-11-18,0.24211830913091711,0.24226821010987964,0.23209882886125116,0.23404259979724884,164578400
2002-11-19,0.2325478199524328,0.23553842828349994,0.2244721067367584,0.22836047410964966,210952000
2002-11-20,0.22880862330474308,0.23479066603845514,0.22806074005040838,0.23224811255931854,208740000
2002-11-21,0.2377819934631696,0.24585688274810094,0.23553841957372115,0.24451106786727905,418482400
2002-11-22,0.24062266060081058,0.24376316934421632,0.23778195389847476,0.23942674696445465,227858400
2002-11-25,0.2397256984924367,0.2413704913739814,0.23494039721964013,0.23882876336574554,199427200
2002-11-26,0.2370341440912709,0.23778200208152636,0.22836047394217393,0.23045414686203003,240262400
2002-11-27,0.2332947130066461,0.23718307802439073,0.23105196402479505,0.23508940637111664,286798400
2002-11-29,0.23613633782414406,0.23748215248458923,0.23045410077248482,0.23179991543293,143432800
2002-12-02,0.23778194074646566,0.2407725483039223,0.22447204867031606,0.2270137518644333,398742400
2002-12-03,0.22731355532130793,0.22940722748442047,0.2258178398814132,0.22671477496623993,227869600
2002-12-04,0.22701372107733192,0.22716364702778657,0.21684518754039575,0.22387321293354034,325757600
2002-12-05,0.22477101502025026,0.2255188727775301,0.21729323612080106,0.21878895163536072,243398400
2002-12-06,0.21908797187104292,0.22716370906651723,0.21714420023624958,0.22357429563999176,245358400
2002-12-09,0.22342517721823024,0.22357422961647083,0.21938688551773988,0.22058364748954773,236084800
2002-12-10,0.22058367583943542,0.2310520374316791,0.22028469745564436,0.22850948572158813,308610400
2002-12-11,0.2288085089034216,0.23165003955364227,0.22551892240574586,0.23165003955364227,253500800
2002-12-12,0.23194898909346912,0.23254776953558445,0.22447205807074141,0.22716368734836578,149340800
2002-12-13,0.2264157763824445,0.22656567736578573,0.21908789950749455,0.22118157148361206,164780000
2002-12-16,0.22148057601574755,0.22581784642288474,0.21848996868117662,0.22207938134670258,251624800
2002-12-17,0.2220793953518091,0.2271636752307744,0.21923786520723915,0.22551888227462769,222661600
2002-12-18,0.22133155280392589,0.22222846307451685,0.21684522939428097,0.21789206564426422,150701600
2002-12-19,0.217293199351715,0.22312618437725967,0.21086310626457555,0.2123579978942871,347519200
2002-12-20,0.21370465519660736,0.21774209841074585,0.2060769883709202,0.21146108210086823,318096800
2002-12-23,0.21176007660148669,0.21759221401057494,0.21116211984975697,0.21669527888298035,125826400
2002-12-24,0.21594738038656391,0.21639625968162,0.21385370851861435,0.2147514671087265,39340000
2002-12-26,0.2156483992206262,0.22148053545243682,0.2135547273803123,0.21534942090511322,85422400
2002-12-27,0.2140036587791234,0.2150504949541839,0.2095173356905674,0.21026436984539032,80035200
2002-12-30,0.21056416162867037,0.21161099775283704,0.20697477387956068,0.21041426062583923,155041600
2002-12-31,0.2093673978121538,0.2147514787494721,0.20861954015710027,0.21430259943008423,200726400
2003-01-02,0.2147514730039086,0.22312618566414003,0.2146015720241969,0.22133149206638336,181428800
2003-01-03,0.22133146535448275,0.22327521110707088,0.21819093288683208,0.22282633185386658,147453600
2003-01-06,0.2247709511551821,0.23000513033704142,0.22252735356228281,0.22282633185386658,390532800
2003-01-07,0.22118159764547785,0.22432210598112062,0.2163962964574148,0.22207938134670258,342344800
2003-01-08,0.21804104415245326,0.21998566356281857,0.21594737236230122,0.21759216487407684,229644800
2003-01-09,0.21863905234482864,0.22312622388222,0.21684520703010868,0.21953681111335754,215252800
2003-01-10,0.21804110741331056,0.22163052037685763,0.21669529281941993,0.22013477981090546,175100800
2003-01-13,0.2228263951664023,0.2228263951664023,0.21475150810431917,0.21878895163536072,178942400
2003-01-14,0.2196857833723308,0.22163040231096587,0.21669517738259766,0.218489870429039,186860800
2003-01-15,0.21819093861085176,0.21983573107354065,0.2132557375911062,0.2157982885837555,371128800
2003-01-16,0.21250793028624648,0.2207327181765872,0.21250793028624648,0.2186390459537506,559070400
2003-01-17,0.21774208602813597,0.21774208602813597,0.21056413506725613,0.2108631134033203,266761600
2003-01-21,0.21250790091692826,0.21549850783686542,0.2093673930167023,0.20966637134552002,253456000
2003-01-22,0.2090684138630874,0.21161096509564722,0.2063767852825867,0.20757269859313965,215140800
2003-01-23,0.21011525612809281,0.21475147942494008,0.20861954081328118,0.2119099497795105,228256000
2003-01-24,0.21295681603850117,0.21295681603850117,0.2027874329897369,0.2063768208026886,305468800
2003-01-27,0.20458213339830356,0.21684521408093124,0.2041332539994436,0.2113112062215805,391406400
2003-01-28,0.21295685619372076,0.21968593007196882,0.21176011881978019,0.21804113686084747,286255200
2003-01-29,0.2175922430452118,0.225817880781136,0.2138537774002211,0.2232753038406372,373044000
2003-01-30,0.22402321525413388,0.2253690301128618,0.21370472729060164,0.21415278315544128,407058400
2003-01-31,0.21220891594572086,0.21759217295945743,0.2101152440777713,0.2147514671087265,341224800
2003-02-03,0.2154985354883594,0.22297631415388447,0.2146016003868168,0.21923784911632538,264784800
2003-02-04,0.21609728995227084,0.21908789689747848,0.21400361800109546,0.21834003925323486,317413600
2003-02-05,0.21998568590975875,0.22327524630893894,0.21594739429901713,0.21609729528427124,221614400
2003-02-06,0.21475145271992094,0.21819093861085176,0.21265778099225185,0.2157982885837555,179149600
2003-02-07,0.21759223288469187,0.2183400907051685,0.21041428034564597,0.21161101758480072,269701600
2003-02-10,0.2132557620109074,0.21789201022065577,0.2102643314107308,0.2146015763282776,167888000
2003-02-11,0.2168451742369486,0.21878892026310623,0.21235800337814514,0.2146015763282776,164780000
2003-02-12,0.21340486606863648,0.21834006827113053,0.21340486606863648,0.2151995599269867,228687200
2003-02-13,0.21549848438301794,0.2189388188279297,0.212956757048817,0.2174430787563324,208493600
2003-02-14,0.21849002967519326,0.22013482298677664,0.21460166251245663,0.2193869650363922,243297600
2003-02-18,0.22058373936386716,0.22880852999841322,0.2201348348844052,0.22836047410964966,290897600
2003-02-19,0.2253689670515432,0.22656570416449598,0.21953680479305757,0.22207938134670258,240368800
2003-02-20,0.22207931157745048,0.2237241039131368,0.2199856400114442,0.22088254988193512,224352800
2003-02-21,0.2216304327437269,0.22521981932947938,0.219087856984317,0.22432203590869904,157444000
2003-02-24,0.22222845069941327,0.224771027446897,0.20637683044351987,0.22043375670909882,180252800
2003-02-25,0.2195368222512113,0.22551888598647846,0.21804110664904552,0.22462110221385956,188641600
2003-02-26,0.22417306760897543,0.2246210984179586,0.21654538738745127,0.21684521436691284,217095200
2003-02-27,0.21789208455892387,0.2243221550473211,0.216994300661326,0.22222848236560822,154341600
2003-02-28,0.2222284918322271,0.22566797943697925,0.22088267699837533,0.22447209060192108,195098400
2003-03-03,0.22447201986168727,0.22671476933396253,0.21759219822965625,0.21908791363239288,203761600
2003-03-04,0.22043375936223134,0.2214805955665197,0.2159474361484164,0.21774213016033173,126414400
2003-03-05,0.21848996858461867,0.2213315235072776,0.21714415410306281,0.2186390459537506,126683200
2003-03-06,0.21804110855699316,0.2183400869536546,0.21534947935509355,0.21774213016033173,99859200
2003-03-07,0.21639629756397147,0.2199857102478521,0.21400364695770493,0.21729323267936707,200984000
2003-03-10,0.21699425527257218,0.21938690588947915,0.21385374690690392,0.21490058302879333,134573600
2003-03-11,0.21475147507027,0.21669524603468485,0.2111620878402192,0.21280688047409058,161190400
2003-03-12,0.21190993674494102,0.21519952187704683,0.2102643205471575,0.21265779435634613,222560800
2003-03-13,0.21639631442432672,0.2213315419817644,0.21190999123404375,0.22013477981090546,335445600
2003-03-14,0.2195367453292403,0.2244719711401595,0.21893881370919857,0.22103248536586761,153098400
2003-03-17,0.22267739627942226,0.22536902594712582,0.21998576661171873,0.22447209060192108,399912800
2003-03-18,0.22432203590869904,0.22566784997045203,0.2216304327437269,0.22432203590869904,229980800
2003-03-19,0.22536901483252794,0.2265657521992037,0.22118164453868897,0.22357429563999176,141316000
2003-03-20,0.22327526544708967,0.22417304913053307,0.21834006335570047,0.22297631204128265,163178400
2003-03-21,0.22566784997045203,0.22656563339123237,0.2216304327437269,0.22432203590869904,297948000
2003-03-24,0.21938690588947915,0.22133152572117673,0.21460160465566522,0.21490058302879333,161100800
2003-03-25,0.2154984930839248,0.2217795084543809,0.2149005364672252,0.21759216487407684,167697600
2003-03-26,0.2175922391321658,0.2177421401533494,0.21385377355440538,0.21549856662750244,178343200
2003-03-27,0.21415272724029494,0.21983578727739547,0.21415272724029494,0.21669527888298035,122393600
2003-03-28,0.21534948875519352,0.21863907489400786,0.21490060932463423,0.21789206564426422,145303200
2003-03-31,0.2143026119027405,0.2172932190652327,0.2099653667037088,0.21146108210086823,256659200
2003-04-01,0.2123579858146099,0.214003601961312,0.21041421499067753,0.2117600291967392,154341600
2003-04-02,0.21475147564533906,0.21968585356016665,0.2134048377066405,0.21834003925323486,171371200
2003-04-03,0.2177420967880283,0.21983576887571782,0.21460158865649406,0.21624638140201569,145712000
2003-04-04,0.21714418333258403,0.21938693322644645,0.21519958821711974,0.21549856662750244,146020000
2003-04-07,0.22207938550275816,0.22357425242354032,0.2154985417476315,0.21669527888298035,196862400
2003-04-08,0.21699423030043455,0.21908790230326933,0.21475148094413274,0.21609729528427124,128934400
2003-04-09,0.21714420451624283,0.21863909671399157,0.21146114326860302,0.21220900118350983,146725600
2003-04-10,0.21235803140938136,0.21519956140192148,0.21235803140938136,0.21490058302879333,107100000
2003-04-11,0.21011528890644524,0.21594742645954043,0.19336589791005143,0.19740334153175354,1392708800
2003-04-14,0.2050301196105095,0.20562891233221303,0.20188961195658062,0.20308636128902435,502958400
2003-04-15,0.20323633249345655,0.20338539740254083,0.1988990740081824,0.20024488866329193,303968000
2003-04-16,0.19426279929120907,0.204432180713426,0.19321595083659057,0.19800209999084473,1016176000
2003-04-17,0.19740330253221752,0.19815116015854164,0.1902253518566505,0.19620738923549652,616257600
2003-04-21,0.19635652471599058,0.19725428358607328,0.19411377480476566,0.19650642573833466,152320000
2003-04-22,0.19710433803933833,0.20368433252827942,0.19575852367021457,0.20203953981399536,300568800
2003-04-23,0.20233849123048336,0.20383421886829722,0.19979594018729468,0.20308636128902435,209680800
2003-04-24,0.20218942294765258,0.2035352371148664,0.19441268013372565,0.2009926736354828,325108000
2003-04-25,0.2012916528359738,0.2030863587567799,0.19785216691956112,0.19964686036109924,205318400
2003-04-28,0.20159059208569538,0.20876937694044914,0.20084273466062158,0.2072736620903015,636798400
2003-04-29,0.2090684562921347,0.21176008541888355,0.2030864176300855,0.21026436984539032,458236800
2003-04-30,0.20832054966288863,0.214601565240615,0.20712380027902566,0.21265779435634613,458175200
2003-05-01,0.21310585090409895,0.2151995227720485,0.20936738646325587,0.2147514671087265,342759200
2003-05-02,0.21624637263773824,0.21819096728710605,0.21445167897362455,0.21609729528427124,321182400
2003-05-05,0.22088260137064603,0.25243763308740397,0.2205836479831509,0.2406226098537445,1555708000
2003-05-06,0.24107161421449064,0.26769143298932363,0.24077263571339813,0.26170939207077026,1514492000
2003-05-07,0.25916658015653704,0.27277544195480674,0.2558769963023768,0.26395270228385925,1054379200
2003-05-08,0.2647000379868652,0.27023404870770457,0.2585689187705478,0.26918721199035645,687736000
2003-05-09,0.2741214161728817,0.2751682523087289,0.2673923436080733,0.2736733853816986,588386400
2003-05-12,0.27142976038941796,0.28025335294652626,0.2711307820417767,0.2775617241859436,419372800
2003-05-13,0.2756171902550863,0.28369292763927106,0.2684392367834465,0.27920660376548767,446796000
2003-05-14,0.2815991625641131,0.2817490635513043,0.2756170998584889,0.2774118185043335,355488000
2003-05-15,0.27815973321645465,0.2818981987130727,0.27621511318465286,0.28010350465774536,284995200
2003-05-16,0.27800977791550113,0.28429081958918334,0.27337440265468677,0.28115031123161316,341628000
2003-05-19,0.27711279914630094,0.2789074925679737,0.2700839014660785,0.27068185806274414,445888800
2003-05-20,0.2706818029667208,0.2715795862691911,0.2632048761352664,0.266046404838562,416220000
2003-05-21,0.2660465196429546,0.27053284240406683,0.264251825812137,0.26694345474243164,305009600
2003-05-22,0.26754140995621606,0.2751682409699852,0.2652986604043269,0.2727755904197693,178460800
2003-05-23,0.2723274509050778,0.2760659144200083,0.2685881388000861,0.2739722430706024,206718400
2003-05-27,0.268588314238832,0.28264609133475826,0.26784045632104786,0.2823471128940582,290130400
2003-05-28,0.27666399948385034,0.27905667536498663,0.271429818205686,0.27337443828582764,339679200
2003-05-29,0.2735233873444197,0.2766638949244281,0.2676912514477401,0.27068185806274414,333765600
2003-05-30,0.27098084149358903,0.2718786000372673,0.2621580988147982,0.2684391140937805,382748800
2003-06-02,0.2706818856087279,0.2735234151795722,0.25826975499057625,0.2609613835811615,418588800
2003-06-03,0.26081242551197625,0.26425191331334424,0.2545314068402253,0.2588678300380707,360858400
2003-06-04,0.2587185518431296,0.26604640127340246,0.2563250787123694,0.2632048726081848,271202400
2003-06-05,0.26096141569335685,0.26529866107346567,0.25916672186820355,0.2638029456138611,205497600
2003-06-06,0.2652986282123407,0.26978495040359657,0.25632516019806995,0.2564750611782074,241388000
2003-06-09,0.2533346017169748,0.25483031727728356,0.24869835270062463,0.25109100341796875,259952000
2003-06-10,0.25258669885991175,0.25856873640166905,0.25049300194334667,0.25692394375801086,176646400
2003-06-11,0.2564750613862662,0.26185914219919637,0.25139078253385416,0.2609613835811615,225114400
2003-06-12,0.2624571859495695,0.2673923890911624,0.26096147017768484,0.2657467722892761,252588000
2003-06-13,0.2654476720764047,0.2684391022477339,0.2561760505349255,0.26051247119903564,191245600
2003-06-16,0.2632050774459303,0.2732245624065399,0.26096150350160635,0.2732245624065399,238526400
2003-06-17,0.27531822548122314,0.27666401526640827,0.2690371826305729,0.27202779054641724,177464000
2003-06-18,0.27591602800380327,0.29131961204156503,0.2738223563548141,0.2859363555908203,454983200
2003-06-19,0.289524977564451,0.2932642660064635,0.28070223355765844,0.28623539209365845,381528000
2003-06-20,0.2893758657842479,0.2928153518363161,0.28264597102097,0.28713229298591614,356546400
2003-06-23,0.28862803742412313,0.29446017420620313,0.28040240167012653,0.28503865003585815,307361600
2003-06-24,0.2911706182092468,0.294161225580396,0.2799543992116403,0.2808513343334198,514382400
2003-06-25,0.282048046176023,0.2901237560756055,0.2798044731248795,0.2854875326156616,329812000
2003-06-26,0.27965536333209673,0.2889269855448283,0.27965536333209673,0.2884781062602997,161705600
2003-06-27,0.2886280955125584,0.2887771728985218,0.27636503916112737,0.28010350465774536,365792000
2003-06-30,0.27935556565119934,0.287282223061474,0.27800975128855016,0.28503865003585815,222152000
2003-07-01,0.28219712353367976,0.2868333469936236,0.27681386602183167,0.2854875326156616,180992000
2003-07-02,0.2845897129005692,0.2901236938467059,0.2844406355748882,0.28817909955978394,325298400
2003-07-03,0.28414180415903095,0.2923665939033554,0.28384282572149944,0.2860855758190155,137771200
2003-07-07,0.2881790145879741,0.3017878760572155,0.2860853435927062,0.297151654958725,286272000
2003-07-08,0.29191758142487034,0.30657328361076497,0.2914695257887499,0.3050784170627594,256737600
2003-07-09,0.302237036990012,0.3058264256414313,0.2974517345428467,0.2974517345428467,213645600
2003-07-10,0.29730170975650855,0.29819864480528485,0.2896748791305503,0.2928153872489929,170934400
2003-07-11,0.29401126781825393,0.29909639504750873,0.292067496947037,0.29685279726982117,136858400
2003-07-14,0.29924553921427627,0.3050785258389784,0.29715186672693206,0.29760074615478516,188406400
2003-07-15,0.2993953547173204,0.302685788486972,0.29057178786038357,0.293264240026474,206645600
2003-07-16,0.2986473695643137,0.29909627363079544,0.28982380647528727,0.297151654958725,250930400
2003-07-17,0.3019378781712761,0.31330317060198765,0.30104009477014004,0.31255531311035156,751212000
2003-07-18,0.31255543529768304,0.31674277998252515,0.3050785047215625,0.3119574785232544,298838400
2003-07-21,0.30941486932040807,0.31106048559234883,0.3035827327730545,0.30821895599365234,183808800
2003-07-22,0.3121073840149182,0.31345319859266996,0.306573376101715,0.3110605478286743,198424800
2003-07-23,0.31330332290679197,0.3134532239306294,0.30597546901073847,0.3109106719493866,143035200
2003-07-24,0.31464904544387784,0.3215288664761091,0.30477946608902756,0.3067232370376587,229236000
2003-07-25,0.3052275007358374,0.32257568021565786,0.30507842339792957,0.3221267759799957,216686400
2003-07-28,0.3215288951401021,0.3215288951401021,0.3119574446697858,0.31390121579170227,170357600
2003-07-29,0.31390127963144576,0.3152479179495277,0.30687322778545606,0.3098638355731964,197120000
2003-07-30,0.31061172485516375,0.3125554965690619,0.3016390769521104,0.3032838702201843,173594400
2003-07-31,0.3101628190913439,0.3192853672604279,0.30762026706913714,0.31524792313575745,301464800
2003-08-01,0.31405109480236365,0.31808853775688795,0.3086670138978909,0.31001365184783936,149604000
2003-08-04,0.3070221616590979,0.3215288102318181,0.3032836977639754,0.31719154119491577,230115200
2003-08-05,0.319285335112985,0.3200331929049245,0.3005921848422156,0.3047795295715332,249440800
2003-08-06,0.2999933099068279,0.3016389510788093,0.29161862239016234,0.29356321692466736,245464800
2003-08-07,0.29505807934708,0.30044215948888015,0.29042268038149166,0.2980495095252991,174378400
2003-08-08,0.30074128331272487,0.3010402617488947,0.29311445047820056,0.29371240735054016,137659200
2003-08-11,0.2964047337235381,0.29804950113774314,0.2917684862982286,0.2940112352371216,137228000
2003-08-12,0.2955069882653702,0.2961049449083786,0.29102066617932765,0.29461005330085754,164438400
2003-08-13,0.29700273120110937,0.30418068248179697,0.29281538704608745,0.3017880320549011,284099200
2003-08-14,0.30223696548946904,0.30403165939060595,0.29819867334539474,0.29864755272865295,192780000
2003-08-15,0.299395256670478,0.30014313900624745,0.29401117773323365,0.29475903511047363,125865600
2003-08-18,0.29700275954216404,0.30522757260498784,0.2949090872648675,0.30418071150779724,192774400
2003-08-19,0.30462959231255593,0.3058263293636455,0.2990964336689086,0.3038817346096039,133688800
2003-08-20,0.3017879892462388,0.31808850917264997,0.3011900575908255,0.3142009675502777,273212800
2003-08-21,0.31450000518403076,0.32466941265654986,0.31330326809868125,0.3242205083370209,255326400
2003-08-22,0.3261642728383656,0.329005802680032,0.30866703806840595,0.31225642561912537,250264000
2003-08-25,0.31076074134247633,0.31270533630725056,0.30642431927998737,0.3119574785232544,137782400
2003-08-26,0.3103125701411992,0.31509786982033633,0.30433053372647056,0.31479889154434204,164959200
2003-08-27,0.31270530454352274,0.32122907042503357,0.30896683963520527,0.32122907042503357,225702400
2003-08-28,0.3189862471450138,0.3322961595112522,0.3189862471450138,0.33184728026390076,319625600
2003-08-29,0.3319972430080229,0.34171774550918727,0.32975366998538513,0.33812835812568665,263155200
2003-09-02,0.3388764269703325,0.34246581659055686,0.33498805882047494,0.3417179584503174,242132800
2003-09-03,0.34096988495314484,0.34874664129960753,0.3403719282715485,0.34321263432502747,268828000
2003-09-04,0.3463531813648648,0.3476998444563752,0.34052104398287747,0.3414188027381897,199780000
2003-09-05,0.3399232350166702,0.3462042545070076,0.33513793168086375,0.33648374676704407,240133600
2003-09-08,0.33618467153180065,0.34082007246550755,0.3360347705065813,0.3400722146034241,167244000
2003-09-09,0.3369317368266655,0.33902540958073124,0.33080061960350843,0.3345390856266022,180370400
2003-09-10,0.33274424036525796,0.3381283462093005,0.33065056840396817,0.33169740438461304,224890400
2003-09-11,0.3327443090984634,0.34082004523753406,0.33050158428193566,0.3373805582523346,213684800
2003-09-12,0.3366327904292942,0.34605431871955267,0.33364218205251933,0.3454563617706299,179989600
2003-09-15,0.3411189614965195,0.34246559947459837,0.3308005024204509,0.3321463167667389,226844800
2003-09-16,0.33214635176828367,0.3393251272140394,0.33199727439842575,0.33438992500305176,269007200
2003-09-17,0.33453884764674047,0.334688748579146,0.32676294268607675,0.3308003842830658,289396800
2003-09-18,0.3305015820840228,0.34381147416045704,0.32825798373338727,0.34216585755348206,252907200
2003-09-19,0.34216597910580493,0.3447085317936814,0.33543690380293784,0.3376796543598175,205956800
2003-09-22,0.3316974463930147,0.3364835961776307,0.3278099289011914,0.330202579498291,179821600
2003-09-23,0.32930482634423364,0.3358848469631708,0.3272111539235653,0.33543679118156433,132451200
2003-09-24,0.3321462741615842,0.3336419893019525,0.31524779791729046,0.31883636116981506,301285600
2003-09-25,0.3191353883580308,0.3195842676952395,0.3028348662202288,0.3055264949798584,574380800
2003-09-26,0.3035829025906361,0.32451963383808485,0.30133930344175913,0.3094150424003601,347250400
2003-09-29,0.32137897373451885,0.3240706025973504,0.3088169408655144,0.3185374438762665,365702400
2003-09-30,0.3153969953413154,0.3173415904905456,0.3056764904911606,0.3098638355731964,285426400
2003-10-01,0.3097139346546844,0.31554689647235895,0.30193802495111677,0.3109106719493866,236112800
2003-10-02,0.3110605679438506,0.3110605679438506,0.30328383473402176,0.30762025713920593,204058400
2003-10-03,0.3139012477152182,0.32691216107778853,0.31225645478079694,0.3243696093559265,299600000
2003-10-06,0.32407055805010887,0.33394098565801816,0.3227247438036908,0.3333430290222168,268329600
2003-10-07,0.3297536744229265,0.3500924633192715,0.3276600023596763,0.34725090861320496,418174400
2003-10-08,0.34769978362707343,0.3520361797876126,0.33992302776515065,0.34485822916030884,428668800
2003-10-09,0.3484468512014563,0.35398085876101504,0.3408200199936252,0.35069042444229126,347748800
2003-10-10,0.35143830644944735,0.35607453029216585,0.3494936866263366,0.3541299104690552,174837600
2003-10-13,0.3548777101617243,0.36504709058381135,0.35472778423640944,0.3641493320465088,279865600
2003-10-14,0.3637013725373324,0.369982389431807,0.36175677761366937,0.36714085936546326,275419200
2003-10-15,0.37162711889462374,0.3740197691651773,0.36758967599402004,0.3711782395839691,610103200
2003-10-16,0.35592476098650017,0.3565226929928158,0.3351379069930934,0.34769997000694275,975682400
2003-10-17,0.34964355505577005,0.3512883477634257,0.33543673011117703,0.340222030878067,359811200
2003-10-20,0.3379784616863477,0.3490456023291067,0.3346888762337036,0.34725090861320496,279132000
2003-10-21,0.34859681581503504,0.3499426305523664,0.3402221253320577,0.3466530442237854,176461600
2003-10-22,0.34306356532419513,0.3469519311128394,0.33917519953555086,0.3403719365596771,161599200
2003-10-23,0.33992299787204966,0.346204012980486,0.33782932616923755,0.34381136298179626,165211200
2003-10-24,0.3373806147641138,0.3417178612913901,0.33244541134758515,0.3379785716533661,219856000
2003-10-27,0.34022214543618046,0.3423158181806424,0.33633377839188283,0.3379785716533661,162013600
2003-10-28,0.3373804730998992,0.3554756622743806,0.3349878229154719,0.3547278046607971,251714400
2003-10-29,0.35158739788786925,0.3574203844557143,0.3490456696294252,0.35427987575531006,267080800
2003-10-30,0.3587659680030761,0.3589150203350356,0.3420165740977911,0.3453061580657959,260556800
2003-10-31,0.3484468794460119,0.349194737253577,0.3406709702376168,0.34231576323509216,218153600
2003-11-03,0.3414187420301912,0.3484467916604164,0.34067088441103677,0.3462040424346924,302842400
2003-11-04,0.3450073609174147,0.3454562402873342,0.33782940915806,0.34261471033096313,249233600
2003-11-05,0.3412688683105924,0.3459050917405984,0.33603468819020005,0.34440937638282776,322470400
2003-11-06,0.34261477018980097,0.34620415851252245,0.3387264034455219,0.34575527906417847,397073600
2003-11-07,0.34680221151592244,0.3475500695931879,0.3357358886897786,0.33648374676704407,210145600
2003-11-10,0.33573578594578685,0.3387263937074002,0.32661321304793295,0.32751014828681946,234276000
2003-11-11,0.3275100327787002,0.3293047262555021,0.3212290174257442,0.3221267759799957,215073600
2003-11-12,0.3212290545189823,0.3397731493702097,0.3212290545189823,0.3339410126209259,300003200
2003-11-13,0.330052763195285,0.3373806178683246,0.32781001302391405,0.335286945104599,212772000
2003-11-14,0.33618460380850257,0.3381283749527479,0.3182384646711649,0.3209300935268402,237048000
2003-11-17,0.3192852676041932,0.31958424593136797,0.31330323016543216,0.31599485874176025,228256000
2003-11-18,0.31719156188196096,0.3191353326173444,0.30433055339339665,0.30522748827934265,267192800
2003-11-19,0.30747121572541275,0.30881703054766046,0.302984891773893,0.3053775429725647,344584800
2003-11-20,0.3005921848422156,0.3152478913948271,0.3005921848422156,0.3047795295715332,239590400
2003-11-21,0.30418078059910886,0.30777019417171103,0.29685292596412943,0.3032838702201843,241836000
2003-11-24,0.3065733192495668,0.3180885401213656,0.305826310183835,0.31629467010498047,381824800
2003-11-25,0.31749067099780304,0.317789649416311,0.30821904549602835,0.3092658817768097,268654400
2003-11-26,0.31240638755357497,0.31629475422003667,0.3028349351366625,0.3098638355731964,245128800
2003-11-28,0.31076068379195637,0.3150979286831412,0.3068731418461926,0.31270527839660645,76098400
2003-12-01,0.3146490325984936,0.3267630329575968,0.31405107596667337,0.32466936111450195,361536000
2003-12-02,0.32302371090254606,0.3275100327787002,0.32018218153358485,0.3221267759799957,205296000
2003-12-03,0.32212689605330663,0.326613219601745,0.3134532273753914,0.3145000636577606,191296000
2003-12-04,0.31315416212863684,0.31659364844104465,0.31061161082442157,0.31629467010498047,177940000
2003-12-05,0.3125554903620389,0.31629477994078786,0.3100137618069685,0.31180763244628906,186177600
2003-12-08,0.31076062573938346,0.3152477707741406,0.30522746855445343,0.31479889154434204,148237600
2003-12-09,0.31659361361348176,0.3177895268261795,0.3050784189669755,0.3058262765407562,135144800
2003-12-10,0.3058263657538626,0.30821901650891126,0.2984985124775568,0.3047795295715332,271336800
2003-12-11,0.30283479357591053,0.3191353118035276,0.302236861982812,0.31719154119491577,183136800
2003-12-12,0.31883633391057115,0.31883633391057115,0.3095647128226821,0.3124062418937683,192673600
2003-12-15,0.3213791338686348,0.3213791338686348,0.3001434234801426,0.3016391396522522,388908800
2003-12-16,0.30193799713940583,0.3064243202253025,0.2992455194237861,0.3008911609649658,373956800
2003-12-17,0.30029240708495997,0.3010402649994875,0.2959559842655904,0.2973017990589142,274260000
2003-12-18,0.2976005688532339,0.3017879113332285,0.2976005688532339,0.2996942400932312,330915200
2003-12-19,0.3019379298473372,0.30537741599224516,0.29341331638310103,0.29461005330085754,453560800
2003-12-22,0.2938621904760123,0.29745160249250013,0.28788015325666955,0.29685279726982117,377064800
2003-12-23,0.29789975591532236,0.298348635390418,0.293114453621183,0.296254962682724,308498400
2003-12-24,0.29490900578992457,0.30791994020051566,0.29386216994048714,0.30522748827934265,177475200
2003-12-26,0.3043306713471256,0.31270536138852156,0.30418074536698986,0.3107607662677765,103695200
2003-12-29,0.3127052828086507,0.31644374745712267,0.3119574251526003,0.31629467010498047,233458400
2003-12-30,0.31674275154437076,0.3215289011643898,0.31629469581973746,0.3182384669780731,204853600
2003-12-31,0.3192853316676154,0.32197696078400895,0.3167427799288434,0.31958431005477905,174451200
2004-01-02,0.32227591029085345,0.325267366116799,0.31674275154437076,0.3182384669780731,144642400
2004-01-05,0.32033220656847344,0.3348380386657683,0.32033220656847344,0.33154845237731934,395018400
2004-01-06,0.33274433146635174,0.33528690839737274,0.32466946833349725,0.33035168051719666,509348000
2004-01-07,0.33050161654102506,0.34141885898325125,0.3279590395327504,0.33782947063446045,586874400
2004-01-08,0.3415678497919407,0.35487776484051403,0.33872632003880854,0.3493445813655853,460303200
2004-01-09,0.34739998018799284,0.36085979597583184,0.3408199857604273,0.3439604938030243,427459200
2004-01-12,0.34769984779733315,0.3589152183328753,0.3454562495608379,0.3548777997493744,487547200
2004-01-13,0.36938354181714683,0.3714772137342955,0.35682148535571706,0.36070987582206726,679016800
2004-01-14,0.36489710462440844,0.3669907758815379,0.35562548489918977,0.361906498670578,620043200
2004-01-15,0.34261489403921697,0.3499427507283258,0.33648377510095395,0.3417179584503174,1018208800
2004-01-16,0.342315819746625,0.344559393539703,0.3381284742385455,0.3397732675075531,372820000
2004-01-20,0.33902526558877494,0.34096986010996844,0.3327442250357346,0.33992302417755127,315946400
2004-01-21,0.33947417248654943,0.34351243920093755,0.3354367294039611,0.33812835812568665,226660000
2004-01-22,0.33738048856144404,0.3414187551335148,0.33169740438461304,0.33169740438461304,205004800
2004-01-23,0.33528688585856614,0.3400721874351966,0.3327443090984634,0.3373805582523346,227169600
2004-01-26,0.33588478861411175,0.34485825716666446,0.3354367329103404,0.3441103994846344,271269600
2004-01-27,0.34455927448108564,0.3476998074855171,0.34096988710526666,0.3450073301792145,307070400
2004-01-28,0.34156784562354164,0.34964355544657083,0.335137752141809,0.3367825448513031,275402400
2004-01-29,0.33842748550992513,0.340970037995609,0.33184748816359266,0.33917534351348877,212699200
2004-01-30,0.3387263728437656,0.34201678244766215,0.33528688585856614,0.3373805582523346,185298400
2004-02-02,0.3358847789359498,0.34111895892753474,0.33020254325350373,0.3337911069393158,287431200
2004-02-03,0.33349207321645596,0.3349877882890163,0.3290057266718879,0.33289411664009094,180812800
2004-02-04,0.3290057766578015,0.33035159097491656,0.32451945439016033,0.3258652687072754,305552800
2004-02-05,0.32631429715494253,0.3426147997776386,0.3261643711566627,0.335286945104599,352844800
2004-02-06,0.3357356229302072,0.3423156157164512,0.33498776544492626,0.33962398767471313,193340000
2004-02-09,0.33827828452406056,0.34186684854532734,0.3364835906974963,0.3390253186225891,188260800
2004-02-10,0.3382782301204402,0.34575515895814163,0.3355857779976768,0.34366148710250854,255343200
2004-02-11,0.3453063487885954,0.3569714722629351,0.3447083920334963,0.3559246361255646,348544000
2004-02-12,0.35308308089484847,0.35876616591869015,0.3529340284806633,0.3548777997493744,183988000
2004-02-13,0.3566724519190359,0.360410916646376,0.3414187660769676,0.3439604938030243,315980000
2004-02-17,0.34545635705407174,0.3512884963068445,0.34545635705407174,0.34635329246520996,170956800
2004-02-18,0.34665294903016225,0.35054049114511193,0.34470835434088337,0.3478488624095917,141635200
2004-02-19,0.3488956958996303,0.3535319442493114,0.3351377503452456,0.3360346853733063,323080800
2004-02-20,0.33648359427612645,0.33663267164467303,0.33214634884647953,0.3349878787994385,277603200
2004-02-23,0.33409085286901125,0.33588472259512375,0.3273609586853264,0.33184728026390076,194079200
2004-02-24,0.33109951565176743,0.34007216132708445,0.3290058184601932,0.33438992500305176,259056000
2004-02-25,0.33319315284729845,0.3424655995510265,0.33214631684086404,0.3411189615726471,276276000
2004-02-26,0.3421658671972846,0.346653014107937,0.3409699535933442,0.34455934166908264,198408000
2004-02-27,0.3433626652157262,0.3592151372883766,0.3432127641727186,0.35771942138671875,468837600
2004-03-01,0.36041093456235773,0.3634023653983712,0.3569714480064128,0.35921502113342285,321680800
2004-03-02,0.35891519324853294,0.3604109336211742,0.3554757067015699,0.3560745120048523,256687200
2004-03-03,0.3529341188599389,0.36175686596266965,0.3529341188599389,0.35771942138671875,225131200
2004-03-04,0.3578684227462861,0.3771603797327581,0.35756946929360556,0.37626346945762634,660223200
2004-03-05,0.37312290758428646,0.4111080382371377,0.3723750497966485,0.39989179372787476,1540599200
2004-03-08,0.39809710076948157,0.4006396525274879,0.38583404501147833,0.3888254761695862,522872000
2004-03-09,0.3873296842131716,0.4072195926497284,0.38508608632846153,0.405275821685791,618363200
2004-03-10,0.4043780398595534,0.42082846211947245,0.40288232456894574,0.41394948959350586,1006964000
2004-03-11,0.407817510449843,0.4193327307136336,0.40512588193560456,0.4060228168964386,595851200
2004-03-12,0.408565436056783,0.41544440904290875,0.4063226866026139,0.41215482354164124,329224000
2004-03-15,0.4042289674434688,0.4090142677782385,0.3927137473075797,0.39555445313453674,481717600
2004-03-16,0.39705022546737007,0.3979479841791129,0.37970289153459247,0.38613298535346985,605432800
2004-03-17,0.3882266682829121,0.39450768491210114,0.3855350393366506,0.391666978597641,411432000
2004-03-18,0.38792756428711245,0.3897222575473778,0.38269336049930575,0.3838901221752167,321081600
2004-03-19,0.38224539194675483,0.40288230871243347,0.38194556503648097,0.38673171401023865,408576000
2004-03-22,0.37940386245914337,0.3913671134178552,0.37760916890740276,0.38673171401023865,419031200
2004-03-23,0.38703064845557267,0.38882534180386286,0.3771602218972632,0.3782070577144623,385515200
2004-03-24,0.3779081992243084,0.3850861512612198,0.3779081992243084,0.3813476860523224,428215200
2004-03-25,0.3909191143918615,0.40243433631335496,0.38717982577074683,0.40183553099632263,566445600
2004-03-26,0.4037800652800319,0.40916329698524545,0.4024342511140946,0.4043779969215393,419893600
2004-03-29,0.4093132953657361,0.4185849188343775,0.40677071895941264,0.41738900542259216,350728000
2004-03-30,0.4148464478704389,0.4179869559779029,0.40886438504551786,0.4175380766391754,359676800
2004-03-31,0.41753800887110726,0.4184357674028525,0.403032182755602,0.4043779969215393,390773600
2004-04-01,0.4021353915622493,0.40781760324540756,0.3980970992817375,0.40542495250701904,318332000
2004-04-02,0.4149963118387166,0.4176879403673324,0.40721958094300337,0.4112569987773895,274478400
2004-04-05,0.41095802762796285,0.42426791598166935,0.41036007101009214,0.4235200583934784,385672000
2004-04-06,0.4143976586583384,0.4209784782848786,0.41021028864580933,0.41619235277175903,257992000
2004-04-07,0.41290274343731703,0.4142485580389188,0.4025834338132476,0.40841642022132874,255119200
2004-04-08,0.4169401815186083,0.41873487550675653,0.40677077304851533,0.41170600056648254,240917600
2004-04-12,0.4112570083273837,0.4202305013092531,0.41110795593739297,0.41933274269104004,230540800
2004-04-13,0.418435800749968,0.41918368333400025,0.4013874222780932,0.4027332365512848,436396800
2004-04-14,0.39989179033446465,0.40482701774399904,0.39346087232088967,0.3983960747718811,639732800
2004-04-15,0.4309979008274837,0.4423631714869846,0.42112749698034935,0.43817582726478577,1761446400
2004-04-16,0.43593319480991216,0.4383258208219192,0.4262126899030409,0.4363812506198883,402931200
2004-04-19,0.42052954383031516,0.42995104345144264,0.4161922736198705,0.423969030380249,712353600
2004-04-20,0.42187535523766695,0.4248659374567112,0.4121548274121881,0.4146973788738251,354519200
2004-04-21,0.41275278412133887,0.4205295408261623,0.4093132975959758,0.4146973788738251,325875200
2004-04-22,0.4121548184263549,0.4214264417433742,0.40542489792518693,0.41544440388679504,344584800
2004-04-23,0.4142484664916992,0.41873478871622866,0.4045279643999246,0.4142484664916992,315828800
2004-04-26,0.41245372960103716,0.41335066449913094,0.40378006439274944,0.40572381019592285,231128800
2004-04-27,0.40736956881385716,0.4103601763022602,0.3991439319063524,0.4028823971748352,283864000
2004-04-28,0.40108845966782736,0.4039291405362473,0.39390966057540855,0.39555445313453674,231168000
2004-04-29,0.39555452170912125,0.4037801581527763,0.3885264709629038,0.40034064650535583,460790400
2004-04-30,0.399442848130535,0.4031821614075636,0.38119858038981635,0.38553500175476074,466502400
2004-05-03,0.38882550608859534,0.3937607089736816,0.38493713946301256,0.38987234234809875,297634400
2004-05-04,0.3883765083359334,0.3970501741819793,0.381347610114633,0.3909190595149994,279983200
2004-05-05,0.3918160839748812,0.40004172099215385,0.3882266960353656,0.3985459804534912,238106400
2004-05-06,0.3948075445404772,0.4000417507873559,0.3873297897148626,0.3974991738796234,263558400
2004-05-07,0.3970501743839777,0.4123038591611929,0.3970501743839777,0.3988448679447174,419036800
2004-05-10,0.39286295045432523,0.3977981533438073,0.38792774756484316,0.3930128514766693,249978400
2004-05-11,0.3948074921950257,0.4066216928334283,0.3948074921950257,0.4058738350868225,305172000
2004-05-12,0.4006395993468228,0.4088643866760123,0.39241398838581576,0.40826645493507385,245420000
2004-05-13,0.40527576125321313,0.4145473826423064,0.40228430617251576,0.4066215753555298,229852000
2004-05-14,0.40751853311920117,0.40856539401712205,0.39555445848860876,0.40467700362205505,257801600
2004-05-17,0.39929383356219833,0.40467709177643063,0.39420873010218144,0.3983960747718811,300445600
2004-05-18,0.4033311893616676,0.4081164897612093,0.4007886381855256,0.40467700362205505,206063200
2004-05-19,0.40976216598119114,0.4112570327555349,0.3951064366177333,0.39585429430007935,375592000
2004-05-20,0.39824690846362676,0.40378009140983145,0.39585425827693826,0.3994428217411041,196296800
2004-05-21,0.4022844439818984,0.40677076707036736,0.3997418922333939,0.40542495250701904,179894400
2004-05-24,0.4081166997399154,0.4172392745255235,0.4054250698342793,0.4088645577430725,235603200
2004-05-25,0.41125712431514266,0.4263617363771624,0.4081166155291921,0.4248660206794739,319978400
2004-05-26,0.42367005103629257,0.43039997211304315,0.41873484879173173,0.42636168003082275,322168000
2004-05-27,0.4256137402984346,0.4277074121424236,0.41604313965832757,0.42127734422683716,235972800
2004-05-28,0.4199315714836994,0.42277225262408097,0.41574420242341587,0.4196317195892334,145717600
2004-06-01,0.4155943014347224,0.4217253916401054,0.41290267269268877,0.4196317195892334,182134400
2004-06-02,0.41918370748461875,0.43623203702163105,0.41574419615604125,0.4324935972690582,318712800
2004-06-03,0.429502130573032,0.43354037195979095,0.4230720127412079,0.4247168302536011,250930400
2004-06-04,0.42710952012282655,0.4374279799298512,0.4263616624037351,0.43039995431900024,399112000
2004-06-07,0.4342875742210043,0.4483453251345221,0.43084808700429167,0.4458027482032776,295876000
2004-06-08,0.44849511550769205,0.45522418725762515,0.44610249010716685,0.45387837290763855,415620800
2004-06-09,0.4499900815450772,0.4592625802352961,0.4486442668981334,0.4516357481479645,349204800
2004-06-10,0.451635599547388,0.46315076944074557,0.451635599547388,0.4597112834453583,257577600
2004-06-14,0.4583649025510915,0.4588137570983373,0.44116746387036054,0.45043906569480896,243986400
2004-06-15,0.45671979190196926,0.465692434481772,0.4525324488805155,0.4589633643627167,444634400
2004-06-16,0.45851473011450544,0.4982945578231627,0.45657095862110825,0.4896208643913269,909641600
2004-06-17,0.4869292599381631,0.495453002866592,0.4816950534237439,0.4906677007675171,551320000
2004-06-18,0.4884241103174145,0.4996403808444832,0.4849846230749952,0.49216344952583313,406252000
2004-06-21,0.4953037299150727,0.5009859398074089,0.48034822615769857,0.48348870873451233,390213600
2004-06-22,0.48304067514058685,0.4948548482697893,0.4828907741708772,0.49350908398628235,360511200
2004-06-23,0.4935090011693153,0.505921128831043,0.49186333538840665,0.503977358341217,390868800
2004-06-24,0.5011359018892938,0.5039774311940787,0.4932100692496148,0.49620065093040466,252515200
2004-06-25,0.49455581192797327,0.503977358341217,0.4935090011693153,0.503977358341217,323428000
2004-06-28,0.5111553559687868,0.5113052569348988,0.48169484937916157,0.4858821928501129,521096800
2004-06-29,0.4796011469784389,0.4933590897137909,0.4697307455332487,0.48603126406669617,590553600
2004-06-30,0.48692928816058006,0.49306040535337736,0.4769089802928245,0.4866294860839844,373044000
2004-07-01,0.48004931922236055,0.4857323788451474,0.4770587370083879,0.4830407500267029,341941600
2004-07-02,0.4558231209780765,0.46629148401877746,0.44460690005846465,0.4647957682609558,910683200
2004-07-06,0.46763730330339953,0.4698800283714076,0.4606084275315978,0.46285200119018555,348980800
2004-07-07,0.46135625466150454,0.46898308678100736,0.4505888888500158,0.4544772803783417,397992000
2004-07-08,0.45058885085198314,0.45881363909417255,0.4478963731832745,0.45073795318603516,233380000
2004-07-09,0.45268252105334583,0.45612200788883656,0.44909313321113586,0.44909313321113586,208863200
2004-07-12,0.44894322766467865,0.4492430296750854,0.43264270383811404,0.4357832372188568,511621600
2004-07-13,0.4374277963960606,0.44266199956025176,0.43398831123684123,0.436979740858078,316176000
2004-07-14,0.43159582971026944,0.4481961531261835,0.42980111111051905,0.4423631429672241,835800000
2004-07-15,0.48842428135472243,0.5029309418531822,0.4801994892976342,0.4924625754356384,1767724000
2004-07-16,0.4905175850809686,0.49231230344928345,0.48034822980520114,0.48154494166374207,488381600
2004-07-19,0.4787035912670402,0.4818441249582229,0.4734694350045219,0.4781056344509125,533170400
2004-07-20,0.4778065024703782,0.48154494166374207,0.47182444068980156,0.48154494166374207,323747200
2004-07-21,0.48483525502908165,0.4891716497408204,0.46868379205714056,0.47287118434906006,301257600
2004-07-22,0.4673382252466809,0.4745161515443998,0.46449664557239045,0.47376829385757446,334118400
2004-07-23,0.4715256257005841,0.4748151616402207,0.4558230583388345,0.45911264419555664,273571200
2004-07-26,0.4613561604062006,0.4703288053452081,0.4603092994170497,0.46748727560043335,393932000
2004-07-27,0.47556310530835105,0.4897699082754363,0.4721236181834493,0.4849846065044403,425006400
2004-07-28,0.4831899136378527,0.4846856292297518,0.46599247885874834,0.4825919568538666,285051200
2004-07-29,0.4855823610149868,0.4908165649898816,0.48049810791404146,0.48812493681907654,222157600
2004-07-30,0.4882749222333374,0.49350912711359757,0.4785544200403936,0.4836386740207672,243023200
2004-08-02,0.4662914056192345,0.48154506816187176,0.46554354786606417,0.47227346897125244,365092000
2004-08-03,0.47032868391771515,0.47436697459848626,0.4658423376479378,0.4679360091686249,211629600
2004-08-04,0.46644039553057776,0.48034829162373066,0.4661414421542878,0.47541388869285583,276488800
2004-08-05,0.47571283267520953,0.4830406587175684,0.4673381458170444,0.4694318175315857,244501600
2004-08-06,0.4621040787779798,0.4650946613145931,0.4441579379527445,0.445354700088501,492290400
2004-08-09,0.4464013536273277,0.45537399657554173,0.4458025484757192,0.45313042402267456,290847200
2004-08-10,0.4544771281200971,0.47167455806654707,0.4538783229139041,0.47137555480003357,351036000
2004-08-11,0.4650946869085968,0.4655435912872877,0.4525326522002031,0.46374887228012085,322392000
2004-08-12,0.45537409165400533,0.4613561543708981,0.45283156524808965,0.4541773796081543,226200800
2004-08-13,0.45761790516784273,0.46778646870596263,0.4546264729006751,0.46120649576187134,328048000
2004-08-16,0.4635990323539953,0.47436724798181157,0.4582157731307069,0.4603094458580017,435674400
2004-08-17,0.45731774695409116,0.46554338061039857,0.4538782614307202,0.46165499091148376,323019200
2004-08-18,0.45627109448650555,0.4763109066357063,0.4559720911567416,0.4746660888195038,364655200
2004-08-19,0.4712265659959524,0.4764607711295164,0.45402828513895804,0.459262490272522,388920000
2004-08-20,0.4592624891668271,0.4634498332967652,0.45597205512113104,0.4606083035469055,316780800
2004-08-23,0.46150533336160704,0.46763729874800686,0.4576177902025112,0.4647957682609558,254660000
2004-08-24,0.46748737720519196,0.4778066873550415,0.4664405159885139,0.4778066873550415,374136000
2004-08-25,0.4766096744242338,0.4957517203726793,0.474516003009219,0.494256854057312,505618400
2004-08-26,0.4941072349781328,0.526110334119286,0.4896209358394139,0.5183344483375549,955858400
2004-08-27,0.5186331833520059,0.5198290966703549,0.5084637770286917,0.5136979818344116,388813600
2004-08-30,0.5084639554240783,0.5192313221843148,0.5078659985551097,0.510258674621582,218142400
2004-08-31,0.5095105798814541,0.5226705666738583,0.5084637190728032,0.5157915949821472,376560800
2004-09-01,0.5129503338005917,0.5382243083753996,0.5113055155413233,0.5362797379493713,515726400
2004-09-02,0.5308962707328146,0.535531670368677,0.5208759166277662,0.5332888960838318,406324800
2004-09-03,0.5235685645727168,0.5371774618048747,0.5235685645727168,0.5268581509590149,293468000
2004-09-07,0.529400464605132,0.5412146367746352,0.5268578887899846,0.5347837209701538,301957600
2004-09-08,0.5338866763406691,0.5468976081669669,0.5335877230632686,0.5436071753501892,343526400
2004-09-09,0.539868972668842,0.5428595550070877,0.5276058928929334,0.5338869094848633,461339200
2004-09-10,0.5332888724309055,0.5418126622621956,0.5302974419528074,0.5364294052124023,328014400
2004-09-13,0.5365785159339963,0.5394200457444166,0.5282038274956329,0.5322421193122864,281976800
2004-09-14,0.5270077921808713,0.5316431910429021,0.5201279721451258,0.5307462811470032,254822400
2004-09-15,0.5288025536147092,0.5305964234699033,0.5204278664303134,0.5264090299606323,232668800
2004-09-16,0.5264089009578519,0.5497391368555657,0.5246150814593276,0.5436071753501892,501916800
2004-09-17,0.5465990230069203,0.559011158130507,0.5443553993621119,0.555421769618988,502308800
2004-09-20,0.551533207610346,0.5679836306023909,0.5513841552122508,0.5639461874961853,245000000
2004-09-21,0.5645439913468672,0.5812933631908751,0.5602075461110576,0.5684323310852051,386652000
2004-09-22,0.5697782968374682,0.5703762535249834,0.5504863442044526,0.5521320104598999,401688000
2004-09-23,0.5539265873012457,0.5608055589618769,0.5522809712358792,0.5573660731315613,397404000
2004-09-24,0.5600578545242005,0.5682826425729408,0.5555715565805307,0.557665228843689,369488000
2004-09-27,0.5525800795137609,0.5679836931366004,0.550786259162899,0.561254620552063,397516000
2004-09-28,0.5602077596329617,0.5726198922989669,0.5600578586279708,0.5688814520835876,353186400
2004-09-29,0.5672357731613415,0.5811444684101797,0.5655909554883041,0.5784519910812378,273509600
2004-09-30,0.5832382259215877,0.5872756696210996,0.5750125889216274,0.5794988870620728,425012000
2004-10-01,0.5850318708957829,0.586078681711493,0.5769569866072815,0.578302800655365,465404800
2004-10-04,0.5859298377755316,0.5859298377755316,0.579498869972658,0.5800976753234863,574084000
2004-10-05,0.5766574909500203,0.5932578212283229,0.5742648646084509,0.5887715220451355,406162400
2004-10-06,0.5907150889815878,0.609558138021386,0.59026618467491,0.6077634692192078,446303200
2004-10-07,0.6062687239597265,0.6121008875662602,0.5901172991769258,0.592509925365448,426148800
2004-10-08,0.5916129544571639,0.5947534382387443,0.5808447400322333,0.5841351747512817,359228800
2004-10-11,0.5802466509146458,0.5841349913130872,0.5712739570240656,0.5771061182022095,323870400
2004-10-12,0.5757605084409333,0.576957270715751,0.563048571937603,0.5726199746131897,460191200
2004-10-13,0.5812934079875669,0.5946032953724028,0.579349637305128,0.5944533944129944,1163008000
2004-10-14,0.645898728794828,0.6841827988283241,0.636327274511824,0.6726676225662231,2768427200
2004-10-15,0.67117241360777,0.6820888295052503,0.6608531557249386,0.680444061756134,1031128000
2004-10-18,0.6684799545500849,0.7140927314758301,0.6684799545500849,0.7140927314758301,1200752000
2004-10-19,0.7193267014786614,0.7230651900463948,0.7075116819235231,0.7091573476791382,801992800
2004-10-20,0.7055682096834145,0.7118492764618759,0.6976424248783812,0.7099055051803589,605108000
2004-10-21,0.7100543975668725,0.7197748990474956,0.7082596791050076,0.7169333696365356,724505600
2004-10-22,0.7109523697262209,0.7128961411536285,0.7031756367526687,0.7090077996253967,483067200
2004-10-25,0.7058673846381228,0.7154388382214368,0.7039236128840184,0.7111015915870667,392644000
2004-10-26,0.7096058256479187,0.7185793223255732,0.7024278968632814,0.7173826098442078,594361600
2004-10-27,0.7254580080100919,0.7570130383089017,0.7203737540508908,0.7522268891334534,1193494400
2004-10-28,0.747441574891199,0.7809403755557096,0.7402636491031818,0.7804914712905884,864264800
2004-10-29,0.7752574698886635,0.7955962364771123,0.7746595131160381,0.7836321592330933,810219200
2004-11-01,0.7851278764944483,0.7964931983170447,0.7782489026986245,0.7843800187110901,602050400
2004-11-02,0.7836320227487167,0.8087560864061737,0.7836320227487167,0.8000824451446533,729988000
2004-11-03,0.8130933727246931,0.8391143461535275,0.8074102636213133,0.8271511197090149,1204173600
2004-11-04,0.8229639323689963,0.8307398163937679,0.8130935274059581,0.814289391040802,928625600
2004-11-05,0.820421038845049,0.8225147103843425,0.7782486048281193,0.8183273673057556,1205047200
2004-11-08,0.8115974988707249,0.8292446806464708,0.8054663848244267,0.8132423162460327,526920800
2004-11-09,0.8109996935252455,0.8157849940436875,0.7982877110433437,0.8083080649375916,475764800
2004-11-10,0.806812479995596,0.828347210688469,0.8062145731222291,0.8187766075134277,508676000
2004-11-11,0.8217672461344477,0.8289452239633809,0.8109999299714121,0.8270014524459839,407299200
2004-11-12,0.8226641086184597,0.8328334667423143,0.8201223805717862,0.8299919366836548,395701600
2004-11-15,0.8255057066639181,0.8293940482305185,0.8126446685111058,0.826104462146759,376045600
2004-11-16,0.8249077399133975,0.8255056967156079,0.8147383311574815,0.8216173052787781,295103200
2004-11-17,0.8253561779575418,0.8292445674325718,0.8108495306247065,0.8210189342498779,397751200
2004-11-18,0.8120466814677105,0.8292449649283911,0.8118967804549531,0.8283472061157227,459149600
2004-11-19,0.8298428074635477,0.8510785317617063,0.8150371518633046,0.8250575065612793,765279200
2004-11-22,0.9242074463085004,0.9571082001099895,0.8658843175622857,0.9174783229827881,2568210400
2004-11-23,0.9316850961003491,0.9339286695851012,0.9129919449219589,0.9162815809249878,911450400
2004-11-24,0.9225622923653023,0.9750540903075648,0.9204686703971264,0.957855761051178,1390788000
2004-11-26,0.9772970884375335,0.9834290031947417,0.9621932761957387,0.9653337597846985,550144000
2004-11-29,1.0311341847739315,1.0404057801460993,1.008103749524451,1.0235073566436768,1712916800
2004-11-30,1.028741282215137,1.028741282215137,1.002719521522522,1.002719521522522,1028518400
2004-12-01,1.0137869119644165,1.0161795368987465,0.9910554775762229,1.0137869119644165,800553600
2004-12-02,0.9889621417203877,1.0004774149428268,0.9669786561157521,0.9752033948898315,987442400
2004-12-03,0.9650339408686055,0.9720628655497133,0.923460296318714,0.9373680949211121,1238848800
2004-12-06,0.960846598417597,0.9906069653522162,0.9414055906474034,0.9837279915809631,1247920800
2004-12-07,0.9859706488097535,0.9979347757403629,0.935573461295451,0.9405086636543274,1056899200
2004-12-08,0.9433500480300167,0.963538911170796,0.9279465356731549,0.9463406801223755,691902400
2004-12-09,0.939311764152439,0.9630900648760229,0.9282454469430111,0.9569589495658875,741501600
2004-12-10,0.9725117452469434,0.9877654087120374,0.9675765426830749,0.9743064641952515,775773600
2004-12-13,0.9813350948917055,0.9855224388279606,0.9660806357740476,0.9707168340682983,395040800
2004-12-14,0.9780447660650624,0.9852235406409209,0.9723616069636491,0.9763998985290527,415721600
2004-12-15,0.9756517743184571,0.9789422073305866,0.9669781853110901,0.9759507775306702,398361600
2004-12-16,0.9892613664561318,1.0094502374268426,0.9877656504932234,0.9959912896156311,1126115200
2004-12-17,0.999579560698223,1.002570991818453,0.9705679500762548,0.9719138145446777,783496000
2004-12-20,0.9790915107504234,0.9870173441743513,0.9236091792706307,0.9379659295082092,1168126400
2004-12-21,0.9505279026451612,0.9536683854095467,0.921216497231219,0.9524716734886169,1064414400
2004-12-22,0.9520239912162424,0.96249240431539,0.9481356493311635,0.9533698558807373,565829600
2004-12-23,0.9533698824936843,0.9608467644113236,0.9511263087640285,0.9572582244873047,245929600
2004-12-27,0.9690722653811799,0.9743064713349192,0.9403587586813216,0.944546103477478,559490400
2004-12-28,0.9466397077110708,0.9608465083582377,0.9279465594736577,0.9597996473312378,611755200
2004-12-29,0.9542665260907685,0.971763760668292,0.9506779871698948,0.96368807554245,449562400
2004-12-30,0.9692206789880332,0.972511111388513,0.960397939434042,0.969071626663208,345340800
2004-12-31,0.9704178091745487,0.9720625766617816,0.9575567756828763,0.9630898833274841,278588800
2005-01-03,0.9687730090383024,0.973708210349538,0.9361711694097655,0.9464905261993408,691992000
2005-01-04,0.9539676953933787,0.9790917652544817,0.9417046638294359,0.956211268901825,1096810400
2005-01-05,0.9639869162334691,0.9758019889280618,0.9578558012969433,0.9645857214927673,680433600
2005-01-06,0.9671276800444187,0.9707170180764584,0.9470886652805577,0.9653337597846985,705555200
2005-01-07,0.9720626742694053,1.041303748488432,0.968324184783578,1.0356206893920898,2227450400
2005-01-10,1.0442947820800674,1.057305772764588,1.0151332150945962,1.0312846899032593,1725309600
2005-01-11,1.0206661451690204,1.0341250881720314,0.9592017452673139,0.9654827117919922,2611627200
2005-01-12,0.9787924836069043,0.985522303024849,0.9466395009482343,0.978942334651947,1919702400
2005-01-13,1.102319207970334,1.112937467767392,1.042799488573114,1.0438462495803833,3164716800
2005-01-14,1.0505756718947796,1.0725592567018543,1.0347240018493786,1.0498278141021729,1770742400
2005-01-18,1.0445931753298094,1.0573051551892858,1.0131880529296473,1.056557297706604,1006460000
2005-01-19,1.0541648220149835,1.0686706249835867,1.0430985053737076,1.0450422763824463,751895200
2005-01-20,1.0416031204789409,1.0658302820306167,1.0389114909570525,1.0537163019180298,914922400
2005-01-21,1.0664275333383721,1.0707639280228936,1.0468365854859667,1.0541644096374512,911332800
2005-01-24,1.0614931787960518,1.0734572090098207,1.0550622592268786,1.0582027435302734,841629600
2005-01-25,1.0673253294311014,1.0893089199765562,1.0608952083151588,1.077494740486145,969231200
2005-01-26,1.0866162171490659,1.0879619808283127,1.065081502428594,1.0804851055145264,739496800
2005-01-27,1.079139003220393,1.0905051214974906,1.0700172565286044,1.086317777633667,496227200
2005-01-28,1.0860188439970135,1.1063568592071533,1.083326416562019,1.1063568592071533,801612000
2005-01-31,1.1153304595462985,1.1648307361889136,1.1142835984544326,1.1500251293182373,1681097600
2005-02-01,1.1522687391929058,1.163036054286039,1.145239814495662,1.1594467163085938,678395200
2005-02-02,1.1657278740712165,1.1950393913641242,1.1618395321133137,1.1908520460128784,1020062400
2005-02-03,1.182925653622005,1.1878608545557914,1.156455729270684,1.1636337041854858,731651200
2005-02-04,1.164531294711472,1.180382958036646,1.1594462432473849,1.179037094116211,563556000
2005-02-07,1.1803833389961582,1.186664405377167,1.158998561725058,1.1805332899093628,524456800
2005-02-08,1.1824770692469149,1.2170226849960035,1.1782896250745027,1.209844708442688,890019200
2005-02-09,1.2119385405036684,1.22614544366301,1.1679713674234509,1.177541971206665,1191456000
2005-02-10,1.1772428798629178,1.1856175686532164,1.1464365523056805,1.171859622001648,1093019200
2005-02-11,1.1942915664658094,1.2227060743639342,1.180533616292683,1.214481234550476,1201054400
2005-02-14,1.2372111059813873,1.2680182207628183,1.2270425008538763,1.2656255960464478,1271463200
2005-02-15,1.295984076633628,1.3321744534204922,1.2861136743711385,1.3221549987792969,2312217600
2005-02-16,1.318266385209771,1.3489235479805457,1.3063022637354704,1.347876787185669,1639243200
2005-02-17,1.355653674516501,1.359093160300784,1.3077981796048517,1.3131822347640991,1518473600
2005-02-18,1.3121354422801703,1.3139300607340383,1.2898528621494676,1.2982275485992432,1163254400
2005-02-22,1.2906004146483685,1.3205106338192187,1.2754966020584106,1.2754966020584106,1219293600
2005-02-23,1.2968812227388247,1.322753146330716,1.2793847864450443,1.3194636106491089,1345181600
2005-02-24,1.3232023904056107,1.3356144751483203,1.311986119533164,1.3299322128295898,1519028000
2005-02-25,1.3402504545803868,1.3445876498860183,1.318864779209567,1.3308289051055908,915510400
2005-02-28,1.3363621734623825,1.3501210197205058,1.3148275429504557,1.3417463302612305,651610400
2005-03-01,1.3456347468915222,1.3492232864505371,1.3208095806402245,1.3309789896011353,468188000
2005-03-02,1.3235010826946332,1.342643186474169,1.3184168279567843,1.319612741470337,458161200
2005-03-03,1.327089980182736,1.328285893209455,1.2328747159913147,1.2499229907989502,1411653600
2005-03-04,1.2789359128147684,1.2864127926963445,1.2517181252763596,1.2804316282272339,756618800
2005-03-07,1.2801318491389595,1.2935916907453358,1.2666729060400557,1.2786369323730469,450632000
2005-03-08,1.2532141386384605,1.2609901235175927,1.1993765573911779,1.2122375965118408,1021451200
2005-03-09,1.1856175904760091,1.2047595940145026,1.161391232473568,1.1769438982009888,1322465200
2005-03-10,1.1823278168021034,1.2041615466059312,1.1694667815563407,1.1913005113601685,777109200
2005-03-11,1.202665882815012,1.2140320019035584,1.1904036523084702,1.2044605016708374,632830800
2005-03-14,1.211938422769159,1.2200142085723515,1.1820291033212724,1.2059564590454102,605385200
2005-03-15,1.215527651092341,1.2304823082390492,1.203862529330552,1.2250982522964478,508608800
2005-03-16,1.2325759367242812,1.265475880451563,1.2197149026024185,1.2316781282424927,697813200
2005-03-17,1.242146836921699,1.2825254661597063,1.2358657700629003,1.2636823654174805,801920000
2005-03-18,1.2959841475133522,1.299274581283244,1.2711589882865448,1.2849178314208984,940150400
2005-03-21,1.2947873203633347,1.3151260308865964,1.281926286889541,1.307050347328186,541128000
2005-03-22,1.3073495598592317,1.3148273379398614,1.2765432346445476,1.2810295820236206,551415200
2005-03-23,1.2696631032973427,1.2980775959421498,1.2568020703988347,1.2726545333862305,609823200
2005-03-24,1.2834216999243018,1.2861133275858705,1.2711585760116577,1.2711585760116577,352704800
2005-03-28,1.2786371466283109,1.2849182140843927,1.270262456576322,1.2720571756362915,275410800
2005-03-29,1.2729536385247344,1.2810294222024996,1.2412496085193336,1.248726487159729,461356000
2005-03-30,1.2582980684908192,1.2801316976547241,1.2508202908529023,1.2801316976547241,394959600
2005-03-31,1.269663544268909,1.2717572665227246,1.2439415693724356,1.246334195137024,636134800
2005-04-01,1.2588961803482288,1.261588608026748,1.2134340962318975,1.223004698753357,641284000
2005-04-04,1.225996088742245,1.235566690164119,1.2011709280269807,1.2289866209030151,580014400
2005-04-05,1.2328753925406213,1.263382722304925,1.2289869509312559,1.252914309501648,556239600
2005-04-06,1.268168498525733,1.2804315269897943,1.260690720727932,1.266074776649475,414825600
2005-04-07,1.2660750832000256,1.3085465392491729,1.263682457287577,1.3028634786605835,506987600
2005-04-08,1.307050139300996,1.3294825678742532,1.302264790147238,1.3082468509674072,649950000
2005-04-11,1.3205108168164308,1.3235013499604855,1.2535131904732337,1.2538121938705444,821662800
2005-04-12,1.2708600983080633,1.2917968174247216,1.2565033482935666,1.2759443521499634,981061200
2005-04-13,1.284619275644061,1.2858151893507985,1.2080502491521434,1.2274912595748901,1371946800
2005-04-14,1.160792239125312,1.1832247731792351,1.1018704227271987,1.114432454109192,2753192400
2005-04-15,1.0952906796834332,1.1141336807275848,1.055211852171002,1.0573055744171143,1728087200
2005-04-18,1.0468371905041733,1.0857201055023817,1.0169277704201416,1.0653812885284424,1327177600
2005-04-19,1.0946923073752224,1.1198163669322567,1.0728577826726502,1.1093480587005615,1081642800
2005-04-20,1.1263967354481372,1.1287893610430315,1.059997132237816,1.0620907545089722,945131600
2005-04-21,1.0887102441956533,1.1129373938189002,1.0737555894826876,1.1120396852493286,759592400
2005-04-22,1.1018709745526367,1.1066571259810745,1.0438468377810834,1.0617921352386475,839129200
2005-04-25,1.0914021275786536,1.1072545944018761,1.0800369068086806,1.10605788230896,746460400
2005-04-26,1.1000762998161624,1.1219108391277999,1.0803362821258562,1.0824300050735474,810507600
2005-04-27,1.073456979536225,1.0875139308298563,1.0620908587520095,1.0752516984939575,613888800
2005-04-28,1.0854204008676425,1.0869161165997754,1.0540152623678258,1.0629887580871582,575106000
2005-04-29,1.081232549362936,1.0836259729491788,1.053416762276968,1.0785409212112427,671630400
2005-05-02,1.0830274077993138,1.0961882454160166,1.0773452468323477,1.0896074771881104,465920000
2005-05-03,1.0887109014011793,1.0988803123467408,1.0776445800177263,1.0830278396606445,496739600
2005-05-04,1.0800367499358692,1.1126376904458295,1.0797377466658522,1.111142873764038,448176400
2005-05-05,1.1141339817126241,1.1147319885618654,1.0908046263641136,1.0970855951309204,387366000
2005-05-06,1.1033663275308836,1.1165263677380095,1.1003756951907455,1.1138347387313843,326247600
2005-05-09,1.1150311622927351,1.1201154156564772,1.0991786985088512,1.1057586669921875,355695200
2005-05-10,1.0991790244043265,1.1141336841806186,1.0866169903912348,1.0893086194992065,440263600
2005-05-11,1.0528195160449643,1.0668772694448216,0.9903082324870457,1.0650825500488281,2041981200
2005-05-12,1.0593989724619397,1.0644832262405746,1.0169275281886307,1.0208159685134888,970242000
2005-05-13,1.0229100903241897,1.0537164283446565,1.0190217479334542,1.0399584770202637,702713200
2005-05-16,1.0336768499952784,1.0677736049687023,1.0327791413609375,1.0632872581481934,474294800
2005-05-17,1.051024461977258,1.0605958630932606,1.0330783719079835,1.057604432106018,588344400
2005-05-18,1.060296159331532,1.1234062341669735,1.046538211137479,1.0719612836837769,636722800
2005-05-19,1.070166269192949,1.12699446244926,1.070166269192949,1.1231061220169067,793161600
2005-05-20,1.1141334280480715,1.1260975524553127,1.1123388093869853,1.1231061220169067,452650800
2005-05-23,1.132080076244874,1.1933945416513596,1.132080076244874,1.1892071962356567,1042574400
2005-05-24,1.1799352821474072,1.1960858540579744,1.1673732492315196,1.1874122619628906,593460000
2005-05-25,1.1814304595736862,1.194890204254398,1.1760472006401865,1.1898051500320435,396006800
2005-05-26,1.1945911397855766,1.224500459295936,1.1945911397855766,1.2185184955596924,525520800
2005-05-27,1.2155280518454301,1.2200144005514908,1.1966849480095523,1.213134527206421,316008000
2005-05-31,1.2161259879568738,1.2185187139797655,1.1838231383888445,1.1892071962356567,404205200
2005-06-01,1.1930957100784938,1.219116694502452,1.1921979011569666,1.2053587436676025,453812800
2005-06-02,1.1978806521650627,1.2059564378261587,1.1844217082357575,1.1975816488265991,373973600
2005-06-03,1.1413512473553968,1.1539132788689181,1.1296870243709196,1.143743872642517,956869200
2005-06-06,1.1464367636230388,1.1554093608831921,1.1234063152875393,1.1341736316680908,811966400
2005-06-07,1.1246023963956637,1.1284907387613259,1.0902066197986815,1.0928982496261597,745264800
2005-06-08,1.0955893762240903,1.1141334702553831,1.0937947574950175,1.1042630672454834,404006400
2005-06-09,1.1066567907796543,1.1347714909342441,1.1012727339524473,1.1260977983474731,390255600
2005-06-10,1.1186199380484292,1.1186199380484292,1.0623897431497833,1.0710642337799072,678932800
2005-06-13,1.0734566186575303,1.094991342061377,1.0713629968847291,1.0737556219100952,435772400
2005-06-14,1.0743543331706498,1.0812334098142418,1.069270076059726,1.0767470598220825,347846800
2005-06-15,1.1027680849742412,1.1156290180983377,1.0857197087774237,1.110543966293335,563343200
2005-06-16,1.11233929080071,1.1389590797911098,1.1012729701053197,1.1359684467315674,547674400
2005-06-17,1.1506238139787097,1.1527174361086843,1.1314809136613073,1.145837664604187,596125600
2005-06-20,1.1320799517835376,1.1392579293946836,1.120115823813472,1.1249011754989624,323716400
2005-06-21,1.1281911158561606,1.142248860227157,1.11802171137169,1.1323784589767456,370526800
2005-06-22,1.1443429930894349,1.154511603443509,1.1407536548334825,1.1530166864395142,424925200
2005-06-23,1.1613905211148514,1.1898042061859613,1.156006467778924,1.1631852388381958,674254000
2005-06-24,1.1691675743145797,1.1700653833315193,1.1269951097331523,1.1293877363204956,410709600
2005-06-27,1.1018704926658651,1.139556589203882,1.0970851420038377,1.109647274017334,600171600
2005-06-28,1.1213123286788544,1.124302860680995,1.111740829257281,1.1159281730651855,350299600
2005-06-29,1.1135356884619825,1.115330407226589,1.0803358372537784,1.0878136157989502,448358400
2005-06-30,1.0949914247146646,1.1114417962227974,1.0860187307727618,1.1009734869003296,418390000
2005-07-01,1.1015717945579706,1.1057591397778648,1.0854204204463211,1.0917013883590698,250000800
2005-07-05,1.0931971826352798,1.1410527026343356,1.09170146676874,1.1359684467315674,454269200
2005-07-06,1.1278923223460013,1.1413512640783983,1.1126377635292068,1.1183208227157593,394626400
2005-07-07,1.1009734514631535,1.1293870479207264,1.100674448197643,1.1254996061325073,383723200
2005-07-08,1.1326772942194496,1.1449404194433646,1.1207132720457311,1.1440426111221313,290735200
2005-07-11,1.1476326715127982,1.1560073618044633,1.1299862807934429,1.139556884765625,388788400
2005-07-12,1.143444969191393,1.1485300217241257,1.1338743682087602,1.143743872642517,387038400
2005-07-13,1.1452398069772505,1.1515208738525726,1.1335747830881917,1.1470345258712769,684835200
2005-07-14,1.2200141652543721,1.2565035536520315,1.2032647872235869,1.2188173532485962,2096060400
2005-07-15,1.225397101451373,1.2433431869408362,1.2101434429311595,1.242745280265808,687682800
2005-07-18,1.2385581972855797,1.2591951167372857,1.2373613853424559,1.2409508228302002,586297600
2005-07-19,1.241847466984056,1.2929933961178004,1.2283885268828523,1.2917966842651367,671062000
2005-07-20,1.2819266862113383,1.3100421856306945,1.2756456192280459,1.3049570322036743,453395600
2005-07-21,1.3070510363976835,1.3172204469376376,1.283123675201554,1.2947880029678345,404264000
2005-07-22,1.2992749239036288,1.3160243034362793,1.2977792082647965,1.3160243034362793,301106400
2005-07-25,1.315724497448004,1.3243989892215888,1.3079486130983053,1.310341238975525,294627200
2005-07-26,1.3163232526139872,1.3193137852609635,1.2968813461296773,1.3049570322036743,268592800
2005-07-27,1.3109391405039923,1.3181179166139143,1.2762444680792153,1.315724492073059,283749200
2005-07-28,1.3115372984137716,1.3160244458157289,1.2950877191347907,1.310042381286621,251311200
2005-07-29,1.3028629170778943,1.327389069206919,1.2639809158279085,1.275645136833191,562080400
2005-08-01,1.2732528759294999,1.2885065377876406,1.2585971208772262,1.2786369323730469,314249600
2005-08-02,1.2828239909749068,1.3010682809746439,1.274449304191514,1.2917966842651367,296875600
2005-08-03,1.2917971815255072,1.2953865197920353,1.2792351465148273,1.292694091796875,258322400
2005-08-04,1.2828243663443342,1.2861140020993715,1.2648782756736485,1.2774403095245361,269304000
2005-08-05,1.2708598696389044,1.2968808379154417,1.256802025603961,1.2858145236968994,241931200
2005-08-08,1.2861135445685798,1.2935913209537495,1.2744492237291625,1.275645136833191,176383200
2005-08-09,1.2840200981430296,1.3127335995502192,1.2834221913800028,1.3106399774551392,380839200
2005-08-10,1.3160240825635543,1.3276883065022247,1.2953862651371968,1.2974799871444702,360945200
2005-08-11,1.2977792082647965,1.319612842926189,1.293591863381634,1.3160243034362793,271983600
2005-08-12,1.2998725024316944,1.3824227667973912,1.2968810719096877,1.3788341283798218,916036800
2005-08-15,1.3901997116261195,1.4455322017071888,1.389302801436946,1.426091194152832,1086727600
2005-08-16,1.417417573788685,1.420708008386982,1.382124096146019,1.3833208084106445,537622400
2005-08-17,1.387807137810301,1.418913270198645,1.386909329080004,1.410239577293396,499724400
2005-08-18,1.4030605458678682,1.405752174553569,1.368365880397715,1.3848154544830322,442559600
2005-08-19,1.384217475851436,1.396779607981696,1.3689638148152568,1.3707585334777832,376569200
2005-08-22,1.3803294890435243,1.3982756819295243,1.353710500939497,1.3719547986984253,387732800
2005-08-23,1.3713566259003322,1.3788343046539513,1.3555041585910885,1.3680661916732788,295604400
2005-08-24,1.363878665922873,1.409341541033485,1.3635796626400254,1.3689637184143066,572070800
2005-08-25,1.3794322241928143,1.3904985411239852,1.3701597274157231,1.377637505531311,276253600
2005-08-26,1.3794323112991789,1.3860122812458053,1.3567008707206947,1.3680661916732788,261058000
2005-08-29,1.354008777824658,1.3767402106136053,1.3537097746045057,1.371057152748108,256295200
2005-08-30,1.3755441208597237,1.3994714775141361,1.3734503985330493,1.3928914070129395,518761600
2005-08-31,1.4015652696507186,1.4066504238248454,1.3839189780062635,1.4024630784988403,402956400
2005-09-01,1.4057519381779335,1.4108370899038158,1.3785341567457974,1.3836193084716797,356367200
2005-09-02,1.3848157884251364,1.3997713479691687,1.379432529755586,1.3824231624603271,222378800
2005-09-06,1.3967799026682792,1.4619827033411679,1.3922935543191652,1.4595900774002075,818619200
2005-09-07,1.4670674428849058,1.477535852301659,1.4332696892033716,1.4560003280639648,963074000
2005-09-08,1.47604079378189,1.4990711450109577,1.4697597253703836,1.4889017343521118,702640400
2005-09-09,1.4975746578805766,1.5358595546360407,1.48919997086745,1.5346628427505493,615641600
2005-09-12,1.528381757094122,1.5442342199217574,1.5128290961776603,1.5373543500900269,452796400
2005-09-13,1.5259894543763746,1.5340652395597318,1.5050527327014531,1.5200074911117554,492884000
2005-09-14,1.5271854633573354,1.531073904448947,1.4793307525885022,1.4838171005249023,474426400
2005-09-15,1.4954812053737958,1.5008652613754734,1.475442194195885,1.4915927648544312,415156000
2005-09-16,1.5023610680744763,1.531672477722168,1.4939863796037072,1.531672477722168,591004400
2005-09-19,1.526886363477921,1.5819206415122062,1.526886363477921,1.5744428634643555,783731200
2005-09-20,1.5849111868336538,1.609437243240342,1.5828174650019091,1.5908931493759155,819828800
2005-09-21,1.584014521014231,1.5867061501657609,1.5511137698031021,1.5585906505584717,434747600
2005-09-22,1.5517116256217833,1.569358812718639,1.53496224721761,1.5523096323013306,463727600
2005-09-23,1.5582913996645997,1.6001649402348372,1.5505155167948674,1.5911922454833984,558457200
2005-09-26,1.6160179344796315,1.6318695073738587,1.594782203870854,1.610334873199463,546562800
2005-09-27,1.612726945063869,1.6222983450960657,1.598071191138087,1.5983701944351196,341703600
2005-09-28,1.5873038134199424,1.5885005253986637,1.5131282365745131,1.527783989906311,1125544000
2005-09-29,1.5322708184773448,1.5729475576073997,1.5197087830319065,1.565470576286316,636846000
2005-09-30,1.5651714362095994,1.6046514570186106,1.551711593988183,1.6034555435180664,531633200
2005-10-03,1.619905950450592,1.6312712720496803,1.6055491977768992,1.6282806396484375,507553200
2005-10-04,1.643534392715467,1.655498520323836,1.6043525736372883,1.6076430082321167,539459200
2005-10-05,1.6249901196649494,1.6258879283099001,1.577733418040939,1.5786303281784058,610769600
2005-10-06,1.5911923828328625,1.5998660750308904,1.5215032429157194,1.5463283061981201,757537200
2005-10-07,1.5469263569778688,1.553207323892522,1.5119317851863345,1.5343642234802246,677882800
2005-10-10,1.5481222898481297,1.5526095365920742,1.5038562151984745,1.5065486431121826,507505600
2005-10-11,1.5322708135084642,1.5514128200763198,1.507445646242772,1.5430381298065186,1225884800
2005-10-12,1.4551033342455815,1.5044546502082938,1.4317739897238064,1.473049521446228,2697486400
2005-10-13,1.4787321532813202,1.6136249987633544,1.4736477983007745,1.6073440313339233,1865575600
2005-10-14,1.6160175042974043,1.6255881063983513,1.5789293121595265,1.6151196956634521,1035552000
2005-10-17,1.6145216636851576,1.6219994416331889,1.575639554474644,1.5983701944351196,616834400
2005-10-18,1.5926880991292014,1.613624821315217,1.5612829659330951,1.5615819692611694,609588000
2005-10-19,1.5573948232082733,1.6438334517549071,1.5316727466523725,1.643235445022583,1008683200
2005-10-20,1.6291775278688592,1.6898941734859239,1.6255881899975715,1.6791268587112427,1357762000
2005-10-21,1.7000637258146882,1.7042511707928807,1.6557976483411379,1.664770245552063,796726000
2005-10-24,1.6525075384739787,1.6985683441162107,1.6477221856318116,1.698568344116211,609753200
2005-10-25,1.6869036114570464,1.7003624559840307,1.6656678845237256,1.6779301166534424,465127600
2005-10-26,1.6833141125109898,1.721598120437,1.6725467976781554,1.7057466506958008,631593200
2005-10-27,1.7045495382671556,1.705147544836176,1.6572928428649902,1.6572928428649902,411541200
2005-10-28,1.6761360247580823,1.6878002483024883,1.6202047370816377,1.6291773319244385,769787200
2005-10-31,1.6510127573535,1.7341609778498135,1.6375529093547847,1.722496747970581,940844800
2005-11-01,1.712027687600828,1.73894637511982,1.700960470470921,1.7198035717010498,749686000
2005-11-02,1.7263846538384422,1.794578191433201,1.7227952155238353,1.7930824756622314,857060400
2005-11-03,1.8023541420390263,1.8639675833887692,1.7966709834924703,1.8499107360839844,884382800
2005-11-04,1.8050458771231435,1.8316658562988688,1.783212346749936,1.8289741277694702,878035200
2005-11-07,1.8200006852667407,1.8445269431958453,1.7987649612300256,1.8014566898345947,638831200
2005-11-08,1.7930815538258844,1.8059433850326096,1.7676583921570646,1.7915866374969482,473765600
2005-11-09,1.7945781551914775,1.8307684461332554,1.7945781551914775,1.7978684902191162,552930000
2005-11-10,1.813719334292721,1.8304687073238957,1.764966930257449,1.8298707008361816,665344400
2005-11-11,1.8406381607055664,1.8576866381892387,1.8346560986633709,1.8406381607055664,425448800
2005-11-14,1.8406388982827737,1.8537990407125255,1.8217959943040436,1.8379473686218262,369933200
2005-11-15,1.8424329386663858,1.8866989988001515,1.8382454953284877,1.86277174949646,536841200
2005-11-16,1.8887928477075258,1.9459199454623377,1.8869980293449449,1.942630410194397,784515200
2005-11-17,1.9617727957324678,1.9704465881226978,1.9216939687000865,1.92976975440979,676205600
2005-11-18,1.953397960319244,1.9569873978121435,1.925283262368379,1.9309654235839844,524960800
2005-11-21,1.9387416671730944,1.9498078811520372,1.9058407306120595,1.9429289102554321,511711200
2005-11-22,1.9393395854673159,1.9967665763905817,1.9297690858743435,1.9895879030227661,540282400
2005-11-23,2.000355280009927,2.03325601987651,1.994673120150704,2.007235050201416,485853200
2005-11-25,2.0236859480479423,2.079915342421668,2.0188996987402636,2.0739340782165527,395012800
2005-11-28,2.1152090942584785,2.125677506505678,2.0658586640034238,2.083505153656006,1018519600
2005-11-29,2.093373994457547,2.1026455876475154,2.014412206993979,2.0368447303771973,891433200
2005-11-30,2.0467158427371297,2.0592779723613734,2.019498061608166,2.028470754623413,595674800
2005-12-01,2.0622690251362132,2.1454179009026237,2.0580815811832,2.1415295600891113,812893200
2005-12-02,2.161568030125336,2.1756258748075195,2.1146104441714884,2.1723363399505615,895762000
2005-12-05,2.15199849304893,2.1693458803489167,2.138239745289725,2.1481101512908936,583671200
2005-12-06,2.2112185502673913,2.2381372308433654,2.1938711690979456,2.2148079872131348,857029600
2005-12-07,2.220190997263813,2.2270707672838914,2.1869919538168516,2.2118163108825684,679464800
2005-12-08,2.189385078221642,2.2183976836041617,2.171438889735566,2.215705156326294,790479200
2005-12-09,2.219592765203662,2.2309588804982607,2.1938707021959973,2.223182201385498,555402400
2005-12-12,2.239334477553716,2.253690431110401,2.2300620797843607,2.240530490875244,524994400
2005-12-13,2.238734989209743,2.256980077012556,2.2195929915235872,2.2426233291625977,493816400
2005-12-14,2.1693453841750103,2.19237572723846,2.1017498707033893,2.1537926197052,1450716400
2005-12-15,2.173832133355763,2.1792161906064,2.1340522065601224,2.158877372741699,561162000
2005-12-16,2.157681479072776,2.1624669308543467,2.125378731122422,2.1268744468688965,671171200
2005-12-19,2.126874098313103,2.1714390724587,2.1247803761468775,2.1349496841430664,529295200
2005-12-20,2.1424263536956625,2.1648588882703486,2.1271726934153476,2.156783103942871,479108000
2005-12-21,2.1714391720373287,2.2016483935813085,2.1696445529554085,2.1983580589294434,475736800
2005-12-22,2.2106198534495607,2.2279672292022323,2.2013474603765264,2.213909387588501,370610800
2005-12-23,2.2183975157630247,2.221089044495661,2.192375544427003,2.193871259689331,229857600
2005-12-27,2.2133122682106343,2.2486056360383992,2.211816553012638,2.220191240310669,590590000
2005-12-28,2.227371262973177,2.236045058628268,2.192974784302997,2.2004525661468506,398115200
2005-12-29,2.206731980604095,2.2079287922457023,2.1361450522836556,2.137042760848999,490025200
2005-12-30,2.120892191350745,2.1663550773530593,2.1038437089340523,2.1502037048339844,624262800
2006-01-03,2.1648593341140487,2.2357451915740967,2.1609709927111425,2.2357451915740967,807234400
2006-01-04,2.2471103187258974,2.272533488227494,2.228267219051793,2.2423250675201416,619603600
2006-01-05,2.238136878549542,2.2402305999651575,2.205834946146766,2.2246780395507812,449422400
2006-01-06,2.2506996984026744,2.294068856654348,2.229762877154854,2.282104730606079,704457600
2006-01-09,2.294965303966165,2.309023149237961,2.265354896641267,2.2746264934539795,675040800
2006-01-10,2.2806094485716604,2.4493002635474617,2.268047513170452,2.4184930324554443,2279869200
2006-01-11,2.507623630283334,2.536336134155743,2.470236336644229,2.509418249130249,1493794400
2006-01-12,2.541421454969376,2.584192008972909,2.5010437262533127,2.521082639694214,1280809600
2006-01-13,2.5420196578811582,2.5725277833151345,2.530355432377526,2.5599658489227295,776305600
2006-01-17,2.563254848133979,2.58359366071997,2.50852037459835,2.533644437789917,835623600
2006-01-18,2.4848926284510733,2.5139050392466333,2.4481033349478176,2.46724534034729,1200637200
2006-01-19,2.4301578639965196,2.442420893873677,2.3550845682720074,2.3640570640563965,1695848000
2006-01-20,2.3712361910205058,2.393966835557334,2.268047387000222,2.2758240699768066,1134758800
2006-01-23,2.276123398158067,2.3796113246775854,2.2731329646911247,2.323082208633423,1059730000
2006-01-24,2.3556822515287794,2.3754232586969066,2.2662522085066596,2.2743279933929443,1142254400
2006-01-25,2.3147064515062277,2.317996186657692,2.1908799498512677,2.219294548034668,1275786400
2006-01-26,2.229165154127671,2.2560838397449157,2.1514001289006304,2.163363456726074,1181387200
2006-01-27,2.1819075048419787,2.2013486118552876,2.126575015828841,2.154390811920166,953864800
2006-01-30,2.128668908242661,2.291077749240586,2.119695413103007,2.243222236633301,1398401200
2006-01-31,2.258176638696542,2.2833006950677777,2.205834804672739,2.2584755420684814,913542000
2006-02-01,2.2417269854071806,2.2868901632025915,2.232454588125056,2.255784034729004,521186400
2006-02-02,2.2462135609555167,2.253990243614467,2.15498888831754,2.156484603881836,707322000
2006-02-03,2.1606716279448093,2.1771221014510287,2.124780248451061,2.1490066051483154,692123600
2006-02-06,2.154092108914458,2.1687477662480004,1.9961686157378735,2.012917995452881,1651767600
2006-02-07,2.0419299881606348,2.0781212644166724,1.994374191523785,2.021890878677368,1388830800
2006-02-08,2.0485096519276276,2.066156933129737,1.9740351821443436,2.0580811500549316,953114400
2006-02-09,2.066755008522557,2.0706435486951302,1.9300682790027435,1.942630410194397,1149764000
2006-02-10,1.9495097115490465,2.0239850022531454,1.8813161863400394,2.0132176876068115,1760477600
2006-02-13,1.992879242744269,1.9964686810747452,1.933358699939575,1.9354522228240967,883498000
2006-02-14,1.947116368318721,2.0368452884260155,1.9441257370955807,2.0230865478515625,1160938800
2006-02-15,2.0087311298120842,2.0823095319180522,1.9964688947460638,2.070345401763916,1159771200
2006-02-16,2.0909827310193814,2.123882681893332,2.078121694103789,2.110722541809082,948175200
2006-02-17,2.1026481462304356,2.120295243171221,2.0820104152467556,2.102349042892456,575999200
2006-02-21,2.1113203171762365,2.117601283361604,2.0541932155678317,2.066157341003418,779606800
2006-02-22,2.06376450715741,2.1436230396915903,2.033854196589197,2.1331546306610107,978238800
2006-02-23,2.147212932924293,2.183403218392724,2.1364446198265177,2.1460161209106445,856917600
2006-02-24,2.157680827770587,2.1801125638292516,2.129565333657305,2.1373422145843506,534744000
2006-02-27,2.15319413725946,2.1570826783795147,2.1131155079981427,2.1232848167419434,791240800
2006-02-28,2.1409317959278877,2.1654572578027613,2.0368460879458765,2.0485103130340576,1266980400
2006-03-01,2.058978137671132,2.0784200380682014,2.034452882453747,2.0667548179626465,763817600
2006-03-02,2.0634656803781106,2.093375196278439,2.0538943797145537,2.0820090770721436,625273600
2006-03-03,2.075727680011825,2.0909823380833785,2.0197973946666505,2.025479555130005,737668400
2006-03-06,2.0245831088734487,2.025480019079643,1.9423319304607867,1.9584825038909912,912665600
2006-03-07,1.9668567322150194,2.000954287183086,1.94651871901903,1.9833070039749146,872877600
2006-03-08,1.9827099335175862,2.0099277277089795,1.9545952289971187,1.9638668298721313,653251200
2006-03-09,1.9734378343643302,1.9880934892021869,1.9085338492697963,1.9121224880218506,799304800
2006-03-10,1.9157113626521465,1.9288714992633822,1.8678558666379161,1.8899894952774048,1043142800
2006-03-13,1.9456216805312376,1.9824107768325456,1.9378457956440016,1.964464783668518,861187600
2006-03-14,1.9671573359231893,2.013517141342163,1.959081747897441,2.013517141342163,642020400
2006-03-15,2.0251803720956145,2.0350507734437904,1.9596783968584417,1.9809141159057617,891996000
2006-03-16,1.9994579524099965,2.0009536671690604,1.9231886794601671,1.9234877824783325,749638400
2006-03-17,1.9366481515092948,1.960276496581583,1.9175061530495001,1.9339566230773926,812042000
2006-03-20,1.9507063515277507,1.9578842278784345,1.910327627320612,1.913917064666748,605441200
2006-03-21,1.848714828491211,1.9243861524952846,1.8361528915322487,1.848714828491211,1345366400
2006-03-22,1.8591820604606937,1.891783894117774,1.8325622879033572,1.8445264101028442,1345895600
2006-03-23,1.849012896579651,1.8514057214595308,1.7829131059559507,1.7993627786636353,1427826400
2006-03-24,1.8020559614941474,1.822693684257356,1.7655655684640565,1.793382167816162,1071980000
2006-03-27,1.8050460754485589,1.8358533022039536,1.7766324726940432,1.7799220085144043,1108072000
2006-03-28,1.7835112478681705,1.7987649086301956,1.7422358142308147,1.7559945583343506,1370322800
2006-03-29,1.768556882510686,1.8699502712734017,1.7248888138026242,1.864267110824585,2346834000
2006-03-30,1.8789226309375986,1.8932793822451193,1.8403395231999509,1.876828908920288,1390650800
2006-03-31,1.8917843245375,1.9025516376303007,1.86157510877884,1.8759318590164185,815357200
2006-04-03,1.9043467482456062,1.9178055921743138,1.8726418123385418,1.8738384246826172,815791200
2006-04-04,1.857388641971232,1.8609780810039163,1.8259835962074888,1.8295730352401733,931924000
2006-04-05,1.9354516265315653,2.010226011276245,1.9187022506054674,2.010226011276245,2233408800
2006-04-06,2.0428282370810664,2.1549889367743384,2.0398368058852094,2.1307625770568848,2663768800
2006-04-07,2.12148980426129,2.129864492320769,2.047912230524789,2.087393045425415,1545238800
2006-04-10,2.1023485671710977,2.121490777133364,2.047315162783493,2.0538952350616455,903515200
2006-04-11,2.0634661055654915,2.0727377059888066,2.006039088424317,2.0335559844970703,939316000
2006-04-12,2.0341548201475015,2.0389400721997775,1.9830087699325813,1.9952718019485474,739894400
2006-04-13,1.984205630358011,2.0171055867787646,1.968353159746507,1.9880939722061157,734678000
2006-04-17,1.989289566264964,1.999159971404109,1.924684675759909,1.9384434223175049,721938000
2006-04-18,1.9453222794357674,1.988093633133453,1.9378454989073024,1.9806158542633057,794844400
2006-04-19,1.9985609949565644,2.003944250150255,1.958182288136904,1.963566541671753,1086033200
2006-04-20,2.0790189706531272,2.093674629163392,1.9800182004009408,2.0227887630462646,1666982800
2006-04-21,2.039537840490552,2.0529974834484226,1.988093691420541,2.0051419734954834,788986800
2006-04-24,1.9994588071000405,2.0015525291221827,1.9590810803972303,1.9665578603744507,707028000
2006-04-25,1.9728389307951375,1.9916818290759235,1.9608756042076096,1.979119896888733,529062800
2006-04-26,1.9934764182357785,2.042228825387561,1.9859994398127614,2.0383412837982178,710886400
2006-04-27,2.025779851289253,2.0894868299604403,2.0144135314667846,2.0745322704315186,845947200
2006-04-28,2.0751309729357423,2.132557802620685,2.0697477130634296,2.105340003967285,760037600
2006-05-01,2.1167050561953946,2.1397356057525303,2.0685506337911637,2.0817105770111084,750380400
2006-05-02,2.098160351804457,2.152894827305429,2.096964338612576,2.142127513885498,771663200
2006-05-03,2.148408137378103,2.1519975740595148,2.0990577257937946,2.12777042388916,686991200
2006-05-04,2.1301636914819184,2.1801129233076195,2.1074330482181747,2.127472162246704,860420400
2006-05-05,2.1493065949363666,2.1609710202889008,2.128070068873439,2.1502037048339844,563911600
2006-05-08,2.183104456581096,2.207330816520483,2.1451193499635326,2.1502037048339844,594851600
2006-05-09,2.148109549640875,2.1702429814728905,2.112217972908181,2.124481201171875,531666800
2006-05-10,2.1322561428261233,2.1334527544798743,2.082008037443245,2.111619234085083,459888800
2006-05-11,2.117302105417208,2.1187978205710736,2.0203950979712952,2.0383412837982178,812688800
2006-05-12,2.0293672316285014,2.0544912858493856,1.999756831856997,2.024880886077881,641774000
2006-05-15,2.0150107417194505,2.045219950349664,2.0075337644127256,2.0275728702545166,529177600
2006-05-16,2.036845342170576,2.041331688460187,1.9366480121288956,1.9435269832611084,936740000
2006-05-17,1.9354510871808623,1.965062488436837,1.9163090912198295,1.9519015550613403,754194000
2006-05-18,1.9644650908625567,1.9818132796484023,1.887896852489654,1.8896914720535278,658442400
2006-05-19,1.8920824290401783,1.9405359165026979,1.8789216975154037,1.9294697046279907,985866000
2006-05-22,1.9103276181357027,1.9139170554645806,1.8774276705921087,1.8956719636917114,718975600
2006-05-23,1.939940788646307,1.9498104035102897,1.8843085470471275,1.8887948989868164,694414000
2006-05-24,1.8840074893568837,1.9037474951908817,1.8412361455946207,1.8944756984710693,916031200
2006-05-25,1.9219925718944952,1.9276755307303874,1.8929799708583606,1.924086093902588,463372000
2006-05-26,1.9234893574782723,1.9309661403816352,1.888494874703287,1.900757908821106,432950000
2006-05-30,1.892980397203261,1.8932795003672522,1.8310680389404297,1.8310680389404297,563402000
2006-05-31,1.847218350736838,1.848116059438776,1.7553956890347935,1.7876986265182495,1280977600
2006-06-01,1.7900914386265685,1.86277210712438,1.7802210345779628,1.8594815731048584,942508000
2006-06-02,1.8840077089079854,1.8872972443709846,1.8208983454284364,1.8442277908325195,685787200
2006-06-05,1.828973936737325,1.828973936737325,1.7936805693935571,1.7945774793624878,605785600
2006-06-06,1.8011577050299994,1.8134209346344106,1.7619767882747552,1.786203145980835,726037200
2006-06-07,1.7975692430229613,1.8065419384052483,1.7452273885057532,1.751508355140686,750506400
2006-06-08,1.7479191542452368,1.8223936541443797,1.7093352410663387,1.8173094987869263,1397482800
2006-06-09,1.829871475723861,1.8412367984956706,1.7676592071657742,1.7718466520309448,775838000
2006-06-12,1.776632530132152,1.7865021362539921,1.7036529526294797,1.7048487663269043,717785600
2006-06-13,1.7230940739417786,1.7676592546216465,1.7156164936246536,1.74462890625,1080643200
2006-06-14,1.7431334183614255,1.7580881747616548,1.6955768217915073,1.7230935096740723,878136000
2006-06-15,1.7138217189023188,1.786800474650666,1.6973714487830442,1.7760331630706787,1190383600
2006-06-16,1.7634717943439553,1.7703515667337937,1.7204023346460766,1.7215981483459473,838101600
2006-06-19,1.7296739081687482,1.7401423195112837,1.7048487442510667,1.710830807685852,704575200
2006-06-20,1.7230938858586375,1.745227521181346,1.7135225840974664,1.7189066410064697,672974400
2006-06-21,1.7269825084960817,1.7559949193259168,1.7138223672891248,1.7305717468261719,863296000
2006-06-22,1.7407396619438142,1.7871002365361577,1.7368521208679923,1.782015085220337,965633200
2006-06-23,1.7862027334702109,1.799662572278834,1.7565923260346112,1.759582757949829,660203600
2006-06-26,1.769752506736313,1.7706502154725028,1.7458250547545417,1.764369249343872,466536000
2006-06-27,1.76735973956457,1.7712480799840955,1.7168125121205227,1.7177094221115112,550611600
2006-06-28,1.7135225722634597,1.71382227444646,1.657293171488358,1.6755374670028687,850704400
2006-06-29,1.6976705499518643,1.7673597789317506,1.6866041340017712,1.763770341873169,873398400
2006-06-30,1.7224958614505033,1.727281112390485,1.6898940182776647,1.7129243612289429,739695600
2006-07-03,1.7204028094219108,1.740142825826944,1.7150187510957078,1.7332638502120972,194770800
2006-07-05,1.7093351142927475,1.7227949568636431,1.6916888256049871,1.7048487663269043,518240800
2006-07-06,1.7075411192022831,1.7168127176926,1.6632741532434279,1.668060302734375,633208800
2006-07-07,1.6593866942053508,1.6913898338179718,1.6351595379135977,1.6569932699203491,799360800
2006-07-10,1.6659665032552156,1.689594851938974,1.630075125864614,1.6450297832489014,529345600
2006-07-11,1.6483197765254378,1.6746405582766044,1.630972390158747,1.66447114944458,825022800
2006-07-12,1.6501139699130232,1.6522076917452209,1.5828174653443907,1.5840141773223877,927329200
2006-07-13,1.55619778810456,1.6187090461649005,1.5376536930325244,1.5627777576446533,1249906000
2006-07-14,1.570255278752464,1.5819203990709296,1.5002671525293612,1.5155208110809326,993036800
2006-07-17,1.5472250482302137,1.5885005812741806,1.5448324228618255,1.5663671493530273,1024542400
2006-07-18,1.589995243711746,1.6106329570171332,1.550814237512319,1.5822193622589111,1000448400
2006-07-19,1.5840137886832417,1.6474220369832477,1.5660677057873569,1.6181105375289917,1390743200
2006-07-20,1.8232914692163882,1.8421343707058773,1.786203273597277,1.8095325231552124,1972146400
2006-07-21,1.78919451324026,1.8289742339066695,1.7838104568640811,1.8161123991012573,891892400
2006-07-24,1.8322635572316583,1.857387619951931,1.8074385976271616,1.8370490074157715,722856400
2006-07-25,1.847816919940039,1.8570885165257855,1.8179066115833078,1.8523032665252686,589069600
2006-07-26,1.8543978440357627,1.9333586985237552,1.844826341275456,1.9103281497955322,898427600
2006-07-27,1.929171184311615,1.9447247509471994,1.8801196554012476,1.8962712287902832,735044800
2006-07-28,1.9124207608162942,1.9644636927886132,1.899260825718773,1.9617719650268555,691507600
2006-07-31,1.9988607214741378,2.0526974886150735,1.982410248761525,2.032658576965332,892841600
2006-08-01,2.0105244169622747,2.0317601349077914,1.9722404238501738,2.009328603744507,711765600
2006-08-02,2.023386550889465,2.054193783060289,2.019199305498555,2.0386412143707275,550768400
2006-08-03,2.0311627588638763,2.093673913070589,2.028172127009822,2.0814108848571777,841044400
2006-08-04,2.0054407522363293,2.052099442596873,1.9429293963994514,2.042827844619751,1852866400
2006-08-07,2.025479671885575,2.0817098622576973,1.9833071289406388,2.010226011276245,1245512800
2006-08-08,2.006636770318578,2.0072355756414617,1.9294707509987084,1.9375455379486084,997864000
2006-08-09,1.956987484569758,1.9620716393749853,1.896270939690634,1.901953101158142,955838800
2006-08-10,1.8917848076033013,1.9384435090335461,1.8753343313038313,1.9163100719451904,697760000
2006-08-11,1.8911851908574064,1.918104067919512,1.871744090240975,1.903747320175171,777529200
2006-08-14,1.9157120381540678,1.950706712654591,1.9022531930439353,1.912421703338623,717620400
2006-08-15,1.954294504818556,1.9889900646284135,1.9381439359711408,1.9874943494796753,861352800
2006-08-16,2.00693712172565,2.0359487369640394,1.9839065726643572,2.033257007598877,781284000
2006-08-17,2.0338543702361753,2.0535951768966316,2.0093291114860854,2.021592140197754,581148400
2006-08-18,2.0251811519106204,2.0458188724306465,2.011722107530847,2.031163215637207,536354000
2006-08-21,2.0129176370297426,2.0132175388471176,1.9785219734689272,1.990785002708435,526226400
2006-08-22,1.9943748448210474,2.043426372728063,1.9889907874664685,2.022489547729492,576968000
2006-08-23,2.0338546080642246,2.0532965135352064,2.0021504711209426,2.0132176876068115,536258800
2006-08-24,2.0305646412972367,2.039537335042141,1.982111136666948,2.028172016143799,655191600
2006-08-25,2.014114971174045,2.065260024728631,2.0132180608458494,2.0562875270843506,543958800
2006-08-28,2.0488102820197045,2.052099818029583,1.994374700692048,2.003347396850586,738161200
2006-08-29,2.003646614835206,2.0117224020483984,1.9477155088133615,1.988392949104309,947332400
2006-08-30,2.0141140459952815,2.028470794371205,1.9943740411076236,2.002748727798462,680142400
2006-08-31,2.0123198815110537,2.0428280036516937,1.993775685771614,2.0293681621551514,574697200
2006-09-01,2.048211484404569,2.053296637874483,2.0284714729136946,2.0452208518981934,408494800
2006-09-05,2.0628657258772902,2.1385369825778486,2.0503038000911538,2.137938976287842,1012457600
2006-09-06,2.12597566278408,2.1442209514239408,2.0847010333713394,2.0945706367492676,974103200
2006-09-07,2.1116194694564174,2.1977589456655737,2.101151063084403,2.177420139312744,1267957600
2006-09-08,2.1944693303954934,2.2004513929464258,2.150801072446926,2.16904616355896,895921600
2006-09-11,2.16635544076507,2.205237464134466,2.136146213311482,2.1684491634368896,949124400
2006-09-12,2.1777195963559297,2.1968615943651373,2.13704277571076,2.1723363399505615,1684687200
2006-09-13,2.1789166231132775,2.2228837856580426,2.1624663500094403,2.219294548034668,1146138000
2006-09-14,2.2049377767092606,2.233352174960166,2.1971608955959394,2.218397617340088,801729600
2006-09-15,2.2312591026078796,2.242624425946683,2.1920773795168107,2.2163045406341553,981853600
2006-09-18,2.20733083668994,2.2390349763037736,2.1923760764571902,2.2100231647491455,705278000
2006-09-19,2.216305614581147,2.224081503384592,2.1774225765315034,2.206435203552246,710049200
2006-09-20,2.224678383308445,2.263560389357232,2.2198921346141023,2.2509982585906982,822791200
2006-09-21,2.2506989833587188,2.2749261312412066,2.2139097067848446,2.232752799987793,794124800
2006-09-22,2.2222857538334253,2.2234825661277213,2.170841793675181,2.183403730392456,665112000
2006-09-25,2.2076300127889006,2.268945375920856,2.20493848307078,2.265655040740967,858992400
2006-09-26,2.2785148239951973,2.326370315799961,2.2761219994878923,2.3212859630584717,1102948000
2006-09-27,2.308125544922652,2.3170990373913725,2.2677476241695262,2.2853949069976807,810373200
2006-09-28,2.303639776626185,2.317398522884549,2.271636734758233,2.3033406734466553,723609600
2006-09-29,2.3063313675876995,2.3185935956882853,2.29346953564125,2.302443027496338,405812400
2006-10-02,2.24621380630013,2.269244154608268,2.2222855493513136,2.239035129547119,712639200
2006-10-03,2.2267723718960117,2.2417269299627858,2.189086174748526,2.215705156326294,790708800
2006-10-04,2.21630412030138,2.2569807527707004,2.1881886226617775,2.2545881271362305,829082800
2006-10-05,2.2291652258575816,2.2779176452305108,2.2172010989738262,2.238137722015381,683883200
2006-10-06,2.22587408681032,2.2444182787729487,2.207628997938513,2.2198920249938965,466958800
2006-10-09,2.2073311081018065,2.2456159219703777,2.1992553209413086,2.232156276702881,438222400
2006-10-10,2.2294651761222974,2.2306609903671046,2.185796891167157,2.2076306343078613,531588400
2006-10-11,2.1959650270243154,2.2127144026878494,2.1714387704424047,2.190281867980957,571855200
2006-10-12,2.2016478435145155,2.254886798631678,2.20134814140404,2.2509982585906982,592855200
2006-10-13,2.2620639992487277,2.2994510776195876,2.235445028802953,2.2438197135925293,684196800
2006-10-16,2.2489051143283163,2.269542832744584,2.2369409880947373,2.255186080932617,508692800
2006-10-17,2.2444188314600306,2.251297804906292,2.214509313685847,2.2219862937927246,480925200
2006-10-18,2.235745903709388,2.2542901074078,2.210621827185377,2.229166030883789,1133907600
2006-10-19,2.370637010782144,2.3912747283892477,2.3377370626080407,2.3625612258911133,1512977200
2006-10-20,2.3619638526334708,2.392471979598054,2.3529911559992156,2.39127516746521,639413600
2006-10-23,2.3924713992353723,2.4495984990458695,2.3852925248633245,2.43643856048584,832507200
2006-10-24,2.428960990384576,2.443018838531212,2.3987525703685404,2.42417573928833,463212400
2006-10-25,2.433148784191479,2.452589894459482,2.4229794743939124,2.443019390106201,485214800
2006-10-26,2.4495993782658045,2.470536205297255,2.4265690282659134,2.45827317237854,432756800
2006-10-27,2.4451114831310057,2.4660482969219535,2.393068751366569,2.4050328731536865,594966400
2006-10-30,2.392471766649254,2.419689556333527,2.3778161105378532,2.4053328037261963,499917600
2006-10-31,2.4361396465328933,2.443018619075596,2.3996492649282968,2.425072431564331,501474400
2006-11-01,2.4256697594388537,2.43404444217511,2.343716751061638,2.367644786834717,611192400
2006-11-02,2.360468106658929,2.372432034798235,2.34790597212924,2.362262725830078,465483200
2006-11-03,2.3736283336642323,2.378712687546385,2.326669741178122,2.3416244983673096,431888800
2006-11-06,2.361365421184395,2.3945652713005274,2.3458118579638483,2.38409686088562,434576800
2006-11-07,2.4062304067701996,2.422680886321242,2.396659701502262,2.408025026321411,525932400
2006-11-08,2.393369219883284,2.4732277883531464,2.389480877759695,2.466049909591675,690916800
2006-11-09,2.479508366420741,2.533046835349204,2.4561789182354086,2.492669105529785,923053600
2006-11-10,2.498950351372052,2.5004452683794542,2.467545313783405,2.486088514328003,373864400
2006-11-13,2.4890795962933376,2.5258680870261316,2.471732211988727,2.5228774547576904,450674000
2006-11-14,2.536335091659041,2.5423171520233154,2.5094172176974614,2.5423171520233154,588954800
2006-11-15,2.5438138870088727,2.569237054748587,2.512408856174024,2.513904571533203,655323200
2006-11-16,2.5384303655008935,2.581201723931489,2.5309533844767187,2.560563802719116,693940800
2006-11-17,2.5465059062324844,2.570434160017365,2.5423184618201304,2.567741632461548,466424000
2006-11-20,2.5542818441035036,2.6021373393810183,2.5482997824011386,2.586284875869751,570794000
2006-11-21,2.614700516971844,2.649993896484375,2.6054281179495407,2.649993896484375,622666800
2006-11-22,2.6616572116566393,2.714297956083014,2.6275604588622756,2.7011380195617676,671941200
2006-11-24,2.677808925296865,2.7839883361532163,2.676912015276788,2.74061918258667,518677600
2006-11-27,2.7669404567886153,2.7863813636498618,2.676912401688747,2.6781082153320312,1074836000
2006-11-28,2.7026342334077245,2.750788640187304,2.689174392649186,2.7460033893585205,1036173600
2006-11-29,2.781595351580133,2.786081698115765,2.6993432025181163,2.7457029819488525,1157083200
2006-11-30,2.7579668251254335,2.77202447337374,2.7235709615433805,2.741516351699829,870486400
2006-12-01,2.7457035521251263,2.761556018670885,2.6948574155999845,2.7313477993011475,795079600
2006-12-04,2.748096596587235,2.75318074993078,2.7068209706464197,2.725365161895752,709536800
2006-12-05,2.741217520441074,2.7615561356473073,2.717888073352744,2.7298521995544434,662838400
2006-12-06,2.711010000853625,2.733442345598278,2.681997584180143,2.6867828369140625,638184400
2006-12-07,2.6927647358356555,2.706822388257486,2.5991472199949945,2.603334665298462,1004827600
2006-12-08,2.6090171619329836,2.673622251379786,2.602138188068249,2.639824390411377,784277200
2006-12-11,2.658966567249508,2.6709306953309437,2.633543593749894,2.654480218887329,499780400
2006-12-12,2.650291720916318,2.657170691974689,2.55816997491943,2.5764150619506836,1026620000
2006-12-13,2.6305511692218055,2.6640499165288545,2.6066237207662373,2.663451910018921,857052000
2006-12-14,2.6634518594798804,2.6918664527377643,2.6398235145617694,2.6484971046447754,832330800
2006-12-15,2.662554808292799,2.668536869644061,2.6120075878842517,2.6236720085144043,739939200
2006-12-18,2.620980615120627,2.632047030696458,2.530054868321698,2.556375741958618,721576800
2006-12-19,2.534243493019321,2.5925674278139947,2.501044430485959,2.581501007080078,911405600
2006-12-20,2.5862855580736626,2.5922676213539613,2.5345425077140833,2.5351405143737793,567691600
2006-12-21,2.533345485598536,2.5566747299446524,2.4585711043685596,2.4795079231262207,903599200
2006-12-22,2.496257390897364,2.5136055719161066,2.440625806671756,2.458571195602417,613303600
2006-12-26,2.4570760041966024,2.469638134446187,2.419389813116137,2.4379332065582275,490688800
2006-12-27,2.3374374397204787,2.4525895682567977,2.2961627982541897,2.4382336139678955,1935754800
2006-12-28,2.399349718339537,2.4301569326395627,2.3823014437784513,2.418790817260742,1119876800
2006-12-29,2.51091255580071,2.5542817020579407,2.4932662734331807,2.537532329559326,1076429200
2007-01-03,2.5809030774856723,2.5895768721862895,2.4495995442916096,2.506427764892578,1238319600
2007-01-04,2.5139045574135146,2.5707327556688946,2.507024785937555,2.562059164047241,847260400
2007-01-05,2.565348771287689,2.5782098071799173,2.5243730381204648,2.543813943862915,834741600
2007-01-08,2.571031394803341,2.588079872493993,2.5506925832812426,2.556375741958618,797106800
2007-01-09,2.585688791148887,2.7809984437719164,2.5468057635233174,2.768735408782959,3349298400
2007-01-10,2.833938477385738,2.9251623625340955,2.7950556583291086,2.9012351036071777,2952880000
2007-01-11,2.869530538276649,2.894654605699105,2.8444064708541936,2.8653430938720703,1440252800
2007-01-12,2.829151367971858,2.8432092148491694,2.788474740643324,2.8300492763519287,1312690400
2007-01-16,2.8617538582604123,2.9087114589195258,2.854874884640823,2.9042251110076904,1244076400
2007-01-17,2.917984303601484,2.9191801173857415,2.8360320242162715,2.8399195671081543,1646260000
2007-01-18,2.754676993734153,2.75497609687088,2.663452334047328,2.664050340652466,2364605600
2007-01-19,2.65089052235807,2.681398644356853,2.6356366610270032,2.6470019817352295,1364473600
2007-01-22,2.666143902799524,2.6667427080420314,2.5617599093634444,2.5958566665649414,1454026000
2007-01-23,2.5641532574232193,2.617392030229726,2.5575733862915433,2.563255548477173,1207424400
2007-01-24,2.5925663539780164,2.606624001009209,2.5746209653752823,2.593165159225464,927813600
2007-01-25,2.605428270476041,2.647002620058332,2.5731261207905036,2.5797061920166016,905973600
2007-01-26,2.605427722292259,2.613204404440414,2.5420194498154873,2.5536844730377197,986874000
2007-01-29,2.5812014080631207,2.5916698191546663,2.5581708637280545,2.570434093475342,901664400
2007-01-30,2.585090108546639,2.5868847277835103,2.549796529226585,2.5587692260742188,577970400
2007-01-31,2.5381311800656365,2.5722287415435487,2.522877517505219,2.564152956008911,856069200
2007-02-01,2.57910700710295,2.5803028204414873,2.5345418453216553,2.5345418453216553,664342000
2007-02-02,2.515998911317483,2.549796575888594,2.5034367760978538,2.534842014312744,621530000
2007-02-05,2.521382188338102,2.5491987872196327,2.5106148719787598,2.5106148719787598,578852400
2007-02-06,2.5258677500524853,2.5264665552986147,2.478311951222353,2.516895055770874,864393600
2007-02-07,2.5267655298982645,2.5835937267356686,2.498949737571776,2.5767147541046143,1066825200
2007-02-08,2.555180094985285,2.58748304546242,2.5545822878378805,2.5776126384735107,679030800
2007-02-09,2.568639241834564,2.578209943972835,2.488780694603753,2.4905753135681152,860540800
2007-02-12,2.5252705385857115,2.5477030800260643,2.5013430800765475,2.5387303829193115,724071600
2007-02-13,2.5471046835035156,2.550992226027346,2.521381810968331,2.533345937728882,580986000
2007-02-14,2.531251520190185,2.561459933620391,2.5294567020008167,2.5512912273406982,507981600
2007-02-15,2.5554792534860455,2.5608625112724304,2.5357384452510288,2.5485994815826416,363661200
2007-02-16,2.5497960006340605,2.5545814512719613,2.5321489151298686,2.53723406791687,399868000
2007-02-20,2.531849431180131,2.577013196917175,2.5171935801457765,2.5692365169525146,617702400
2007-02-21,2.5716294647679026,2.676612061784263,2.5710314582099674,2.667938470840454,1155313600
2007-02-22,2.7157951198022237,2.7160940233735245,2.647900681077614,2.6772119998931885,838224800
2007-02-23,2.6667428678879537,2.7020362393484505,2.6574702713127927,2.664050340652466,517893600
2007-02-26,2.6870809193920504,2.691867169005376,2.6203831103901645,2.647301197052002,615848800
2007-02-27,2.5812002465775747,2.6045294842428772,2.494761667264637,2.5103142261505127,1145813200
2007-02-28,2.482499780091312,2.5602646068320367,2.482499780091312,2.530654191970825,919475200
2007-03-01,2.513306226160196,2.641320196371747,2.5049315364272027,2.603933095932007,1415528800
2007-03-02,2.5952600426482086,2.6182905957288503,2.5486005302622186,2.5545825958251953,860000400
2007-03-05,2.568937956921913,2.6514880207922826,2.5650494167515467,2.581798791885376,838899600
2007-03-06,2.626065337269509,2.641319797472257,2.6141020100334473,2.637730360031128,723186800
2007-03-07,2.6335424097439866,2.661059093286714,2.615596225690201,2.6236720085144043,626284400
2007-03-08,2.649694740610653,2.653582283231545,2.615896081668239,2.632047653198242,511011200
2007-03-09,2.655975927621232,2.6574708446224253,2.614102477787491,2.631150960922241,451836000
2007-03-12,2.6341409375323837,2.691567943549747,2.631748312005264,2.687978506088257,729408400
2007-03-13,2.674219475939021,2.709811948251089,2.6440112590789795,2.6440112590789795,867890800
2007-03-14,2.6499948780923046,2.691868543624878,2.629656251957537,2.691868543624878,796586000
2007-03-15,2.690670803156594,2.7026349316611817,2.6712296933417377,2.679006576538086,559498800
2007-03-16,2.6781078613791536,2.6915677015617305,2.6715279920198998,2.6796035766601562,571704000
2007-03-19,2.699045071623953,2.7382269873478733,2.67960396484743,2.7256648540496826,712961200
2007-03-20,2.732244757682724,2.7469004125813843,2.723570966068927,2.736133098602295,488916400
2007-03-21,2.7513869890710683,2.8115055287431203,2.7412176808727855,2.8076171875,686896000
2007-03-22,2.803430197419823,2.822273099997023,2.7815964625137943,2.8103091716766357,561492400
2007-03-23,2.792064549730658,2.8135991789294996,2.790568834237867,2.7971487045288086,450884000
2007-03-26,2.8112063522675124,2.8683334553303004,2.7905686347023457,2.866837739944458,864987200
2007-03-27,2.8626508066126286,2.896149563651274,2.8414150801216462,2.8551738262176514,932052800
2007-03-28,2.8378248070105703,2.8533783672526343,2.7860817698085,2.78877329826355,942337200
2007-03-29,2.8171884953988355,2.8171884953988355,2.758565675280051,2.804027557373047,725723600
2007-03-30,2.8198800170599427,2.8318441431097052,2.774118233261228,2.7789034843444824,600558000
2007-04-02,2.815692488311329,2.8189820236378944,2.7821937374276526,2.801036834716797,501992400
2007-04-03,2.815693283836212,2.848294335231003,2.8043271623569463,2.826460599899292,583934400
2007-04-04,2.839619703896811,2.845601766242359,2.8153933497388532,2.8195807933807373,476784000
2007-04-05,2.815093529546063,2.8318428993225098,2.797147348353647,2.8318428993225098,355516000
2007-04-09,2.847695523921481,2.8503870526742645,2.78279154433313,2.801036834716797,413341600
2007-04-10,2.801636400353198,2.819283695241195,2.7938597143242365,2.818983793258667,352466800
2007-04-11,2.808514283427688,2.810009999057688,2.761556479910426,2.7693333625793457,549018400
2007-04-12,2.752882931571684,2.7609587178963038,2.7134021082136317,2.75736927986145,656675600
2007-04-13,2.718785991023795,2.733740750588155,2.693661923075067,2.699045181274414,719941600
2007-04-16,2.7089166066223194,2.736732413983357,2.699345101651635,2.7346386909484863,609033600
2007-04-17,2.751685539030401,2.7606590323905698,2.6828934155297643,2.7023351192474365,751920400
2007-04-18,2.6966528409668693,2.7172905630981874,2.679903460561415,2.7038307189941406,464044000
2007-04-19,2.6975491646440846,2.729254097975733,2.6867818507737513,2.6999425888061523,425913600
2007-04-20,2.718485654041074,2.727160043514791,2.708316947036253,2.720879077911377,522779600
2007-04-23,2.739422720151946,2.805523319848163,2.734338565487226,2.7968497276306152,780290000
2007-04-24,2.8103081215916283,2.8829887742872775,2.7307484972095266,2.78877329826355,1055252800
2007-04-25,2.8183844173475268,2.8533790881431793,2.8055233806526574,2.8518831729888916,1187144000
2007-04-26,3.038219854729085,3.0657365435125485,2.9401162262348643,2.9562675952911377,1737778000
2007-04-27,2.93652641845702,2.9894662527405638,2.921870770527397,2.9885685443878174,699403600
2007-04-30,2.993654412087186,3.020872194913295,2.981092481347929,2.984980821609497,616509600
2007-05-01,2.9787002065267716,3.001431645238669,2.9475940797811004,2.9751107692718506,532523600
2007-05-02,2.9804954499167664,3.00711443625255,2.97511139274025,3.0026280879974365,505145200
2007-05-03,3.012796991507644,3.034331618541671,2.991262164805302,3.0029265880584717,576077600
2007-05-04,3.0148910213265427,3.0388184774672378,3.005918524776304,3.0151901245117188,381987200
2007-05-07,3.023265471383242,3.1210702085056488,3.0211719489211766,3.1082093715667725,861557200
2007-05-08,3.0947489782834467,3.1449971024509966,3.0932532630741583,3.142305374145508,783997200
2007-05-09,3.137819620189912,3.1991339680417656,3.1372208148935643,3.1967413425445557,717757600
2007-05-10,3.1892640360083298,3.2553646429741954,3.1680283085278895,3.2104997634887695,1197257600
2007-05-11,3.222463425369871,3.2640379640892148,3.193749922622395,3.2523727416992188,653696400
2007-05-14,3.278694337556397,3.290059660617414,3.237717796481026,3.2709176540374756,651946400
2007-05-15,3.277197314883181,3.2960404104046086,3.184776655502234,3.2158827781677246,954514400
2007-05-16,3.2460922444178117,3.25506573945261,3.0932541083905667,3.2104997634887695,1126767600
2007-05-17,3.204816346643258,3.2861705854349497,3.204816346643258,3.273308753967285,735291200
2007-05-18,3.2969380085309195,3.3092010352640155,3.2831792667147415,3.2906570434570312,621345200
2007-05-21,3.299331368144897,3.3633374454670117,3.291554686256396,3.349280595779419,639892400
2007-05-22,3.36453360889542,3.4022197998024684,3.3501770598204903,3.3959386348724365,572409600
2007-05-23,3.4102963187709894,3.4396076294261326,3.3675249667406106,3.3764984607696533,911374800
2007-05-24,3.3741058689035,3.423455890601107,3.301126100006494,3.310696601867676,887362000
2007-05-25,3.3498781366690706,3.4031168925418505,3.3349233806070258,3.398331642150879,632959600
2007-05-29,3.423157124488103,3.4354199537380326,3.3705161705166655,3.420166492462158,645694000
2007-05-30,3.4186708915533885,3.5556569458526486,3.395640746618797,3.5523672103881836,1478444800
2007-05-31,3.5912482927709473,3.654058340030485,3.575396628757829,3.6247470378875732,1297066400
2007-06-01,3.6220560728402433,3.6247480011815947,3.538010483980155,3.541299819946289,885262000
2007-06-04,3.5481796432542994,3.6408992247834333,3.526345113057264,3.6289350986480713,886673200
2007-06-05,3.6313277798919663,3.6696125826704677,3.6041101926865102,3.6690139770507812,920785600
2007-06-06,3.657946614005174,3.7102884522235793,3.647478406096107,3.6980252265930176,1112241200
2007-06-07,3.738404121103785,3.8167667274930808,3.6845663685038414,3.710886240005493,1915079600
2007-06-08,3.763229469478942,3.7635293713255287,3.657648844686672,3.723449945449829,1241682400
2007-06-11,3.7686135619485617,3.773099710015075,3.5753977124917413,3.5948386192321777,1874258400
2007-06-12,3.569714338445068,3.6403014859550424,3.5386084085841714,3.6005215644836426,1426566400
2007-06-13,3.623553618546816,3.624749632344539,3.451573223823443,3.514383316040039,1721353200
2007-06-14,3.5054078798440447,3.572704484102881,3.4820786352941,3.5517680644989014,973266000
2007-06-15,3.6076990013705963,3.6091945169003776,3.5849675646545087,3.604109764099121,811218800
2007-06-18,3.68725884235248,3.744087240816182,3.665126408051611,3.7413957118988037,910604800
2007-06-19,3.7294329548959664,3.7390042588670105,3.676194173904159,3.6986265182495117,943026000
2007-06-20,3.70490658593509,3.7285349369212226,3.634020334966705,3.6355154514312744,897512000
2007-06-21,3.6400030007724853,3.7174691347541096,3.610691684889198,3.7058041095733643,867045200
2007-06-22,3.704306995316849,3.7222531820944633,3.6603400357214926,3.6788840293884277,631876000
2007-06-25,3.714478579998931,3.7413974758941553,3.6208612499315906,3.6591460704803467,965403600
2007-06-26,3.7081948339454365,3.7087930400904,3.5508702118489075,3.578685998916626,1345005200
2007-06-27,3.6074007109087676,3.6501712666857284,3.567022980518492,3.6456847190856934,974696800
2007-06-28,3.659741943157691,3.663630283746936,3.5891552036532315,3.6059045791625977,838143600
2007-06-29,3.6480775576862934,3.70879430408332,3.6217576763474595,3.6501712799072266,1137841600
2007-07-02,3.620560617289311,3.6516665466332343,3.5682187633472005,3.6268417835235596,994862400
2007-07-03,3.6489748133958395,3.8104869134945156,3.634020055868734,3.803607940673828,1162481600
2007-07-05,3.8523610734437064,3.977084715412535,3.8490705388123003,3.97050404548645,1453051600
2007-07-06,3.9818697671696675,3.9881509342345454,3.900216592009793,3.9570446014404297,874694800
2007-07-09,3.959436374842188,3.974989736774582,3.863725375018153,3.8981218338012695,995820000
2007-07-10,3.854753630144456,4.022845628285681,3.8526599078302963,3.958540439605713,1255007600
2007-07-11,3.9501646539432254,3.9989172644708977,3.927433216170326,3.959735155105591,821772000
2007-07-12,4.003403747230375,4.0150687698819745,3.959735486746388,4.009984016418457,704608800
2007-07-13,4.038698587541093,4.123043300702345,4.023444722451356,4.119454860687256,907606000
2007-07-16,4.139192980296974,4.1867495724806245,4.1125732048772266,4.130519390106201,936112800
2007-07-17,4.13650148829868,4.175383292624477,4.112573241115866,4.154745578765869,709959600
2007-07-18,4.133212019744771,4.140689598915723,4.068906036884591,4.131118297576904,756856800
2007-07-19,4.196322972611142,4.211577639934603,4.17688205718423,4.187350273132324,732891600
2007-07-20,4.236699931296416,4.312371039618696,4.187348704966057,4.2995100021362305,1167773600
2007-07-23,4.286349140753773,4.3434770455286635,4.215164186159713,4.298014163970947,1036490000
2007-07-24,4.153849005967594,4.217257268802113,4.012376028372966,4.034509658813477,1795292800
2007-07-25,4.108088277097316,4.138297700801498,4.037801020607831,4.105396747589111,1496182800
2007-07-26,4.364115132293706,4.441581273946567,4.0964245217718895,4.366807460784912,2186629200
2007-07-27,4.372487420345244,4.454140966203896,4.300405971996934,4.302499294281006,1161098400
2007-07-30,4.316856579831884,4.350355329706379,4.174486693196984,4.230118274688721,1106988400
2007-07-31,4.2761780338457696,4.291432688606637,3.9337134304833588,3.9408915042877197,1762392800
2007-08-01,3.997122609941498,4.0491653543214,3.8215526741849417,4.037799835205078,1750156800
2007-08-02,4.087151241381515,4.09642383959496,4.012377041335229,4.082365989685059,852644800
2007-08-03,4.0455784922290325,4.066216220095204,3.933118449495138,3.943587064743042,679187600
2007-08-06,3.974991755213854,4.04587683322662,3.837407048227807,4.045279026031494,925170400
2007-08-07,4.036005791136065,4.1047983198726445,3.9669145585763808,4.038697719573975,949936400
2007-08-08,4.090440885742427,4.093431517650702,3.948070993178626,4.008188724517822,808096800
2007-08-09,3.9214500526846297,3.9779793284560805,3.7413944177875407,3.7802770137786865,1125395600
2007-08-10,3.682474006043729,3.820955580453321,3.5981293072753533,3.738704204559326,1410749200
2007-08-13,3.8380035667886463,3.868810790297032,3.7835679943345246,3.8221518993377686,752911600
2007-08-14,3.8371069112826532,3.8374056151002596,3.7001200626511985,3.7096917629241943,739006800
2007-08-15,3.671108583211459,3.734517665813175,3.578687686904412,3.5861656665802,992852000
2007-08-16,3.4997252364182847,3.544290396878467,3.338512471623967,3.5009212493896484,1866690000
2007-08-17,3.64927467138221,3.6938398500445175,3.583772668116539,3.6507701873779297,1195062400
2007-08-20,3.7075986453322534,3.723749818958966,3.6041109337686734,3.655555486679077,803317200
2007-08-21,3.655257314378215,3.857146814403526,3.6190666202224167,3.8155722618103027,1303047200
2007-08-22,3.9247416808448965,3.9705028607605817,3.8981219025584433,3.963324785232544,1061765600
2007-08-23,3.980671618890801,3.988149595556561,3.8810730842220407,3.9202539920806885,866838000
2007-08-24,3.9041057289903534,4.048868110141176,3.8825702946657703,4.046774387359619,911834000
2007-08-27,3.989644682384857,4.027629972462936,3.951060786848183,3.955547332763672,707439600
2007-08-28,3.9178610441332906,3.9603332783618317,3.787455307597515,3.793138265609741,1179365600
2007-08-29,3.88466292115575,4.0132749014989795,3.874494610337156,4.010283470153809,1166860800
2007-08-30,3.968111132792764,4.135007125504819,3.9570447136537235,4.075187683105469,1435582400
2007-08-31,4.17209621996426,4.176881872454291,4.109883935604329,4.141887187957764,876887200
2007-09-04,4.18555307525492,4.358729782359589,4.1825624434953035,4.311771392822266,1316842800
2007-09-05,4.335999428062038,4.362020606423361,4.0707008936321225,4.090441703796387,2328222400
2007-09-06,4.05454852547464,4.1146662392682005,3.9693057572202624,4.038097858428955,1901261600
2007-09-07,3.9483705484251996,3.957044140691963,3.8882520115286887,3.9411916732788086,1430576000
2007-09-10,4.097320354795025,4.128725387998889,4.006395389951517,4.0889458656311035,1487838800
2007-09-11,4.124538242228007,4.136502368364855,4.000413228914788,4.052456378936768,971885600
2007-09-12,4.067409951495449,4.169401311735337,4.060231477201308,4.093132019042969,1022770000
2007-09-13,4.152353190261555,4.157438342658677,4.087150307184954,4.103600978851318,656163200
2007-09-14,4.08475830109876,4.156840164030053,4.07369188381409,4.1517558097839355,607320000
2007-09-17,4.157140827649313,4.2049953440437875,4.115566280586164,4.139792442321777,793371600
2007-09-18,4.1592349561457205,4.27259228720901,4.122445657462067,4.2148661613464355,1064089600
2007-09-19,4.277675255767484,4.2818623003761305,4.169401916151262,4.210378646850586,1026880400
2007-09-20,4.191834813461045,4.240887335479395,4.167010048277907,4.196620464324951,691840800
2007-09-21,4.221443907095368,4.326426694015195,4.1966191496888525,4.311471939086914,1138880400
2007-09-24,4.388639677912256,4.4819582589172535,4.386247252162949,4.434999465942383,1052161600
2007-09-25,4.391931115653596,4.58275456282782,4.39133211058557,4.581557750701904,1192550800
2007-09-26,4.620140149696514,4.6359918152851085,4.5238309484117645,4.569293022155762,975268000
2007-09-27,4.599203279055749,4.621634813233257,4.555834128833576,4.621037006378174,658198800
2007-09-28,4.589333554851894,4.624029119756974,4.568695837527509,4.590230464935303,615101200
2007-10-01,4.624925654707472,4.708074723540729,4.574079323039067,4.676070690155029,837068400
2007-10-02,4.682352243687127,4.743368485685169,4.662612235084386,4.739181041717529,792069600
2007-10-03,4.719142498577578,4.761015748832654,4.696111951368419,4.723329544067383,692518400
2007-10-04,4.725722363464265,4.728114789739555,4.591129117482587,4.673081398010254,656958400
2007-10-05,4.7367870863964985,4.832796783678072,4.716747977745135,4.828908443450928,943471200
2007-10-08,4.889924412202104,5.022124767303467,4.874370654066345,5.022124767303467,835928800
2007-10-09,5.090616564633421,5.117834541024925,4.985335093436605,5.020628452301025,1104286400
2007-10-10,5.011360788995389,5.021230397661562,4.953036852725433,4.988629341125488,667590000
2007-10-11,5.069385886068215,5.140869581769863,4.582457269329477,4.852242469787598,1643992000
2007-10-12,4.8755686095778445,5.003282848173977,4.839377530909203,5.002385139465332,988176000
2007-10-15,5.02422021786856,5.071775623112334,4.890224798990421,4.994309902191162,1077930000
2007-10-16,4.951241887188769,5.090022192720829,4.939576461811165,5.072076797485352,1067830400
2007-10-17,5.165092188250089,5.175560395301618,5.060109417349129,5.166886806488037,1127613200
2007-10-18,5.129500195192666,5.209956524213453,5.116041355847895,5.189319610595703,823676000
2007-10-19,5.211454130859753,5.22311915426244,5.0846375839443985,5.0971999168396,1291780000
2007-10-22,5.0951077641956966,5.231196551121378,5.083442737199696,5.215044975280762,1649499600
2007-10-23,5.6397600330368,5.640956046304896,5.466284198715066,5.567976474761963,1795164000
2007-10-24,5.5575083840258435,5.599381628087811,5.361002800821926,5.561097621917725,1288481600
2007-10-25,5.5293940742808045,5.560201303461091,5.433383947139523,5.466882705688477,973602000
2007-10-26,5.541955446039198,5.544348271312056,5.469873581377667,5.524309158325195,706876800
2007-10-29,5.546740863603286,5.580838624764151,5.524309324007474,5.53597354888916,540554000
2007-10-30,5.568576313148613,5.663987843479038,5.525207145298973,5.593101978302002,939414000
2007-10-31,5.611942422054626,5.686417895181414,5.53178518809583,5.681333541870117,833310800
2007-11-01,5.6409545813630135,5.68581964305301,5.383731928192361,5.606259822845459,805036400
2007-11-02,5.6592010498923955,5.66608002268219,5.4881176501692295,5.61912202835083,1002114400
2007-11-05,5.541956548786256,5.651724634663796,5.510551509504298,5.568576335906982,804176800
2007-11-06,5.594596550389433,5.742649423327346,5.541357784022242,5.736368656158447,954727200
2007-11-07,5.701076188330589,5.762989759401073,5.567081133530409,5.572165489196777,994327600
2007-11-08,5.5832312827160955,5.590110256038971,5.017939090770883,5.24824333190918,1890378000
2007-11-09,5.119034567650323,5.237775749775242,4.941370850284596,4.9461565017700195,1526380800
2007-11-12,4.943464047628515,5.015845820645688,4.505288262800236,4.598905563354492,1769065200
2007-11-13,4.810964208405193,5.113948901704006,4.598904873343806,5.083440780639648,1739446800
2007-11-14,5.2987902015439685,5.311053030883238,4.897402575167904,4.968288421630859,1449168000
2007-11-15,4.976663022871547,5.072374024975547,4.794513215421041,4.914151668548584,1487410400
2007-11-16,4.944060797463656,4.99550573163726,4.7655006406920934,4.976662635803223,1383494000
2007-11-19,4.967990121227304,5.0308001880526145,4.84835165149449,4.903684139251709,1154428800
2007-11-20,4.95512945287784,5.13817581003044,4.89112216997069,5.050241470336914,1543642800
2007-11-21,4.960213715312218,5.154925508064557,4.925219439180155,5.038577556610107,1217809600
2007-11-23,5.144457105894353,5.145952621856627,5.0771604849388465,5.130699157714844,465757600
2007-11-26,5.192013325807283,5.3020800976902,5.154924932058458,5.160608291625977,1305754800
2007-11-27,5.2407641472493935,5.2578126240577125,5.0849354305890015,5.228501319885254,1317030400
2007-11-28,5.288622428954286,5.401680656998229,5.244655051860644,5.390315532684326,1150912000
2007-11-29,5.366685461183362,5.538366696276103,5.358310571990206,5.512046813964844,1050926800
2007-11-30,5.603272523519592,5.6140398427671085,5.374763197611764,5.450135231018066,1187802000
2007-12-03,5.4393640520546125,5.507558356688391,5.31494036473095,5.349635124206543,961469600
2007-12-04,5.298491831821753,5.410652329567668,5.293705781607649,5.378051280975342,773799600
2007-12-05,5.470172445652079,5.563191128052289,5.45581589397855,5.54823637008667,892402000
2007-12-06,5.5688731734424675,5.6858200883241246,5.566779451763931,5.681333541870117,899810800
2007-12-07,5.698980637724742,5.832079138800447,5.624206450186161,5.811441421508789,1066066400
2007-12-10,5.79020600066199,5.852118359239122,5.763287115102799,5.808749198913574,722377600
2007-12-11,5.824899670445053,5.887111919118939,5.604764973555489,5.639160633087158,1110925200
2007-12-12,5.785717208924995,5.8168235310293,5.556012025256312,5.708551406860352,1225660800
2007-12-13,5.6885132392110584,5.746239354709488,5.617627382367568,5.737564563751221,864617600
2007-12-14,5.693895486945338,5.778539261634905,5.669070330914976,5.694493293762207,674312800
2007-12-17,5.704364665613628,5.762089572554947,5.472863636900225,5.5153350830078125,1024693600
2007-12-18,5.578745157492199,5.6029717165401145,5.341860229590923,5.472864627838135,1222603200
2007-12-19,5.472864767110492,5.522515097870173,5.410652501734563,5.477052211761475,827478400
2007-12-20,5.546141739238621,5.6179244858434885,5.483331686208144,5.5993804931640625,774057200
2007-12-21,5.686418313708252,5.79977560043335,5.679539341309052,5.79977560043335,993960800
2007-12-24,5.833274940244966,5.961886898362876,5.826097263338477,5.9460344314575195,480202800
2007-12-26,5.952315611178095,6.010639527387042,5.886813618709627,5.950520992279053,703732400
2007-12-27,5.95052062142508,6.070457782343084,5.916124959347011,5.939155101776123,795527600
2007-12-28,5.999573367601265,6.028585176370645,5.888608490269208,5.976841926574707,699647200
2007-12-31,5.966971439053757,5.996880956231021,5.9146295843252155,5.924499988555908,539333200
2008-01-02,5.960092680875028,5.989703095962578,5.759100143144176,5.827592372894287,1079178800
2008-01-03,5.844642025368144,5.903862859317467,5.763287555479867,5.83028507232666,842066400
2008-01-04,5.726199639711012,5.772559436552466,5.350534815224519,5.385229587554932,1455832000
2008-01-07,5.421118565938123,5.491406584397799,5.091514593548576,5.313145160675049,2072193200
2008-01-08,5.38791986973364,5.457310995678346,5.108564341244217,5.122023582458496,1523816000
2008-01-09,5.12351825381062,5.3687771838333145,5.03378932827347,5.365786552429199,1813882000
2008-01-10,5.3113523424185205,5.413643223757555,5.246448556177726,5.324512481689453,1482975200
2008-01-11,5.2640956136206976,5.319428905825786,5.0846380899617625,5.16509485244751,1232285600
2008-01-14,5.309559955950164,5.366387981029951,5.239271884116626,5.347246170043945,1100450400
2008-01-15,5.315538966146074,5.360402834401249,4.924918698377135,5.0559234619140625,2343278000
2008-01-16,4.941967863413802,5.0550260571003145,4.686839269589267,4.774773597717285,2213845200
2008-01-17,4.8307053679522145,4.945857309387078,4.738284471989838,4.812160968780518,1757859600
2008-01-18,4.836688251288961,4.957523583537032,4.7738781581994,4.8262200355529785,1724343600
2008-01-22,4.428419613965394,4.784942167123472,4.366805965103168,4.655134201049805,2434754000
2008-01-23,4.073392834780738,4.187348341822591,3.772800951822952,4.15953254699707,3372969600
2008-01-24,4.187050071530647,4.208286000487122,3.948371296357878,4.055746555328369,2005866800
2008-01-25,4.1571407991302225,4.160131431840362,3.8765883825221295,3.888551712036133,1554739200
2008-01-28,3.833219216516076,3.9839636376474172,3.7820729678514597,3.888551712036133,1474844000
2008-01-29,3.922649070983375,3.971700399116861,3.8598389954590533,3.9343132972717285,1099982800
2008-01-30,3.929228650666594,4.051259953549858,3.8882523134113147,3.9534552097320557,1243051600
2008-01-31,3.8718014705659445,4.087150960202478,3.8703067533943165,4.048568248748779,1345674400
2008-02-01,4.074887138422869,4.085355347454713,3.953454076705226,4.000412464141846,1010744000
2008-02-04,4.014171490939907,4.064718729832742,3.9307237012570213,3.93760347366333,899234000
2008-02-05,3.901112628032466,4.007890048186817,3.8553506483453908,3.8691093921661377,1141042000
2008-02-06,3.913076981582232,3.9456788249419064,3.6420959225018694,3.648974895477295,1573272400
2008-02-07,3.5882591604537164,3.7321246023170525,3.5075024959474366,3.626244068145752,2083331600
2008-02-08,3.6513682086851986,3.7596411652665775,3.6370112558540546,3.753061294555664,1355972800
2008-02-11,3.8287318826358163,3.8876536045189978,3.804504927365304,3.8718011379241943,1201432400
2008-02-12,3.9091867087772103,3.918159399326323,3.6974265795154113,3.7345149517059326,1225980000
2008-02-13,3.788952732950392,3.881672729525063,3.7575476951976436,3.870307207107544,968534000
2008-02-14,3.87030690445857,3.91218055107896,3.798822042951871,3.812282085418701,954097200
2008-02-15,3.77669029909224,3.800916463164986,3.7105896820364723,3.727637767791748,901300400
2008-02-19,3.768314289907034,3.7910457297277267,3.632225552802974,3.654358386993408,1005046000
2008-02-20,3.6549557003056483,3.726738433475207,3.639402342171032,3.703409194946289,967439200
2008-02-21,3.770109855735085,3.7826717903889655,3.6148788940246335,3.63521671295166,938114800
2008-02-22,3.6633323650261196,3.6642292752484673,3.465629152216765,3.573005199432373,1529878000
2008-02-25,3.5469823175293222,3.594240209582117,3.4892574139708294,3.5813791751861572,1256774400
2008-02-26,3.5185686983855526,3.6217568747001545,3.452767212588041,3.5637316703796387,1504888000
2008-02-27,3.5362151406624296,3.6803796505529243,3.5320280962974486,3.6776881217956543,1475138000
2008-02-28,3.804504452908099,3.9540528112139923,3.7617339067602655,3.8855597972869873,1618254400
2008-02-29,3.8670177358427558,3.894534439509025,3.7327235549870874,3.7393038272857666,1255480800
2008-03-03,3.72195453761985,3.7680156240184113,3.5293365018406684,3.640899181365967,1593043200
2008-03-04,3.6486764089908443,3.7351152355333768,3.601120199066901,3.7273385524749756,1785383600
2008-03-05,3.6962319560228782,3.742891651709565,3.6564524319937655,3.723449945449829,1221836000
2008-03-06,3.7270392205901426,3.8134780418288083,3.6133828089905546,3.6169724464416504,1473698800
2008-03-07,3.6014181620698174,3.678286069910682,3.560741733324951,3.656451940536499,1230462800
2008-03-10,3.6483769956628103,3.692643061838599,3.5703122750749814,3.579883575439453,999588800
2008-03-11,3.711785464529427,3.8128795347553024,3.648975000491121,3.8089911937713623,1163943200
2008-03-12,3.7997194463908306,3.8487707615758207,3.743787960653198,3.76951003074646,1059629200
2008-03-13,3.711784714448571,3.873296390853439,3.6788837736466906,3.8266375064849854,1262102800
2008-03-14,3.8846611113992298,3.8972234399822945,3.7147745658316573,3.7868576049804688,1156640800
2008-03-17,3.6654247878914186,3.8460786556981477,3.6654247878914186,3.7904462814331055,1072598800
2008-03-18,3.8637270520234837,3.977982095175216,3.848473185921014,3.97259783744812,1205120000
2008-03-19,3.9815695911632205,4.016563457371363,3.8783810138702393,3.8783810138702393,1010536800
2008-03-20,3.9217512917645845,3.9866550885550054,3.8637264692096034,3.9860572814941406,908787600
2008-03-24,4.0081902881030285,4.212772512357702,3.997124266853341,4.1732916831970215,1066920400
2008-03-25,4.186149530555202,4.280065879970476,4.107487834141929,4.216657638549805,1052391200
2008-03-26,4.21337118844028,4.359031288429611,4.206492212463484,4.338692665100098,1182084400
2008-03-27,4.335400435928158,4.3461677482832215,4.187048491758126,4.194825172424316,999829600
2008-03-28,4.241186365737923,4.326427974928843,4.235204302260893,4.277376651763916,714610400
2008-03-31,4.285153268265365,4.358132844214063,4.262720929908782,4.292032241821289,768065200
2008-04-01,4.375779380717649,4.476275655263483,4.295323019647777,4.472387313842773,1032567200
2008-04-02,4.449955300594071,4.522337078955221,4.362320855964382,4.411372184753418,1044968400
2008-04-03,4.398510557401998,4.595016946147666,4.3967159383933305,4.534599304199219,1051568000
2008-04-04,4.551946769281123,4.627318768985866,4.508877112212222,4.578566551208496,854417200
2008-04-07,4.669789160071996,4.776267864282821,4.639281842657117,4.662611484527588,1158326400
2008-04-08,4.592624012881552,4.67936152603356,4.555834726603942,4.57138729095459,1014294400
2008-04-09,4.5854448430542805,4.602792025098425,4.500202052393025,4.529513359069824,873398400
2008-04-10,4.52024244093382,4.648554496545336,4.5043899741129625,4.622533321380615,955763200
2008-04-11,4.567801172417973,4.585148364391324,4.378771489054407,4.400905132293701,1210076000
2008-04-14,4.389837152563124,4.464012744742925,4.323138740569139,4.420045375823975,845087600
2008-04-15,4.468498465797285,4.4780701660074405,4.358431700445213,4.437991142272949,698037200
2008-04-16,4.537890060036924,4.609075032706338,4.504989902157249,4.597111701965332,795774000
2008-04-17,4.611166730152023,4.665901799510607,4.586641473633893,4.6207380294799805,704267200
2008-04-18,4.759220049705362,4.853136437106052,4.737087216460772,4.816647052764893,1026765600
2008-04-21,4.851641549080757,5.0397734668393825,4.838182703873961,5.029603958129883,1039152800
2008-04-22,5.006872650636871,5.024818842965233,4.72841395572935,4.7915239334106445,1439572400
2008-04-23,4.90667527891944,4.930303628698528,4.817843242210889,4.871979713439941,1504190800
2008-04-24,4.945259259592495,5.084039549326042,4.76131478633282,5.052933216094971,1696066400
2008-04-25,5.105573654941121,5.117536981074537,4.977559915529794,5.076561450958252,992474000
2008-04-28,5.077160624696038,5.196799109614264,5.058616625590092,5.151636123657227,787214400
2008-04-29,5.11783641665862,5.253925150481777,5.092114345326623,5.235681056976318,923476400
2008-04-30,5.269778720361069,5.383734245052798,5.1719739699162,5.2027812004089355,1139524400
2008-05-01,5.232991261467696,5.3837361335754395,5.230000627733074,5.3837361335754395,903576800
2008-05-02,5.389415258674691,5.441158895954716,5.340363948578684,5.4118475914001465,1006082000
2008-05-05,5.441159158513686,5.542552716307282,5.415137587402654,5.525205135345459,854557200
2008-05-06,5.523112164216405,5.596689941583759,5.44893697922386,5.582931995391846,918870400
2008-05-07,5.564685038241054,5.628990998077081,5.399882846349192,5.461197376251221,1157133600
2008-05-08,5.496494129531978,5.578147717870634,5.4755577011066165,5.535078048706055,899085600
2008-05-09,5.4782486715023735,5.510849719035212,5.424710002724598,5.486922264099121,673072400
2008-05-12,5.539563135343516,5.649032098497428,5.468975986335762,5.627796173095703,818563200
2008-05-13,5.641254474364046,5.726198161789186,5.618822938719395,5.681632995605469,823236400
2008-05-14,5.719618829752647,5.749827450680323,5.550330432087912,5.570968151092529,916823600
2008-05-15,5.5874184149556765,5.679839295882263,5.509353687217491,5.6747541427612305,873208000
2008-05-16,5.686121281784068,5.6918046424508795,5.59310217459161,5.6116461753845215,765769200
2008-05-19,5.618822028737952,5.643646784621921,5.4226144101825975,5.4914069175720215,945820400
2008-05-20,5.438167667290067,5.567975619612131,5.3873217367440445,5.560199737548828,969850000
2008-05-21,5.553320551893259,5.62151486906533,5.271572185785245,5.329596996307373,1157657200
2008-05-22,5.361599433313908,5.423511776703334,5.144455380461568,5.295498847961426,1206735600
2008-05-23,5.406762796525017,5.44325297708582,5.317931567712419,5.418726921081543,906917200
2008-05-27,5.465985493418822,5.576052665710449,5.4387679033530425,5.576052665710449,789905200
2008-05-28,5.605364761955493,5.621516335554167,5.494998870391769,5.5934014320373535,743979600
2008-05-29,5.585921694106942,5.628991741727475,5.548235502273121,5.583827972412109,647186400
2008-05-30,5.606561222013237,5.669072591967968,5.604467499641209,5.645443439483643,610184400
2008-06-02,5.640955038111181,5.672360064699533,5.519222872691663,5.566181659698486,679840000
2008-06-03,5.588913412343174,5.628992836099794,5.453722379222636,5.544348239898682,750520400
2008-06-04,5.503969056379811,5.595791704743777,5.480340711864995,5.538963317871094,726983600
2008-06-05,5.573361484596193,5.6780452056496875,5.554219279667989,5.6657819747924805,755445600
2008-06-06,5.623011183807445,5.68133510575446,5.549732901570452,5.552424430847168,966422800
2008-06-09,5.527000829469782,5.531486977310895,5.256617576273393,5.431887626647949,1888392800
2008-06-10,5.398988093913351,5.58652099527355,5.354422119539245,5.552424430847168,1140941200
2008-06-11,5.5135415206349485,5.563191850654245,5.371471501176443,5.407960891723633,961550800
2008-06-12,5.4283000428684085,5.461500100320578,5.120530023400067,5.182143688201904,1308333600
2008-06-13,5.133688617110415,5.209060607700875,4.944361131593652,5.155522346496582,1345957200
2008-06-16,5.123519744703835,5.320923038991411,5.05682133712467,5.289218902587891,1051730400
2008-06-17,5.326905253182505,5.443253990128753,5.306267533818217,5.426504611968994,899656800
2008-06-18,5.417230858812855,5.449533592518928,5.3044721909398485,5.3463454246521,811468000
2008-06-19,5.340364840954187,5.453722137226973,5.288022988739512,5.410651683807373,791949200
2008-06-20,5.3642927952033235,5.413644023599885,5.2341861003488654,5.24226188659668,888367200
2008-06-23,5.226410637616603,5.260508010398772,5.1312981956213335,5.179153919219971,645780800
2008-06-24,5.155526399214711,5.257518248688553,5.133393549305986,5.181847095489502,621947200
2008-06-25,5.222520699844857,5.348739842760588,5.200686966901357,5.305669784545898,644450800
2008-06-26,5.2063691273004915,5.229399668733689,5.025116625776956,5.032594203948975,869610000
2008-06-27,4.980252386736433,5.101685461673487,4.909665645685768,5.087328910827637,1042249600
2008-06-30,5.090319446904928,5.144455914188494,4.983542027953636,5.008068084716797,684196800
2008-07-01,4.912058532492476,5.225810555999099,4.905179559220908,5.224614143371582,1111280800
2008-07-02,5.240166624458635,5.307463226069069,5.030201435089111,5.030201435089111,837519200
2008-07-03,5.072375125007939,5.149542149668564,4.957521897575227,5.088226795196533,523362000
2008-07-07,5.179152592534695,5.297892963975093,5.141466389572559,5.23897123336792,820391600
2008-07-08,5.246149454267399,5.374760614178694,5.166589613649358,5.370274066925049,888350400
2008-07-09,5.38971585606341,5.410951783873288,5.208464109359833,5.211753845214844,895776000
2008-07-10,5.231793034500248,5.304174007528252,5.125613801398214,5.282938480377197,840688800
2008-07-11,5.248243337445657,5.297294658244838,5.114547020538965,5.161803722381592,930011600
2008-07-14,5.361004019539863,5.362797840220275,5.176760425905769,5.200687885284424,886054400
2008-07-15,5.158813410404121,5.196499612158159,4.976663967708521,5.073869705200195,1040043200
2008-07-16,5.0906188017787075,5.17227236750056,5.042764292634331,5.1686835289001465,747790400
2008-07-17,5.207266948850428,5.233588028623304,5.126211584623892,5.1387739181518555,757526000
2008-07-18,5.040371049137714,5.074169708929788,4.935089523726343,4.939575672149658,868414400
2008-07-21,4.99191743953689,5.009863630246894,4.81904019506741,4.973673343658447,1360469600
2008-07-22,4.456534748098967,4.868091065538035,4.38265747396135,4.845958232879639,1879592400
2008-07-23,4.93478968243921,5.035884147490432,4.832199701691673,4.972774982452393,1061768400
2008-07-24,4.9147500306610885,4.942865727230943,4.739181270716863,4.756528854370117,839619200
2008-07-25,4.797505430891227,4.8752710700653115,4.745163565412014,4.848950386047363,633637200
2008-07-28,4.855527645722349,4.859415985489996,4.606679491304348,4.618045806884766,780712800
2008-07-29,4.648256037151353,4.769091329481988,4.595615473236405,4.698205471038818,684070800
2008-07-30,4.71914277918543,4.800197755034909,4.668296429850113,4.781952857971191,725183200
2008-07-31,4.7119646833799,4.8513431891913585,4.695215302478102,4.75413703918457,637498400
2008-08-01,4.78254974783897,4.785242474973138,4.658425130171436,4.685642719268799,544639200
2008-08-04,4.683846053477452,4.722729048250103,4.573479430832758,4.583050727844238,592527600
2008-08-05,4.648554558064457,4.809468459553273,4.6306091676464565,4.804683208465576,688371600
2008-08-06,4.784643776115391,5.006872248558069,4.725722046715892,4.910862922668457,791408800
2008-08-07,4.866595378698123,4.969485261554205,4.830405096753037,4.892318248748779,672372400
2008-08-08,4.900993173464609,5.07417034466795,4.897703038028384,5.071178913116455,713997200
2008-08-11,5.0867307058742055,5.279049225703413,5.074766580719079,5.191114902496338,891304400
2008-08-12,5.189919091604484,5.362497210990917,5.189619988463948,5.285929203033447,836278800
2008-08-13,5.323316289461235,5.383733127081646,5.261104034326851,5.362796306610107,842346400
2008-08-14,5.333785274420655,5.397193551984876,5.319129617763769,5.363395690917969,711300800
2008-08-15,5.355020205379169,5.376255728788666,5.2356808526930845,5.25631856918335,708251600
2008-08-18,5.2512340206345325,5.318231531649063,5.198892165237346,5.245850563049316,552014400
2008-08-19,5.220425230463522,5.296097109854543,5.138772088290994,5.190217018127441,616204400
2008-08-20,5.2273070031439195,5.292210797445877,5.192611432751331,5.259310245513916,506951200
2008-08-21,5.218332333457035,5.247643640542692,5.14116612451965,5.212949275970459,539744800
2008-08-22,5.2587123601666335,5.308960500694026,5.251234780027115,5.28772497177124,439611200
2008-08-25,5.268580159723598,5.270973783220482,5.1342860611854935,5.160905838012695,484425200
2008-08-26,5.167187946501155,5.230596218559026,5.162701399137629,5.193508625030518,445550000
2008-08-27,5.183638807289185,5.256917491837304,5.150140048524909,5.224315643310547,477780800
2008-08-28,5.242559473952874,5.271571676744104,5.16688798500546,5.196498394012451,431384800
2008-08-29,5.1731709652976425,5.189322139453301,5.05592530122852,5.070580959320068,599289600
2008-09-02,5.15641974933666,5.1893202923629795,4.935088242670013,4.9706807136535645,780763200
2008-09-03,4.990122710331991,5.045156895288003,4.905179805532817,4.993711948394775,734834800
2008-09-04,4.960812197381474,5.0221275588257015,4.809768665268522,4.822031497955322,743386000
2008-09-05,4.743368272403716,4.857323768471248,4.715252578456622,4.790924072265625,786884000
2008-09-08,4.922228780623328,4.931800083083952,4.530113667684152,4.723329544067383,1045979200
2008-09-09,4.6916254387172,4.784345035983339,4.480164664760602,4.536693572998047,1245025600
2008-09-10,4.555835229798443,4.635693779000773,4.450553709980005,4.534599304199219,973142800
2008-09-11,4.432008525523169,4.575874328447874,4.366805643815023,4.565704822540283,971135200
2008-09-12,4.513662647348388,4.513662647348388,4.381760952399059,4.454740524291992,793027200
2008-09-15,4.2480652560326755,4.417353655743593,4.198115825653076,4.198115825653076,920634400
2008-09-16,4.003702188705366,4.262121672489478,3.952557156724301,4.18375825881958,1199836400
2008-09-17,4.142183118813851,4.142781724253467,3.8233468532562256,3.8233468532562256,1200455200
2008-09-18,3.9052996770000163,4.0506605871093555,3.60949350348081,4.010581970214844,1676253600
2008-09-19,4.265113469714587,4.312969179396924,4.076981963944747,4.214566230773926,1430875600
2008-09-22,4.185552433501104,4.19482462847769,3.9079915790521174,3.9196557998657227,856713200
2008-09-23,3.9435848836178202,4.061727424235529,3.7883531558697676,3.7937374114990234,1280364400
2008-09-24,3.8065989225917116,3.916666491205836,3.743190649007851,3.8496689796447754,1047015200
2008-09-25,3.8822682716193593,4.031517888013129,3.8439842818454646,3.9459760189056396,1006045600
2008-09-26,3.7360124451374026,3.8822707242998873,3.678885327746994,3.8356118202209473,1126451200
2008-09-29,3.5777904409303227,3.5795850600433234,3.008610057366124,3.1482882499694824,2622057200
2008-09-30,3.237716714673103,3.439607122460102,3.17939360445217,3.3995285034179688,1626682400
2008-10-01,3.347485954932854,3.360645894422133,3.21199502442814,3.2637388706207275,1296484000
2008-10-02,3.2305396503140034,3.2538689002613865,2.9909637875519617,2.9939544200897217,1609364400
2008-10-03,3.110602084680753,3.1853754811352353,2.8309466108761248,2.9033281803131104,2294398400
2008-10-06,2.7504893128949637,2.9544726280558553,2.6182889421393374,2.935330629348755,2107417200
2008-10-07,3.005318889275238,3.035827006399586,2.660461398093959,2.6667425632476807,1878772000
2008-10-08,2.5695356896786175,2.881194138692167,2.5626567175561976,2.6855854988098145,2207741200
2008-10-09,2.792064568486716,2.865343047362351,2.5901739241954984,2.6541810035705566,1617383600
2008-10-10,2.5632538838994154,2.990962001846832,2.5423170726148823,2.8952510356903076,2219299600
2008-10-13,3.1270527643044845,3.3059120903431305,3.0214713283524124,3.2978363037109375,1539076000
2008-10-14,3.477293674791142,3.4814811187958687,3.084878936657352,3.112994432449341,1980994400
2008-10-15,3.105815476201489,3.2003306692933915,2.927853303703779,2.929647922515869,1584175600
2008-10-16,2.9840834013421005,3.0935531487555696,2.7439095812560192,3.047492265701294,1980521200
2008-10-17,2.978999210358255,3.051978779731606,2.5689381866832393,2.9131975173950195,1762227600
2008-10-20,2.98438257515794,2.9918603536523394,2.800738031229423,2.9443037509918213,1549170000
2008-10-21,2.8997390571212933,2.928153460050321,2.7265619089215023,2.7364323139190674,2193660000
2008-10-22,2.912301018050742,3.028350058603652,2.779502598503664,2.897346258163452,2248808800
2008-10-23,2.886578471541408,2.968530734024291,2.7486951207032746,2.9380226135253906,1675430400
2008-10-24,2.701736160985301,2.928152827988639,2.695156291743925,2.882689952850342,1590058400
2008-10-27,2.843508219104233,2.920077224152931,2.747498308911417,2.754378080368042,1208771200
2008-10-28,2.8542764319163814,3.0059187638354734,2.762753445662247,2.988271474838257,1634133200
2008-10-29,3.016685635311591,3.2763011923694196,2.9891689428168147,3.1270523071289062,1950978400
2008-10-30,3.2371188644794833,3.355561306662844,3.218574869956025,3.321164846420288,1638089600
2008-10-31,3.2122938492360578,3.3133889073490725,3.1446983407511784,3.2179768085479736,1659756000
2008-11-03,3.1683273211452656,3.263141432297897,3.136324079410334,3.199134349822998,1057938000
2008-11-04,3.28975961236009,3.3435971734927152,3.1904599761290346,3.319669723510742,1398681200
2008-11-05,3.257458306037368,3.2816846656396956,3.0803930145151512,3.089665412902832,1256455200
2008-11-06,3.022367272439173,3.0741103002969243,2.9311426441010715,2.964043378829956,1319074400
2008-11-07,2.9682319047353105,2.9864761981238646,2.8629493953729117,2.938321590423584,1095253600
2008-11-10,2.9960471384502636,3.002926110119732,2.8264594816945467,2.867734909057617,1123822000
2008-11-11,2.835731889278015,2.9063188403681974,2.7594627765789763,2.834536075592041,1224538000
2008-11-12,2.764546293934167,2.788773445671013,2.6921655391737445,2.6954550743103027,1178976400
2008-11-13,2.6879788797143123,2.8844854831695557,2.57282694653411,2.8844854831695557,1854087200
2008-11-14,2.8043269042493173,2.811206676680485,2.6918673040069416,2.699045181274414,1405266800
2008-11-17,2.646404746430143,2.708317913916177,2.6099153522155127,2.636235237121582,1162526400
2008-11-18,2.6810996653396626,2.7214775941644063,2.597950782708276,2.6891746520996094,1209695200
2008-11-19,2.675117839392912,2.739123920748724,2.5785097123490317,2.580902338027954,1171900800
2008-11-20,2.5494964020515316,2.5856868742835886,2.3927697916149073,2.40742564201355,1716814400
2008-11-21,2.4504956580777923,2.515998450758445,2.367048473000055,2.469937562942505,1569271200
2008-11-24,2.548599057018833,2.8351332427939258,2.537532641461199,2.780099868774414,1442257600
2008-11-25,2.830348187647715,2.8327408129864273,2.6368324585710825,2.715794086456299,1235292800
2008-11-26,2.6894736138281967,2.848891750921322,2.68737989241069,2.841413974761963,899836000
2008-11-28,2.832442441294611,2.8342370603868003,2.747498734944421,2.77172589302063,297774400
2008-12-01,2.7307495330413714,2.7597619445734125,2.6595645684518083,2.6598634719848633,923767600
2008-12-02,2.6927634595587784,2.771127072560496,2.587182862663104,2.7657430171966553,1148722400
2008-12-03,2.673920696954216,2.8782037430288754,2.6559753077407127,2.868333339691162,1338680000
2008-12-04,2.824366012276476,2.8476954561578243,2.6637510344591737,2.734039068222046,1091370000
2008-12-05,2.7023357219133968,2.8261616516971166,2.6577699439958398,2.8115057945251465,1043795200
2008-12-08,2.909610126028464,3.014891674668611,2.8653438433714187,2.9825897216796875,1185142000
2008-12-09,2.9323406786977646,3.0986378419014624,2.9075155158621113,2.9927573204040527,1203496000
2008-12-10,2.9272548774163027,2.9757083803860067,2.8862791514265234,2.9374241828918457,938047600
2008-12-11,2.9117017961004064,3.0280498912778815,2.8363296220845466,2.841413974761963,1040617200
2008-12-12,2.7756143008399614,2.961053486098944,2.7675385147317617,2.9392199516296387,1041174400
2008-12-15,2.871025276691356,2.877605146724352,2.7815960295830084,2.833937883377075,891758000
2008-12-16,2.8109068769540957,2.885680251598807,2.774117597123935,2.8542752265930176,1093506400
2008-12-17,2.722672846743132,2.724766568461039,2.632644809556049,2.6667425632476807,1293860400
2008-12-18,2.6712286021869156,2.716691473260017,2.6452068329872866,2.6748180389404297,857416000
2008-12-19,2.690073724061887,2.7199832569640847,2.6559769444074925,2.691868543624878,801920000
2008-12-22,2.692465138112981,2.692764241294011,2.5330469363225743,2.5644521713256836,844740400
2008-12-23,2.5982490204841406,2.6281585305669943,2.5692366199956838,2.5835933685302734,635031600
2008-12-24,2.5764154714417993,2.579705206295261,2.528859075581583,2.5435147285461426,271334000
2008-12-26,2.591370649132175,2.6147000963615707,2.549497205514672,2.5665454864501953,308324800
2008-12-29,2.587780493378234,2.6206814321639826,2.5444113463446656,2.5904722213745117,686000000
2008-12-30,2.614700197384641,2.6335432976576327,2.5339437395930053,2.580902338027954,967601600
2008-12-31,2.5713307836169736,2.6242704418690623,2.552487685198165,2.5527865886688232,607541200
2009-01-02,2.568638375031736,2.722972359192644,2.547103753399704,2.7142977714538574,746015200
2009-01-05,2.7866805429281563,2.8767084008187394,2.772921597428769,2.828852891921997,1181608400
2009-01-06,2.8698293679600284,2.906318755965572,2.763351037574013,2.782194137573242,1289310400
2009-01-07,2.746003716014806,2.766640636798167,2.6996431238590817,2.7220754623413086,753048800
2009-01-08,2.704727467254603,2.786081708370443,2.693062247413223,2.7726218700408936,673500800
2009-01-09,2.787877431228452,2.792961786289122,2.696054745559253,2.709214687347412,546845600
2009-01-12,2.705625004830674,2.721477471820396,2.6185883839824764,2.6517882347106934,617716400
2009-01-13,2.6392262145373384,2.6840902913836935,2.5826971143145645,2.6233737468719482,798397600
2009-01-14,2.579406181116271,2.6096145976143124,2.5339433059715377,2.5521883964538574,1021664000
2009-01-15,2.4098190228506593,2.515998447029617,2.3942662577215894,2.4938650131225586,1831634000
2009-01-16,2.5213819714129095,2.5237745972489343,2.4047349227682626,2.4624600410461426,1047625600
2009-01-20,2.450496423275343,2.4525901460272057,2.3389337062835693,2.3389337062835693,919914800
2009-01-21,2.3745259723875503,2.4789108006187486,2.3721333462775096,2.477415084838867,1089270000
2009-01-22,2.6332446474558426,2.691867680537911,2.56684513032582,2.642815351486206,1409528400
2009-01-23,2.5967544539698295,2.687979139011378,2.5871839496078373,2.642815351486206,763770000
2009-01-26,2.657769370198071,2.7208793332732046,2.64101979423648,2.6810994148254395,692238400
2009-01-27,2.6975493997817765,2.7382270316616824,2.684090356104834,2.713700771331787,618038400
2009-01-28,2.755275218892174,2.8414149324190694,2.7367312222808056,2.8174874782562256,861406000
2009-01-29,2.784288190266452,2.8216754938888617,2.7696325317732056,2.7815966606140137,592729200
2009-01-30,2.769630740762363,2.8001380515683194,2.6921648536276077,2.695754289627075,651478800
2009-02-02,2.6649479347123664,2.751685444610566,2.658965872235271,2.737029790878296,558247200
2009-02-03,2.7492933758512113,2.7929616421009236,2.700242050955602,2.7809975147247314,599309200
2009-02-04,2.78817599147359,2.878801847358687,2.7845865541060664,2.7980453968048096,808421600
2009-02-05,2.7747156034009905,2.9087105897279,2.7702292568297815,2.885082244873047,749246400
2009-02-06,2.901833241860248,2.9909644130111075,2.901235434697044,2.9825897216796875,687209600
2009-02-09,2.9909641871439936,3.0806923600085354,2.9760086264369403,3.0660367012023926,715010800
2009-02-10,3.0307429460618676,3.066035717898451,2.903028903944125,2.9260592460632324,849060800
2009-02-11,2.8823915759396534,2.94041559458922,2.864445385630492,2.895850419998169,674973600
2009-02-12,2.866239990947274,2.983485838051069,2.866239990947274,2.9691290855407715,817188400
2009-02-13,2.960754233033702,2.9891688329840402,2.934733256987718,2.965839385986328,608977600
2009-02-17,2.8973457502264583,2.9024301041345746,2.8198798360419826,2.8273568153381348,678238400
2009-02-18,2.8429105691345473,2.86683782296622,2.773221331694738,2.8225717544555664,684779200
2009-02-19,2.7926624335712127,2.8189825144642477,2.6951567958168443,2.7110092639923096,922804400
2009-02-20,2.67392107311884,2.763650028492461,2.6619569461779036,2.7277586460113525,750316000
2009-02-23,2.741217742255046,2.7516859541919443,2.587482501821485,2.600642442703247,786982000
2009-02-24,2.6155968006899784,2.7184858825310747,2.602137758695678,2.699343681335449,807105600
2009-02-25,2.687679535548112,2.7792025013020907,2.669434443556399,2.7265615463256836,833053200
2009-02-26,2.7516864997133785,2.7792033986541376,2.660761710885446,2.6676406860351562,629868400
2009-02-27,2.629954392401878,2.730749784541121,2.6221777084488984,2.671229839324951,706658400
2009-03-02,2.6356368949872753,2.7277586767884876,2.6221772520268574,2.6302528381347656,770929600
2009-03-03,2.6598632299656697,2.713999906153874,2.6284581953482014,2.643113851547241,724340400
2009-03-04,2.6972494047242783,2.7747152975733433,2.6754156807717218,2.7268598079681396,741403600
2009-03-05,2.70562475736947,2.7477970997580394,2.645507026250549,2.6571712493896484,706899200
2009-03-06,2.64221616972301,2.6440109879123788,2.462459207893191,2.5512912273406982,1011147200
2009-03-09,2.51779410394844,2.6200844305905546,2.4696396739220843,2.485790252685547,698297600
2009-03-10,2.538431367588186,2.6670433988426945,2.5231776973119553,2.6508920192718506,844258800
2009-03-11,2.6861837890156917,2.8135989306597238,2.6793048161668542,2.772024393081665,846372800
2009-03-12,2.7786045547956317,2.8886723170693287,2.7516856707728414,2.8817925453186035,768457200
2009-03-13,2.880297246327255,2.9072161267775485,2.841713344635977,2.869230031967163,601168400
2009-03-16,2.887176576716842,2.912898648587023,2.8168885354510174,2.8539767265319824,797244000
2009-03-17,2.8485938181294106,2.9816913399899274,2.84350866468984,2.9807944297790527,786646000
2009-03-18,2.988270745547422,3.0950481690679137,2.9825885846373064,3.0364253520965576,796037200
2009-03-19,3.046296957606395,3.0866746988845186,2.9984414353101574,3.0394179821014404,500180800
2009-03-20,3.0534739028472373,3.0839820260869493,3.0080118194918466,3.0385191440582275,695587200
2009-03-23,3.072017974204056,3.2350255971084785,3.0433052697815457,3.2200708389282227,666397200
2009-03-24,3.181187254948943,3.2733088065040454,3.1521754544297176,3.1853744983673096,640612000
2009-03-25,3.21767783855861,3.2410070828940016,3.106414075282446,3.1850759983062744,646618000
2009-03-26,3.2251547586695763,3.289460733300484,3.217677979128774,3.2861711978912354,616252000
2009-03-27,3.2371191328377584,3.246091828048243,3.1823846537785117,3.1958436965942383,492872800
2009-03-30,3.12585502176092,3.1408095777795326,3.069026830349709,3.1252570152282715,502796000
2009-03-31,3.1539705105971176,3.2137901474418515,3.1405114666851937,3.1441009044647217,570080000
2009-04-01,3.1132932121644066,3.2601494552737655,3.1073111495383103,3.250877857208252,589372000
2009-04-02,3.2942463057065106,3.432129858055951,3.2834787923477755,3.3711140155792236,812366800
2009-04-03,3.4153804112355783,3.473405221120925,3.3953412999656347,3.4692177772521973,636241200
2009-04-06,3.4378133138051576,3.5517688310961173,3.3881629841333036,3.5427961349487305,658064400
2009-04-07,3.485369362784281,3.4895568066726215,3.415380427231911,3.4396073818206787,536580800
2009-04-08,3.4524678161384945,3.4931446373898147,3.427044852773489,3.4790875911712646,455630000
2009-04-09,3.541899939291234,3.589156654361002,3.528140790769805,3.5762956142425537,530756800
2009-04-13,3.589454859530614,3.618467470747719,3.5592466341806017,3.595736026763916,389236400
2009-04-14,3.576293788069957,3.594239973494729,3.5069034684404485,3.538607597351074,454622000
2009-04-15,3.5054075803625677,3.536813005758655,3.46233833236121,3.518568515777588,412882400
2009-04-16,3.5649290135880394,3.6833706674050126,3.5529648874758983,3.6325247287750244,593446000
2009-04-17,3.6244487981298215,3.716271465670613,3.596633004709187,3.691446304321289,497495600
2009-04-20,3.640898647458564,3.6785848401358763,3.5640307465741583,3.604109764099121,466466000
2009-04-21,3.555954340266975,3.6531612353409817,3.547280751049087,3.6417949199676514,470685600
2009-04-22,3.6678175782386484,3.749172026834307,3.625046232833656,3.6343188285827637,938767200
2009-04-23,3.7871575194352403,3.80450510321171,3.6941380349166533,3.7506673336029053,945156800
2009-04-24,3.7279373477590756,3.742892108910482,3.6779883097388906,3.7058041095733643,540764000
2009-04-27,3.6758944410048233,3.7387045152088305,3.668715564919441,3.730628728866577,480690000
2009-04-28,3.689353433036416,3.774895353681633,3.6866619034852803,3.7058041095733643,455856800
2009-04-29,3.734217244014501,3.7940358689207847,3.703709126340578,3.7428908348083496,458110800
2009-04-30,3.7751937647107634,3.7985234139258313,3.736311947804612,3.7635295391082764,498489600
2009-05-01,3.762631202788917,3.826937179166366,3.762631202788917,3.80570125579834,397516000
2009-05-04,3.8356111549550054,3.9555487294219263,3.8188617769596997,3.950165271759033,609358400
2009-05-05,3.9405948651318985,3.973794525493794,3.9217517606918006,3.969308376312256,398255200
2009-05-06,3.9878533678161086,3.992937724729345,3.8948338361176553,3.9630281925201416,473538800
2009-05-07,3.9579411645586307,3.9597357835626297,3.825441656123412,3.8601372241973877,531776000
2009-05-08,3.859540312917507,3.925043136646771,3.776391991915657,3.864027261734009,467964000
2009-05-11,3.8095896045855144,3.9169648242693915,3.8021116275998987,3.8753902912139893,404658800
2009-05-12,3.8750912421475685,3.8795777887995504,3.68636157235675,3.721355438232422,609481600
2009-05-13,3.68516670409338,3.7093940687913105,3.570612548517831,3.5739030838012695,595971600
2009-05-14,3.5825760598133014,3.6947377691901377,3.5801836334207473,3.67738938331604,447826400
2009-05-15,3.6585450246825135,3.7273375427847295,3.637309502295048,3.661536455154419,367567200
2009-05-18,3.7007193718003926,3.7895506198970472,3.63611428318007,3.7880547046661377,458841600
2009-05-19,3.793140244090818,3.8676149465193084,3.7608374968246943,3.811983346939087,372422400
2009-05-20,3.817366891550728,3.864624401011297,3.7476774395607646,3.764725923538208,388584000
2009-05-21,3.743189011349683,3.791941208530721,3.675593323032437,3.7141764163970947,407946000
2009-05-22,3.710289732198414,3.7141780733738936,3.641497601055848,3.6639299392700195,297998400
2009-05-26,3.731526932796134,3.91307862404331,3.7252457641356385,3.9115827083587646,636927200
2009-05-27,3.9414916257365404,4.037201842405652,3.915469650592034,3.9794769287109375,646422000
2009-05-28,3.99143932067855,4.049464527746148,3.9489678753110833,4.039893627166748,487552800
2009-05-29,4.049465044134012,4.064718506647053,4.003403956087717,4.0620269775390625,456534400
2009-06-01,4.08176799685127,4.187049519431694,4.067710147581245,4.16790771484375,452499600
2009-06-02,4.157139986455319,4.227426829795942,4.1379969857609264,4.172094345092773,456223600
2009-06-03,4.187346794716714,4.220546434082135,4.159531010168337,4.215761184692383,565199600
2009-06-04,4.1912370938879935,4.312371088551209,4.188545564557576,4.299210548400879,550634000
2009-06-05,4.346167689983332,4.378768729713754,4.283357636637596,4.327025890350342,632716000
2009-06-08,4.301602384351585,4.313864812313622,4.170298923784625,4.302499294281006,931652400
2009-06-09,4.301303550742764,4.32373588654394,4.2037983246968835,4.268702507019043,676964400
2009-06-10,4.255541904231357,4.257635625949177,4.136501664774228,4.194825172424316,688623600
2009-06-11,4.17388959910392,4.234007338206137,4.143979282792701,4.185852527618408,524823600
2009-06-12,4.15175502132664,4.160428611748692,4.068905061323287,4.096721649169922,563085600
2009-06-15,4.06800924248247,4.095525935941265,4.034510485516683,4.070401668548584,539750400
2009-06-16,4.087448848898167,4.141585308391132,4.070699475747721,4.078177452087402,514805200
2009-06-17,4.0877477301380685,4.11107776912171,4.023741671147668,4.05514669418335,571412800
2009-06-18,4.070999265329911,4.127528558996542,4.055446701213856,4.064120292663574,427680400
2009-06-19,4.12962041128886,4.17239174439477,4.094626954818281,4.1717939376831055,721856800
2009-06-22,4.207387441693959,4.234006419424613,4.077579492428327,4.10868501663208,634914000
2009-06-23,4.079673572597441,4.096123046434487,3.97439126946042,4.008188724517822,706532400
2009-06-24,4.05036274395833,4.112574204524413,4.033613366343233,4.074289798736572,485525600
2009-06-25,4.06023172071925,4.1933298108831565,4.044080951261921,4.183160305023193,589447600
2009-06-26,4.181068950738519,4.293828492368642,4.179573434324048,4.260329723358154,439384400
2009-06-29,4.290834871318079,4.305490525366772,4.23340866764456,4.246269702911377,567616000
2009-06-30,4.264514431800376,4.301003810879364,4.24118518938402,4.260027885437012,434224000
2009-07-01,4.292031639262231,4.326727202686879,4.2627203314647435,4.271991729736328,414178800
2009-07-02,4.224735128893582,4.271991826725866,4.181066869996558,4.18794584274292,370479200
2009-07-06,4.148463985316248,4.157138772696991,4.0751857325718595,4.145772457122803,498688400
2009-07-07,4.141883503967238,4.177775067045139,4.043181905171243,4.049761772155762,461596800
2009-07-08,4.065317122845694,4.128724990127832,4.020452052395577,4.104198932647705,575929200
2009-07-09,4.120349100868792,4.127228071227312,4.0656144443484035,4.078475475311279,343025200
2009-07-10,4.077881599960153,4.156543376724139,4.0772825946492555,4.143084526062012,445275600
2009-07-13,4.173590194389975,4.2573370933532715,4.113472448127045,4.2573370933532715,483501200
2009-07-14,4.248065147379812,4.28246081280795,4.222043971104293,4.255242824554443,347247600
2009-07-15,4.338095059791839,4.3967181117092355,4.316560419716516,4.393128871917725,485587200
2009-07-16,4.359629490214252,4.427225632168027,4.353946927341686,4.4122700691223145,393570800
2009-07-17,4.458928336464541,4.546862673909896,4.445468693485646,4.538786888122559,602154000
2009-07-20,4.5842487173205875,4.637188769509863,4.513063774851282,4.573480606079102,735526400
2009-07-21,4.584848072013018,4.589035117243822,4.478967541775469,4.5316081047058105,874781600
2009-07-22,4.719441481183315,4.747557183821974,4.669193338307428,4.6880364418029785,874104000
2009-07-23,4.684747286220933,4.738882978985681,4.652743637099098,4.720339775085449,526962800
2009-07-24,4.694316324183197,4.785540784489514,4.6808570823246605,4.785242080688477,438362400
2009-07-27,4.790625025319993,4.811860948256285,4.703588410333839,4.788531303405762,433311200
2009-07-28,4.752043249927771,4.788532644067705,4.713758437828296,4.785542011260986,363554800
2009-07-29,4.752638635779762,4.798998408479685,4.73319733772199,4.786436080932617,382158000
2009-07-30,4.836386674280875,4.926713417515252,4.830404612078626,4.868988513946533,469604800
2009-07-31,4.874970155064335,4.9350886868436,4.872577329998101,4.886934280395508,422536800
2009-08-03,4.9413684454160505,4.984139785414308,4.93119934029537,4.977859020233154,394240000
2009-08-04,4.932994094283648,4.952136292098481,4.911459471161447,4.9515380859375,395810800
2009-08-05,4.95751869640913,5.0065699899053095,4.911458033505898,4.9383769035339355,423183600
2009-08-06,4.952435982532249,4.9802525745598505,4.8779616966717105,4.902487754821777,341616800
2009-08-07,4.9497458017498515,4.982945460668106,4.929108078799836,4.950343608856201,387354800
2009-08-10,4.954828679716859,4.982943171616905,4.895008861560769,4.926712989807129,300294400
2009-08-11,4.895906569797489,4.916544685968795,4.841770899422557,4.870184898376465,355342400
2009-08-12,4.861809475444504,4.986233969021196,4.859117946881169,4.944360733032227,445071200
2009-08-13,4.984441026192628,5.0448586746934705,4.979954478184386,5.037380695343018,439980800
2009-08-14,5.023023223796622,5.0316968156919515,4.9509413623106875,4.988328456878662,305816000
2009-08-17,4.891720379860475,4.892917191937855,4.768193559741715,4.773278713226318,524381200
2009-08-18,4.8342941205397665,4.912358054457414,4.827714249864105,4.905179977416992,431152400
2009-08-19,4.867792776789127,4.94406209002212,4.858820080841527,4.923125267028809,413271600
2009-08-20,4.9344906487187306,4.986533797009439,4.923424631083576,4.9748687744140625,342031200
2009-08-21,5.014349831830617,5.065794776308489,4.988926462749537,5.061307430267334,416074400
2009-08-24,5.088226986464273,5.105874075106071,5.032894492307178,5.056522846221924,406929600
2009-08-25,5.068486494471847,5.112752565475862,5.058616089894392,5.066691875457764,324354800
2009-08-26,5.052334128087769,5.071177225432985,4.987729451096523,5.007171154022217,303998800
2009-08-27,5.047250889797244,5.071776153206077,4.930005235444123,5.068187713623047,449181600
2009-08-28,5.1525327116240724,5.159112582290914,5.040670916920858,5.086133003234863,453700800
2009-08-31,5.029602927603948,5.0502406446550685,4.979953404365445,5.03109884262085,311337600
2009-09-01,5.024519876930111,5.084638424861204,4.933295393454105,4.94406270980835,469028000
2009-09-02,4.923722751294592,5.013152184572807,4.908468492785607,4.94047212600708,364249200
2009-09-03,4.9781598681590316,4.997899880758257,4.935089805873935,4.981449604034424,293955200
2009-09-04,5.003282466298088,5.105573330882595,4.997599507375643,5.093908309936523,374628800
2009-09-08,5.173767721113015,5.178552972209106,5.1444564108857715,5.172272205352783,315047600
2009-09-09,5.167787123753567,5.218334372775603,5.075665323479063,5.1187357902526855,811087200
2009-09-10,5.1462533876535135,5.181845880381119,5.108866275191389,5.161208152770996,491134000
2009-09-11,5.171673783580959,5.17974956834975,5.110658340452191,5.1492414474487305,348961200
2009-09-14,5.10946271811025,5.201285406657204,5.092115530648936,5.195902347564697,322011200
2009-09-15,5.2054724750319545,5.253626890222817,5.192013630264091,5.23897123336792,426470800
2009-09-16,5.323616071032335,5.465985999857671,5.320325935824962,5.4396653175354,754023200
2009-09-17,5.442954065668473,5.58681866460648,5.442654962565969,5.5198211669921875,810572000
2009-09-18,5.558106712151332,5.579641339754036,5.52610267588008,5.53387975692749,601582800
2009-09-21,5.512045930893083,5.538066705850146,5.432187389850057,5.503970146179199,437715600
2009-09-22,5.53896417371025,5.544646733739957,5.468975240576965,5.517727851867676,356753600
2009-09-23,5.545245737962861,5.649929443058836,5.534178522222543,5.54823637008667,593563600
2009-09-24,5.5990822917507455,5.614037049674118,5.4665831924567945,5.497988224029541,550880400
2009-09-25,5.44385018950654,5.5482347611866,5.426801714462392,5.454617500305176,445239200
2009-09-28,5.4994844455269165,5.5835304434309565,5.483333272949997,5.567677974700928,337444800
2009-09-29,5.585026223101128,5.605064937904802,5.5126444524407034,5.544647693634033,345385600
2009-09-30,5.567079054245527,5.576650354205984,5.461797550036781,5.543749809265137,539585200
2009-10-01,5.543751351974582,5.569772132973273,5.404670756740649,5.409457206726074,524711600
2009-10-02,5.42590632455302,5.56139645434592,5.4241117056944415,5.530290126800537,553308000
2009-10-05,5.569171714865511,5.588911718599126,5.511445621652353,5.563787460327148,423133200
2009-10-06,5.615232525302088,5.683126926422119,5.602072788718258,5.683126926422119,605085600
2009-10-07,5.675650058779402,5.699278402581513,5.653815534720047,5.690305709838867,465668000
2009-10-08,5.702571460275939,5.7261998145386,5.649630592907729,5.660996913909912,438211200
2009-10-09,5.6520231419200195,5.703765989290595,5.641554931187976,5.696887016296387,293272000
2009-10-12,5.71333912049555,5.727994778926418,5.672063674843926,5.707057952880859,288024800
2009-10-13,5.701674216136528,5.717825391009488,5.673858414782194,5.683429718017578,348020400
2009-10-14,5.750124879261554,5.752218201465822,5.689708054337791,5.721412181854248,375510800
2009-10-15,5.671764392680503,5.710347508800366,5.668773759914127,5.699580192565918,373556400
2009-10-16,5.663388609236201,5.693597230037859,5.618224830278609,5.624505996704102,431426800
2009-10-19,5.6185245359446965,5.682829717086677,5.549732408175931,5.678642272949219,942230800
2009-10-20,5.999874074848075,6.034269749741372,5.917621881132356,5.9448394775390625,1141039200
2009-10-21,5.967569140529331,6.242439347623337,5.958895548422669,6.1290812492370605,1193726800
2009-10-22,6.122501181430008,6.21671668111209,6.0569995854021474,6.137455940246582,791392000
2009-10-23,6.152411348369873,6.155401980591249,6.078534066896438,6.099769592285156,420786800
2009-10-26,6.091694751232437,6.183816123360974,5.984917325080293,6.056102275848389,484338400
2009-10-27,6.0315765841531706,6.065972249718492,5.875746632355575,5.90326452255249,756551600
2009-10-28,5.9134337642839085,5.922706363089651,5.715731335388529,5.754614353179932,818386800
2009-10-29,5.832378749067118,5.886515627064587,5.746837234546919,5.872756481170654,570270400
2009-10-30,5.864084960525189,5.886217805439701,5.628097654727328,5.637968063354492,717525200
2009-11-02,5.676848478776336,5.768969867164057,5.550331021507106,5.6621928215026855,678983200
2009-11-03,5.618525349853402,5.6684735869025396,5.560799231698028,5.645443439483643,522541600
2009-11-04,5.704665526459624,5.797982935663542,5.689710764809008,5.707057952880859,487530400
2009-11-05,5.754614511562809,5.832379351275736,5.737266524982026,5.8033671379089355,384801200
2009-11-06,5.757903993840626,5.838061256419277,5.7546142579363435,5.812638282775879,295097600
2009-11-09,5.890401541765823,6.03875349639613,5.870063727368449,6.0255937576293945,528855600
2009-11-10,6.012434298795315,6.130875954443303,6.012135195637889,6.071057319641113,401195200
2009-11-11,6.118313871570284,6.131474410175304,6.03666030893573,6.079132556915283,443870000
2009-11-12,6.07584282918495,6.1275864796101995,6.024697784436667,6.041447162628174,363731200
2009-11-13,6.067765644823185,6.126388654647763,6.043838195400707,6.115023136138916,343240800
2009-11-16,6.145831289506086,6.2212036949016944,6.131774238461651,6.180227756500244,485206400
2009-11-17,6.163777024077565,6.204453456943885,6.131474681111173,6.191293716430664,396513600
2009-11-18,6.177536583184268,6.191294531836099,6.1015655677027185,6.1601881980896,374320800
2009-11-19,6.119809890659265,6.119809890659265,5.975944458315016,5.997179985046387,542326400
2009-11-20,5.9565040016464685,5.993591999445939,5.914929455886567,5.979534149169922,406666400
2009-11-23,6.071653357487153,6.161382281887258,6.070157442799231,6.157793045043945,474896800
2009-11-24,6.1413445745256325,6.157795249279475,6.068664898451493,6.114725589752197,318438400
2009-11-25,6.143440033464974,6.150918014349186,6.094388695861136,6.107249736785889,286454000
2009-11-27,5.958595550567691,6.070457317718178,5.933172585034823,5.999572277069092,295257200
2009-11-30,6.015127315704971,6.0321758005585835,5.945139156238821,5.979236125946045,424858000
2009-12-01,6.048924058559237,6.064776526879282,5.8871132337912755,5.891300678253174,465763200
2009-12-02,5.950821469106496,6.024399268542756,5.854811725422025,5.869168281555176,715260000
2009-12-03,5.904758552924349,5.951418241358671,5.870362891359472,5.876643657684326,448719600
2009-12-04,5.972953669150464,5.97833672748069,5.691204476013798,5.782130241394043,826884800
2009-12-07,5.782132043954631,5.795591291322756,5.64335092662146,5.651426315307617,714758800
2009-12-08,5.663687864293091,5.7531181151173385,5.643947853671183,5.67894172668457,690398800
2009-12-09,5.721115359797986,5.926893566958463,5.692102749072927,5.916126251220703,684782000
2009-12-10,5.966971930572236,5.972953994235115,5.865877450689749,5.875149250030518,489669600
2009-12-11,5.915526060896939,5.9221067292384095,5.785419391176098,5.822507381439209,429774800
2009-12-14,5.84344429373821,5.90505794349876,5.759398307717051,5.891598701477051,495790400
2009-12-15,5.857202657198451,5.9074507836574845,5.7806338553542425,5.807552337646484,419459600
2009-12-16,5.835369040325494,5.877242685246999,5.818918765392762,5.833275318145752,352984800
2009-12-17,5.8102436854975865,5.832376914966669,5.712738473535355,5.738460540771484,388838800
2009-12-18,5.777641961014075,5.847330976491811,5.760592687458065,5.8452372550964355,608770400
2009-12-21,5.863783109780491,5.974448472975173,5.852416791457543,5.928985595703125,611906400
2009-12-22,5.965175783423406,6.007348123433679,5.941846140451036,5.992692470550537,349515600
2009-12-23,6.017815601019666,6.053109363961089,6.006151379956813,6.044734477996826,345525600
2009-12-24,6.088106139220963,6.261582397535695,6.082124075346995,6.252309799194336,500889200
2009-12-28,6.332465528471881,6.399163115906778,6.269355580468644,6.329174995422363,644565600
2009-12-29,6.359685078482829,6.3623770068999494,6.243037243094213,6.254103660583496,445205600
2009-12-30,6.246027372827705,6.340841468767246,6.230474808564447,6.330073356628418,412084400
2009-12-31,6.374639042470845,6.38121931111474,6.297771137931783,6.302855491638184,352410800
2010-01-04,6.383610482991686,6.415613711891942,6.352205460214295,6.400958061218262,493729600
2010-01-05,6.4186071515835135,6.448217565263673,6.378228624983619,6.412026882171631,601904800
2010-01-06,6.4120270106369,6.437450379991876,6.30345495918553,6.310035228729248,552160000
2010-01-07,6.3333631169763285,6.340840694397998,6.252606878168609,6.298368453979492,477131200
2010-01-08,6.289995207362786,6.340841945186966,6.252908013381829,6.340243339538574,447610800
2010-01-11,6.364768107981865,6.370750169885842,6.234661456262961,6.284311771392822,462229600
2010-01-12,6.256795125014308,6.274143507304267,6.173945947274488,6.212828159332275,594459600
2010-01-13,6.217317202706429,6.308839997572819,6.104557678745479,6.300465106964111,605892000
2010-01-14,6.28431368325668,6.294781895436787,6.251711835298185,6.263974666595459,432894000
2010-01-15,6.308836343741521,6.328876248948886,6.157493787995292,6.15928840637207,594067600
2010-01-19,6.231072172981969,6.4362521027302115,6.198471133856417,6.431765556335449,730007600
2010-01-20,6.427878540710491,6.447020743269509,6.266067727427677,6.332766532897949,612152800
2010-01-21,6.343233557680792,6.3800220408090045,6.197573143978454,6.223295211791992,608154400
2010-01-22,6.184712618533898,6.206247243345846,5.896982221246319,5.914628505706787,881767600
2010-01-25,6.056997785233568,6.1224993617940475,5.987607469372331,6.073747158050537,1065699600
2010-01-26,6.159888870628499,6.391987741067914,6.059093497535075,6.159589767456055,1867110000
2010-01-27,6.186807422975147,6.298370112120982,5.967868690468655,6.217614650726318,1722568400
2010-01-28,6.129380510777585,6.14642859005682,5.943043259154553,5.960689544677734,1173502400
2010-01-29,6.014229951425439,6.047728712141534,5.690308364317932,5.744444847106934,1245952400
2010-02-01,5.753716393353525,5.862288457349473,5.721713150093792,5.824303150177002,749876400
2010-02-02,5.8595953755203825,5.871858203955949,5.783923884419015,5.858099460601807,698342400
2010-02-03,5.837462595690364,5.98790829047068,5.815030258027979,5.958895683288574,615328000
2010-02-04,5.884119241181305,5.933171341993628,5.729786062994959,5.744143009185791,757652000
2010-02-05,5.761492296256562,5.862287663516904,5.70825273331596,5.846136093139648,850306800
2010-02-08,5.85301633040905,5.918518329244816,5.8024686918456885,5.806057929992676,478270800
2010-02-09,5.874849439661329,5.9071517808790865,5.824900412098996,5.8679704666137695,632886800
2010-02-10,5.858997208486419,5.880233932124005,5.810244990888686,5.835967063903809,370361600
2010-02-11,5.8287899345560845,5.974450002046287,5.804263870855666,5.942147254943848,550345600
2010-02-12,5.925398053170649,6.030979492010887,5.847334110274324,5.993293285369873,655468800
2010-02-16,6.039949909567215,6.092291754738826,6.027387978540274,6.0836181640625,543737600
2010-02-17,6.107248347933426,6.110837586259954,6.007648981055815,6.058197021484375,436396800
2010-02-18,6.030677996071481,6.098274506523324,6.009442471966504,6.069561004638672,422825200
2010-02-19,6.037558015488051,6.077636636927676,6.015125280721543,6.031874656677246,415469600
2010-02-22,6.051913803870155,6.05669905401412,5.957698326404944,5.9944868087768555,390563600
2010-02-23,5.981925796355411,6.021705715094802,5.853613744657275,5.893991470336914,575094800
2010-02-24,5.928986624059701,6.0249967491504295,5.917321599918911,6.001667499542236,460566400
2010-02-25,5.903562731504366,6.067467256913644,5.88890707715486,6.041745185852051,665126000
2010-02-26,6.053112509756161,6.136560313013648,6.04174698652027,6.120110034942627,507460800
2010-03-01,6.153906140994697,6.266067422499071,6.144933446129398,6.250813961029053,550093600
2010-03-02,6.278931193316602,6.305850088311766,6.213429174456038,6.246629238128662,566546400
2010-03-03,6.2493182891845755,6.277134083619756,6.219408772687467,6.260982513427734,372052800
2010-03-04,6.259487860890823,6.308539180929514,6.240045756492917,6.302258014678955,366041200
2010-03-05,6.4287765850139325,6.571146499349718,6.419504386736821,6.5487141609191895,899620400
2010-03-08,6.5804190440920225,6.582811470388331,6.5277780781755315,6.552603244781494,429889600
2010-03-09,6.52957106301053,6.7296662644469905,6.51700913091817,6.670445442199707,920259200
2010-03-10,6.694673426324186,6.744024252235201,6.675830325618281,6.724881649017334,596218000
2010-03-11,6.697064924420288,6.744620323181152,6.679417840576331,6.744620323181152,405700400
2010-03-12,6.800551830450371,6.811319543295451,6.752098719994023,6.777522087097168,416323600
2010-03-15,6.741032245754629,6.744620684665739,6.587595533716245,6.694971561431885,493502800
2010-03-16,6.705142824303245,6.729070283885128,6.655193783205379,6.7132182121276855,446908000
2010-03-17,6.726675020275098,6.7730348058336105,6.677922809094828,6.703345775604248,450956800
2010-03-18,6.702748106399323,6.72966739254535,6.6581833300154285,6.719199180603027,342109600
2010-03-19,6.723387208456661,6.736846453360753,6.616908464035164,6.647416591644287,559445600
2010-03-22,6.594177878569636,6.7595783586067295,6.584606575911112,6.722190856933594,456419600
2010-03-23,6.7488094847736,6.842726289758297,6.702748391857668,6.830163955688477,602431200
2010-03-24,6.808627945907905,6.885196750244812,6.804739205860796,6.8603715896606445,597780400
2010-03-25,6.90673169615249,6.908227611216108,6.767053322609491,6.779017448425293,542284400
2010-03-26,6.84781068738954,6.9375392391052015,6.835846561024789,6.906134605407715,640875200
2010-03-29,6.96894310998228,6.994963880985294,6.927667681945577,6.950697422027588,540744400
2010-03-30,7.076619160312695,7.10294024034688,7.006331110504205,7.054186820983887,527310000
2010-03-31,7.0434221383176245,7.07692090667266,7.012614900119146,7.028765678405762,430659600
2010-04-01,7.10084651306703,7.140326537963992,6.961467617112114,7.05777645111084,603145200
2010-04-05,7.028162956825294,7.133743538438231,7.021881393419827,7.133145332336426,684507600
2010-04-06,7.124470822606611,7.185486239760516,7.088579259809091,7.164549827575684,447017200
2010-04-07,7.1648526331548155,7.235738889632191,7.138232849160777,7.196258068084717,628502000
2010-04-08,7.191471163896496,7.224371709673607,7.119688009714937,7.176815509796143,572989200
2010-04-09,7.22108227906302,7.234841023686074,7.192069673433655,7.231849193572998,334182800
2010-04-12,7.244110956455391,7.270132526813327,7.232446334894432,7.246803283691406,333026400
2010-04-13,7.233943186719953,7.262058083082497,7.211510051982407,7.250990867614746,306210800
2010-04-14,7.336232180360879,7.352084243303796,7.30004190788343,7.348495006561279,404076400
2010-04-15,7.351188289337393,7.448394810965473,7.343112904075857,7.445105075836182,376784800
2010-04-16,7.434635858262052,7.5115041633448625,7.314399596755565,7.399641990661621,750545600
2010-04-19,7.388575525832338,7.414297595729281,7.231250477875138,7.389771938323975,566924400
2010-04-20,7.433740497775382,7.454976424731426,7.26684491267264,7.3155975341796875,738326400
2010-04-21,7.740613401250932,7.783982965302119,7.648790716830452,7.753175735473633,982391200
2010-04-22,7.723868515168264,7.978399479644976,7.6628522295598165,7.970024585723877,793424800
2010-04-23,8.015482014569164,8.140803451444139,7.985871997803697,8.100425720214844,796955600
2010-04-26,8.131829091101883,8.14917627244023,8.02146204253912,8.060644149780273,479068800
2010-04-27,7.993947493540309,8.01099597567096,7.792058035961933,7.837520122528076,709343600
2010-04-28,7.873712637394161,7.896144182227952,7.669130814697251,7.824361801147461,758402400
2010-04-29,7.8668289056704515,8.07559806866349,7.8366206918488945,8.034921646118164,558840800
2010-04-30,8.054962772214257,8.09264897386774,7.806414820686979,7.809106349945068,542463600
2010-05-03,7.891357290583928,8.012192571469091,7.862643387160923,7.966430187225342,454342000
2010-05-04,7.862941850753272,7.874905175710355,7.679296546395052,7.737021446228027,723819600
2010-05-05,7.568036835580138,7.720875006613945,7.439424830469925,7.656569004058838,883103200
2010-05-06,7.591961364358396,7.724161758819521,5.959493548811017,7.365246772766113,1285860800
2010-05-07,7.2892734706383,7.374814541784064,6.735944841450815,7.0544819831848145,1676018400
2010-05-10,7.484885530404795,7.616487730803058,7.4334405837241295,7.596746921539307,984306400
2010-05-11,7.532443534127765,7.773216452594419,7.492365297041078,7.672421455383301,848906800
2010-05-12,7.753773223856932,7.870122371541678,7.737623248463714,7.839016437530518,654379600
2010-05-13,7.8728128977443195,7.926052461688919,7.668829334135817,7.727452754974365,599712400
2010-05-14,7.631739035499147,7.671219842121855,7.462450691005343,7.591660022735596,759362800
2010-05-17,7.617987979951939,7.662254475720402,7.408919137420404,7.603631019592285,762834800
2010-05-18,7.686177560437551,7.73313556015366,7.485184223409635,7.547995090484619,782678400
2010-05-19,7.4624514706299285,7.564742335381858,7.323372122382237,7.427756309509277,1025726800
2010-05-20,7.2345432254944795,7.2934661659075815,7.0649560768884765,7.111316680908203,1282915200
2010-05-21,6.963558348799819,7.312903566954233,6.9195913929454305,7.2477006912231445,1223891200
2010-05-24,7.396055114590714,7.50432808434508,7.365547384786211,7.380501747131348,754238800
2010-05-25,7.158867937018997,7.3804981231110185,7.093366360604159,7.334437847137451,1048006400
2010-05-26,7.479799007079644,7.5411139412773025,7.290470348975782,7.301238059997559,850654000
2010-05-27,7.495354342496618,7.593757296844421,7.450789164507744,7.577605724334717,666282400
2010-05-28,7.758258302821768,7.75855700658126,7.577603227488904,7.683184623718262,815614800
2010-06-01,7.767232174690416,7.954167255000752,7.745398043579088,7.801329135894775,876472800
2010-06-02,7.91229109671439,7.920067776319855,7.786371503073914,7.8946452140808105,688548000
2010-06-03,7.931435836532619,7.942503053259755,7.788767217177641,7.869822978973389,650106800
2010-06-04,7.722965423479743,7.833331688950748,7.615889691949995,7.655669212341309,758304400
2010-06-07,7.725357370133737,7.7510794390805495,7.493856353592832,7.505521774291992,886942000
2010-06-08,7.574314426659671,7.591064202104715,7.347300340128871,7.457367897033691,1000770400
2010-06-09,7.521375230212164,7.5342370657362805,7.252786975498332,7.274022102355957,854630000
2010-06-10,7.323074521162981,7.5067190812277405,7.244112879168164,7.49266242980957,776356000
2010-06-11,7.42446565445393,7.592857085792999,7.398743589571692,7.582388877868652,545759200
2010-06-14,7.655665758752586,7.751076823888489,7.597341869627889,7.605417251586914,602960400
2010-06-15,7.646097022906722,7.772016637326539,7.641909579351226,7.767230987548828,585074000
2010-06-16,7.8094047005290905,8.008303911664578,7.79534725117339,7.993349552154541,783678000
2010-06-17,8.093546963581913,8.162339898051025,8.060646411621935,8.131532669067383,872855200
2010-06-18,8.142898150683413,8.22515033288468,8.11807298435632,8.197333335876465,784621600
2010-06-21,8.305604633026528,8.345085448937557,8.037614608264724,8.080684661865234,776490400
2010-06-22,8.140207641188505,8.254163179603125,8.120467626137758,8.190754890441895,717262000
2010-06-23,8.212586590750176,8.214979415946177,8.012789680250565,8.104612350463867,768457200
2010-06-24,8.10551068826406,8.17131259407101,8.018773155651134,8.045692443847656,714277200
2010-06-25,8.077394289719429,8.083675055844122,7.950277461590443,7.976897239685059,549942400
2010-06-28,7.983778737224344,8.068125044280665,7.911696859862335,8.024755477905273,584948000
2010-06-29,7.899730634780475,7.907806818692575,7.606018546798408,7.661949634552002,1133344800
2010-06-30,7.678100957903046,7.715787156628994,7.477707435461428,7.52316951751709,739452000
2010-07-01,7.606022788588385,7.620977953549954,7.27462431977697,7.431948661804199,1022896000
2010-07-02,7.492062787407321,7.5052241248512885,7.27402177960632,7.385884761810303,693842800
2010-07-06,7.507316371718679,7.56115333435484,7.362553660680602,7.436430931091309,615235600
2010-07-07,7.492063100458758,7.739715730178415,7.469931063493584,7.736723899841309,654556000
2010-07-08,7.8506810260386715,7.863243360332998,7.623666890525599,7.719377517700195,738144400
2010-07-09,7.683484192847991,7.773512238221395,7.631740549410093,7.765138149261475,433322400
2010-07-12,7.732538784071093,7.83183865893457,7.6227706956499715,7.695450782775879,562878400
2010-07-13,7.6664379524893675,7.668829979303478,7.3706308916471475,7.531245708465576,1190924000
2010-07-14,7.458864607386135,7.65088324850075,7.4474978884488365,7.559060573577881,812047600
2010-07-15,7.424467928379394,7.685877697515414,7.396651734189053,7.520776748657227,824866000
2010-07-16,7.572520652150088,7.6260589209069405,7.429852035857252,7.474417209625244,1039858400
2010-07-19,7.47381918293376,7.47381918293376,7.166348308651847,7.345207214355469,1024478000
2010-07-20,7.265048631789958,7.564144562537885,7.178609827137813,7.533935546875,1074950800
2010-07-21,7.928741042190414,7.930535660487665,7.597044146315324,7.604221820831299,1185671200
2010-07-22,7.707117154881193,7.776507521579524,7.63623087237952,7.747196197509766,645318800
2010-07-23,7.689467766328849,7.787870718670386,7.665240807394947,7.774710178375244,533388800
2010-07-26,7.776504226181152,7.7794952578466665,7.708011597724236,7.754969596862793,420551600
2010-07-27,7.802523726864975,7.920068444696112,7.785475250243107,7.898533821105957,584771600
2010-07-28,7.886269653005692,7.955659960042974,7.783978810666578,7.805213928222656,519985200
2010-07-29,7.797737331467874,7.855761727446523,7.659854415585727,7.719972133636475,643806800
2010-07-30,7.653574636652883,7.7675293225450135,7.623963030722574,7.69425106048584,448210000
2010-08-02,7.78966435419254,7.8539695349222365,7.765138694503693,7.831836700439453,428055600
2010-08-03,7.806712778300799,7.874008990054059,7.759156575682284,7.834229469299316,417653600
2010-08-04,7.861448903872914,7.904518167855251,7.7857777900267084,7.865636348724365,420375200
2010-08-05,7.828246572794433,7.871616125387865,7.792953203690096,7.827349662780762,289097200
2010-08-06,7.769923188938722,7.821069426029686,7.705617212492869,7.779195785522461,444897600
2010-08-09,7.820766934985944,7.840807238890313,7.7636402484975084,7.828843116760254,303128000
2010-08-10,7.772017311406604,7.789963499629518,7.703224388558691,7.758856773376465,451920000
2010-08-11,7.6389188863189466,7.647592476681469,7.471723851320727,7.483088970184326,620054400
2010-08-12,7.378405438247931,7.570126132222564,7.361356960922125,7.53094482421875,534920400
2010-08-13,7.526757384198114,7.533636356149437,7.450188588079081,7.450488090515137,354869200
2010-08-16,7.405023771646277,7.477704612611993,7.376309879705446,7.406818389892578,318430000
2010-08-17,7.479799977222587,7.615889102709557,7.453478902422133,7.53632926940918,422640400
2010-08-18,7.547996854959119,7.6170877067500875,7.5246668022273635,7.569231986999512,339696000
2010-08-19,7.562349470081312,7.581492068485762,7.437925775145045,7.473817348480225,426706000
2010-08-20,7.4591628162867165,7.5946529469397195,7.447497394295265,7.466639995574951,384230000
2010-08-23,7.530947752962529,7.537228521154646,7.335339041961913,7.351788520812988,414041600
2010-08-24,7.258173595509554,7.268042805772442,7.137936472564117,7.176220893859863,602565600
2010-08-25,7.119687165814112,7.297649913853765,7.094563304430487,7.264748573303223,596867600
2010-08-26,7.341319262255053,7.350292357447145,7.1866865158081055,7.1866865158081055,466505200
2010-08-27,7.23065580454581,7.256377884169454,7.0455144954842535,7.226767063140869,548391200
2010-08-30,7.201041987898427,7.350291661777721,7.198649162740338,7.253085136413574,383289200
2010-08-31,7.233644360045728,7.314700120190402,7.188780482399044,7.271031856536865,420786800
2010-09-01,7.401737964953883,7.521077359177025,7.366145878352445,7.487279891967773,697037600
2010-09-02,7.515092254118155,7.5423102378845215,7.434635513936337,7.5423102378845215,415427600
2010-09-03,7.629645188819566,7.74001141886227,7.611998508214346,7.739712715148926,520788800
2010-09-07,7.676007205299147,7.76244601527035,7.6643425822844975,7.711001873016357,342557600
2010-09-08,7.769924256250332,7.907808025992847,7.749585240140236,7.8638410568237305,526551200
2010-09-09,7.927249748807778,7.971515424138869,7.8638414690754255,7.868327617645264,438575200
2010-09-10,7.871917329896323,7.911099451302395,7.818379052998411,7.87849760055542,387542400
2010-09-13,7.950578862766591,8.024156649824059,7.948785042308181,7.9870686531066895,388780000
2010-09-14,7.962246168159886,8.050778345778772,7.941608440533367,8.017579078674316,408150400
2010-09-15,8.020863034837939,8.086963609547034,8.010992235050237,8.08217716217041,429368800
2010-09-16,8.082782794645215,8.275101018243904,8.060649151241892,8.272109985351562,652103200
2010-09-17,8.305600319666429,8.313676499610185,8.185663616526211,8.236210823059082,634477200
2010-09-20,8.257449602976319,8.487754211986244,8.250570630593273,8.471303939819336,658677600
2010-09-21,8.490147695651698,8.594531896661996,8.458144058852968,8.487455368041992,668074400
2010-09-22,8.455752945472456,8.613376738896717,8.446779849412415,8.606497764587402,585289600
2010-09-23,8.564026155089026,8.75634512680784,8.554156148475593,8.641491889953613,786116800
2010-09-24,8.73660652398713,8.779377091999033,8.690246716868462,8.743185997009277,649488000
2010-09-27,8.792834926135653,8.815266468937374,8.704003269204133,8.708489418029785,482834800
2010-09-28,8.726733929396767,8.726733929396767,8.225150246418584,8.579877853393555,1035042400
2010-09-29,8.590945382450963,8.668112420062398,8.55415688239965,8.595132827758789,469644000
2010-09-30,8.643887815969483,8.673797346321301,8.412087957400807,8.486862182617188,673391600
2010-10-01,8.55864204809796,8.57150308644303,8.415075705878731,8.45007038116455,448142800
2010-10-04,8.422553720410479,8.461435539473124,8.307999190287553,8.33402156829834,435302000
2010-10-05,8.434517963645886,8.657343862982982,8.429133307242257,8.642090797424316,501967200
2010-10-06,8.661532687934802,8.73331587176091,8.532023773925562,8.649568557739258,670868800
2010-10-07,8.683959943140108,8.688147386254334,8.581370382197468,8.650461196899414,408399600
2010-10-08,8.72493974371691,8.808387543316753,8.67379509106552,8.795526504516602,658403200
2010-10-11,8.815563650150912,8.89033703037308,8.811376206681377,8.8341064453125,427753200
2010-10-12,8.835603862173237,8.95793505621728,8.748267338022602,8.929221153259277,558544000
2010-10-13,8.97887305705557,9.031513624386857,8.966908928719615,8.977078437805176,630092400
2010-10-14,9.023435396650664,9.046764640888613,8.984851494249591,9.041979789733887,435296400
2010-10-15,9.195414943839651,9.421532097543826,9.119743855505344,9.413755416870117,922194000
2010-10-18,9.525318432167493,9.541169697866826,9.400295737047719,9.511260986328125,1093010800
2010-10-19,9.074583483560966,9.384745916294655,8.973488997416965,9.256732940673828,1232784000
2010-10-20,9.242077343706814,9.399102931582108,9.178370358017215,9.28783893585205,721624400
2010-10-21,9.342571333844429,9.41375628151104,9.17627398675988,9.257628440856934,551460000
2010-10-22,9.244168763412784,9.273181368854457,9.16131998842294,9.196313858032227,372778000
2010-10-25,9.24476931519853,9.319841421056232,9.225327208375964,9.23729133605957,392462000
2010-10-26,9.178367824235844,9.2642084232969,9.14187724346657,9.213661193847656,392929600
2010-10-27,9.201698891167876,9.268995110049543,9.140383937218619,9.207082748413086,399002800
2010-10-28,9.210672825627979,9.212168741132102,8.999811036081534,9.129618644714355,551051200
2010-10-29,9.099406649132632,9.14875746854641,8.998909592816409,9.00220012664795,430511200
2010-11-01,9.039286367747094,9.140380812100338,9.038688161591043,9.097908973693848,423889200
2010-11-02,9.182255060656244,9.27766615359437,9.182255060656244,9.252840995788574,433930000
2010-11-03,9.312964412648713,9.358128604850364,9.22802148418655,9.355735778808594,508348400
2010-11-04,9.43499500470311,9.576468031970784,9.422432669501747,9.519340515136719,642488000
2010-11-05,9.510961895685424,9.558218588423417,9.473873909735449,9.485239028930664,361253200
2010-11-08,9.487337138470311,9.564204671265097,9.474176596458419,9.52980899810791,281758400
2010-11-09,9.602486152008733,9.609964129749423,9.406578789198592,9.453835487365723,383544000
2010-11-10,9.470583461671445,9.534291224919425,9.378162599064986,9.512158393859863,384227200
2010-11-11,9.421536502114305,9.523230007273574,9.399104158251145,9.470888137817383,361284000
2010-11-12,9.451442285006824,9.466396642544753,9.081460905084906,9.213062286376953,795846800
2010-11-15,9.22592541078386,9.288137271979405,9.160423015424893,9.183453559875488,403606000
2010-11-16,9.143968767528744,9.200198540970812,8.952546817785445,9.020442008972168,657650000
2010-11-17,9.00878088914982,9.092228671954429,8.905891800783257,8.987844467163086,479449600
2010-11-18,9.128420652235677,9.262116990803628,9.11316758664367,9.225028991699219,494491200
2010-11-19,9.211271847865884,9.224132887592297,9.129618661660235,9.17418384552002,384843200
2010-11-22,9.172686321551444,9.372483253479004,9.148460161853654,9.372483253479004,393075200
2010-11-23,9.285446112028902,9.324329528508372,9.169097761151226,9.234001159667969,519447600
2010-11-24,9.331804849122436,9.43349832946219,9.324328467890812,9.415552139282227,413725200
2010-11-26,9.383845486643258,9.502287914062618,9.359918038157048,9.421531677246094,237585600
2010-11-29,9.436487943682819,9.495708770046557,9.313260640554509,9.47746467590332,445785200
2010-11-30,9.377868722369726,9.402395189562949,9.298010149046494,9.306385040283203,501858000
2010-12-01,9.429606408022149,9.50378237173078,9.421531024501919,9.463404655456543,461750800
2010-12-02,9.497206486189757,9.541173459575408,9.418244836948238,9.515750885009766,462837200
2010-12-03,9.481654379825502,9.530705710778172,9.46161486333251,9.494515419006348,342092800
2010-12-06,9.530408772078669,9.64077588451092,9.523828499990431,9.575572967529297,448481600
2010-12-07,9.684739831642036,9.690421594108154,9.514853217089,9.517544746398926,391454000
2010-12-08,9.56001811328483,9.601593066434864,9.484646488969743,9.601293563842773,321935600
2010-12-09,9.634791980996237,9.645857602114159,9.541772077686089,9.563905715942383,294151200
2010-12-10,9.56061160636676,9.602485242791396,9.529206179379985,9.58782958984375,262511200
2010-12-13,9.701787864480751,9.722425583812484,9.600992093174948,9.621030807495117,439815600
2010-12-14,9.622822965144865,9.647049914298233,9.541169025651458,9.579752922058105,351008000
2010-12-15,9.57108058678265,9.66080992901671,9.546854431105773,9.581849098205566,417312000
2010-12-16,9.60368335882502,9.649146240608438,9.574073343905946,9.608469009399414,322030800
2010-12-17,9.619837451279258,9.624623103108174,9.577963796449783,9.589329719543457,386929200
2010-12-20,9.618939245747136,9.668290878348797,9.518144254660466,9.637184143066406,385610400
2010-12-21,9.660810424479301,9.702384563940583,9.632396823498118,9.696702003479004,256354000
2010-12-22,9.701486825058412,9.742164050939547,9.677259871535442,9.725414276123047,265921600
2010-12-23,9.72063035624741,9.725116504166495,9.665895677737398,9.678756713867188,223157200
2010-12-27,9.65632188987559,9.733787589189554,9.616541580457078,9.711055755615234,249816000
2010-12-28,9.74784754511957,9.770279882062045,9.722424975346508,9.734687805175781,175924000
2010-12-29,9.757123535283108,9.764003310034367,9.72362476672123,9.729308128356934,163139200
2010-12-30,9.734982869908812,9.73587977968805,9.662302828216566,9.680547714233398,157494400
2010-12-31,9.65931629696454,9.675168366056344,9.610264174462966,9.647651672363281,193508000
2011-01-03,9.73977505416644,9.877957556022054,9.715847593697161,9.857319831848145,445138400
2011-01-04,9.943157642895155,9.94495226182154,9.814845185015239,9.908761978149414,309080800
2011-01-05,9.856717467001092,9.99998426414615,9.855221552098996,9.989814758300781,255519600
2011-01-06,10.011353833546707,10.027205904985548,9.956918644456767,9.981743812561035,300428800
2011-01-07,9.98951774143444,10.060104490699267,9.927006378250361,10.05322551727295,311931200
2011-01-10,10.134279815138207,10.265882003825526,10.084630290573056,10.242552757263184,448560000
2011-01-11,10.315238404544377,10.317630432132212,10.153427122642734,10.218331336975098,444108000
2011-01-12,10.266479597519435,10.30177216631891,10.229092108989686,10.301472663879395,302590400
2011-01-13,10.323607401167202,10.367873866477339,10.284426088489084,10.339159965515137,296780400
2011-01-14,10.34544305624793,10.422908782958984,10.302074293284244,10.422908782958984,308840000
2011-01-18,9.855821691958365,10.311644542998547,9.75053977151162,10.188715934753418,1880998000
2011-01-19,10.419018190227435,10.426496167713085,10.075956089492044,10.134578704833984,1135612800
2011-01-20,10.06249638322364,10.118427471623578,9.873766697185383,9.950335502624512,764789200
2011-01-21,9.982939181836635,10.016139239347376,9.769384278480173,9.772076606750488,754401200
2011-01-24,9.776564013284188,10.093008041381836,9.772077065514175,10.093008041381836,574683200
2011-01-25,10.05950640729027,10.212344519596952,10.006865052704812,10.21114730834961,546868000
2011-01-26,10.257805956706951,10.336767584296112,10.214138497839015,10.284425735473633,506875600
2011-01-27,10.282329198340573,10.309547176961665,10.253915606174608,10.265280723571777,285026000
2011-01-28,10.293998472472362,10.300877445965419,9.975759891365895,10.052626609802246,592057200
2011-01-31,10.04365340888407,10.170470744042259,9.998789535294998,10.148935317993164,377246800
2011-02-01,10.208157585501954,10.338263865400478,10.198586284431356,10.319720268249512,426633200
2011-02-02,10.302372588781543,10.326299242961907,10.275453305813748,10.298483848571777,258955200
2011-02-03,10.282928240927498,10.296088776395147,10.125902718581134,10.272160530090332,393797600
2011-02-04,10.278152227588631,10.369676258163485,10.274264283255645,10.363694190979004,321840400
2011-02-07,10.405262711155542,10.565578031299376,10.397785530571035,10.524602890014648,485021600
2011-02-08,10.578436432355899,10.633469805355073,10.53267485611096,10.62389850616455,381040800
2011-02-09,10.623602171265526,10.73755848097989,10.614031668614125,10.712433815002441,482745200
2011-02-10,10.689404470122867,10.767468402797357,10.408551777717841,10.604161262512207,928550000
2011-02-11,10.610441092363622,10.701664751252695,10.574250013130749,10.673251152038574,367572800
2011-02-14,10.671458194188588,10.751914152967704,10.669065368786777,10.742941856384277,310416400
2011-02-15,10.743239897654027,10.766569943882846,10.694188577288777,10.76447582244873,284174800
2011-02-16,10.791393354339956,10.914023241763925,10.782421059102687,10.861083984375,481157600
2011-02-17,10.685213911416072,10.775540648710304,10.663378986477197,10.716618537902832,530583200
2011-02-18,10.72888288278141,10.752511630931881,10.454013093835313,10.485119819641113,816057200
2011-02-22,10.233579972161646,10.330786500230756,10.10108086937521,10.127699851989746,872555600
2011-02-23,10.132485835429714,10.308054186844657,10.127699386527043,10.247637748718262,671854400
2011-02-24,10.289510811388473,10.323308266224656,10.120521141187886,10.255413055419922,499900800
2011-02-25,10.326602224878393,10.421415956817093,10.3128442742881,10.41334056854248,380018800
2011-02-28,10.505457575507666,10.619413068754973,10.501868338071334,10.564379692077637,403074000
2011-03-01,10.631973560891263,10.639450738253773,10.39897746232391,10.44773006439209,456136800
2011-03-02,10.46717555174196,10.598479055747886,10.420516253147476,10.531780242919922,602590800
2011-03-03,10.683423238629048,10.761187674845775,10.645437531449986,10.754308700561523,500788400
2011-03-04,10.769566544668507,10.77614681752049,10.700176173758702,10.767473220825195,453266800
2011-03-07,10.809339448357427,10.817415632143428,10.507551979848518,10.62868595123291,546123200
2011-03-08,10.6152273791681,10.689702870268711,10.535667533529143,10.640650749206543,356316800
2011-03-09,10.608647078219063,10.610741199733404,10.486317476439554,10.542247772216797,453306000
2011-03-10,10.442052711167065,10.461494821100759,10.31583433860118,10.3687744140625,507539200
2011-03-11,10.328693234638198,10.537761963263925,10.318824027778634,10.527891159057617,471080400
2011-03-14,10.563485114154794,10.662187575560639,10.507554810878535,10.574851036071777,435957200
2011-03-15,10.232082871223671,10.403764054429978,10.172263849555316,10.331682205200195,721081200
2011-03-16,10.229093815566108,10.259003332175974,9.758315835761962,9.870476722717285,1162011200
2011-03-17,10.074459446019878,10.157608511677958,9.889917223349203,10.008957862854004,659422400
2011-03-18,10.083430713729442,10.115434343297654,9.870175413430783,9.890214920043945,753214000
2011-03-21,10.049335129150428,10.16149519417006,10.027500204185701,10.148335456848145,409402000
2011-03-22,10.24584102058977,10.247635639056341,10.143549365341432,10.20516300201416,325922800
2011-03-23,10.147738716674612,10.17585361259802,10.048139369733395,10.145047187805176,372996400
2011-03-24,10.224605775443225,10.348730765541228,10.135175945979704,10.317923545837402,404712000
2011-03-25,10.410647043423172,10.529986429050718,10.379241605658676,10.514433860778809,448910000
2011-03-28,10.562585943619768,10.597580612170642,10.48153018951416,10.48153018951416,309355200
2011-03-29,10.398379187164444,10.49708080291748,10.350524293954344,10.49708080291748,352900800
2011-03-30,10.487514366739859,10.494693642324629,10.391803737275852,10.427395820617676,329406000
2011-03-31,10.359498311265089,10.462387387064368,10.350526016465716,10.42380428314209,274019200
2011-04-01,10.501568217060086,10.515924366194781,10.26797310480604,10.305659294128418,418661600
2011-04-04,10.298186916311998,10.306860509645945,10.12142052177831,10.20486831665039,460084800
2011-04-05,10.079246068202144,10.236570322894845,10.049635257352767,10.13607406616211,482731200
2011-04-06,10.20576614351802,10.2859234048288,10.083734434347726,10.110652923583984,402539200
2011-04-07,10.112444331362969,10.1821333579144,10.050531186842628,10.111846923828125,373447200
2011-04-08,10.166880578826502,10.173759551072415,9.98832041349608,10.021519660949707,377535200
2011-04-11,9.991611303910911,10.039765716396879,9.87077761628151,9.8941068649292,398946800
2011-04-12,9.8848320413596,9.981739849524045,9.876158450696764,9.941960334777832,425639200
2011-04-13,10.020322067770605,10.053820813725839,9.945547895857132,10.053522109985352,346220000
2011-04-14,10.013746115261647,10.049637701299815,9.931794232857131,9.942561149597168,301800800
2011-04-15,9.968879823633252,9.979049330993073,9.77446756320597,9.794207572937012,453605600
2011-04-18,9.753529557792314,9.936875370965462,9.57586630435539,9.925509452819824,609898800
2011-04-19,9.962899510134113,10.108857871628778,9.92132456659014,10.105269432067871,419378400
2011-04-20,10.274257398464508,10.341254908687885,10.214139660230073,10.24135684967041,700666400
2011-04-21,10.617919532830625,10.621808273594556,10.424105459882712,10.48930835723877,753810400
2011-04-25,10.4785368664389,10.580529011895585,10.477339655541344,10.558395385742188,266546000
2011-04-26,10.576643803281502,10.617619737638975,10.448929551040306,10.48093318939209,338800000
2011-04-27,10.535368839675822,10.538659373875923,10.381633803969777,10.472857475280762,356213200
2011-04-28,10.354413594330648,10.460891105109797,10.334374085614948,10.371163368225098,360959200
2011-04-29,10.372063850742606,10.586515659702425,10.368773316114792,10.472261428833008,1006345200
2011-05-02,10.460593498050832,10.482427627687214,10.333776962818435,10.35710620880127,442713600
2011-05-03,10.408249988557902,10.465077978112776,10.337363754485654,10.414530754089355,313348000
2011-05-04,10.416326123974088,10.523103937749712,10.375050693394375,10.4555082321167,389250400
2011-05-05,10.420513383909729,10.49678347774076,10.350226150857035,10.371163368225098,335969200
2011-05-06,10.459100276785053,10.468372076363492,10.35501476240304,10.368474006652832,280134400
2011-05-09,10.40436325496497,10.444443076611876,10.364583734474614,10.396587371826172,204747200
2011-05-10,10.435171684867647,10.459099939360572,10.368473672152076,10.451921463012695,282091600
2011-05-11,10.43906000298254,10.468371314876459,10.326001401100271,10.385520935058594,336000000
2011-05-12,10.352320481035978,10.382229993492743,10.237168578541814,10.365778923034668,322000000
2011-05-13,10.338560989308696,10.356206873587855,10.179740842738035,10.184226989746094,326116000
2011-05-16,10.145344454160352,10.205761676566828,9.947939623918318,9.968876838684082,449775200
2011-05-17,9.929999842996413,10.053825378417969,9.89201413430257,10.053825378417969,452334400
2011-05-18,10.063690690026625,10.20067670290414,10.049633244918226,10.165383338928223,334776400
2011-05-19,10.231488008852876,10.2413580148794,10.129495816783033,10.185128211975098,261170000
2011-05-20,10.156116617341485,10.197691565965469,10.020326948911919,10.0263090133667,337968400
2011-05-23,9.869277639157962,10.049034178111834,9.852827370872092,10.001776695251465,383600000
2011-05-24,10.034680572912624,10.046644697851079,9.910256069572378,9.93567943572998,321927200
2011-05-25,9.972768057882377,10.126205186896874,9.955420872903614,10.072965621948242,294224000
2011-05-26,10.048741273615343,10.076257971208975,10.00268017636344,10.019728660583496,222560800
2011-05-27,10.01374155356621,10.098385725601712,9.999085902488643,10.091805458068848,203599200
2011-05-31,10.202172195031403,10.403463363647461,10.199180365749266,10.403463363647461,417754400
2011-06-01,10.43457298683034,10.532077417137998,10.30835465468196,10.334075927734375,554682800
2011-06-02,10.363686843171608,10.40795331027819,10.297885748142704,10.351722717285156,338783200
2011-06-03,10.264384648714374,10.328689813975796,10.229389987830135,10.272160530090332,313250000
2011-06-06,10.339761181974746,10.380138915829132,10.103773949343779,10.110652923583984,461941200
2011-06-07,10.114540959596408,10.116036076150477,9.927006860925806,9.931194305419922,529785200
2011-06-08,9.923415899358883,10.013742640183269,9.889618446827708,9.937173843383789,333723600
2011-06-09,9.967387812959993,9.979950149495298,9.892613597596975,9.91474723815918,275088800
2011-06-10,9.886627463703752,9.919827511546679,9.735882682013898,9.74754810333252,433955200
2011-06-13,9.786430459268725,9.819630508966227,9.722723486183709,9.768485069274902,329473200
2011-06-14,9.870182360371576,9.967388931115625,9.849544633085188,9.943161964416504,334569200
2011-06-15,9.862701617516475,9.87915189288338,9.71704116595239,9.77297306060791,399196000
2011-06-16,9.777457420629664,9.830696178949951,9.521132035362037,9.725414276123047,510591200
2011-06-17,9.839968289196305,9.847744969977123,9.551937987247959,9.578856468200684,615020000
2011-06-20,9.492119143994348,9.502288649824495,9.28693920075469,9.431103706359863,640645600
2011-06-21,9.47178042638783,9.744555262534732,9.427513966746968,9.72960090637207,493382400
2011-06-22,9.725415388093827,9.837278371061895,9.642266308094236,9.64914608001709,390583200
2011-06-23,9.53937514442747,9.920723199245137,9.514850288320712,9.906965255737305,559759200
2011-06-24,9.91115582053189,9.964394590131723,9.723323013660222,9.761009216308594,439807200
2011-06-27,9.798096985172833,9.986826697882666,9.787927477115694,9.931194305419922,339813600
2011-06-28,9.979351447794414,10.070575945391042,9.973070678672546,10.027505874633789,294299600
2011-06-29,10.050837358436231,10.060707368081145,9.92641278062659,9.991018295288086,352545200
2011-06-30,10.010752598532555,10.053523947027989,9.95512101338421,10.039764404296875,322954800
2011-07-01,10.048140823384852,10.273958530852784,9.99579896537127,10.266780853271484,435313200
2011-07-05,10.25900267953471,10.463285727219828,10.244048321517772,10.451321601867676,355054000
2011-07-06,10.436966308950208,10.5910016519653,10.369968793684714,10.521012306213379,444626000
2011-07-07,10.608050432045427,10.707648998861746,10.588010118998197,10.683721542358398,399663600
2011-07-08,10.568270439414688,10.767469176656894,10.534173473389219,10.758794784545898,489633200
2011-07-11,10.657998220147816,10.760588605535569,10.552715507030873,10.588008880615234,442674400
2011-07-12,10.573951959243296,10.698077777964302,10.427095896975658,10.580533027648926,451609200
2011-07-13,10.7175172304151,10.767467055490277,10.65919331608786,10.708246231079102,391638800
2011-07-14,10.797678381068607,10.815624574643053,10.658000768444934,10.70077133178711,430533600
2011-07-15,10.80246236334762,10.9170160859382,10.742643324690512,10.914623260498047,484467200
2011-07-18,10.929876449087176,11.20564317466615,10.925390301000323,11.180220603942871,572653200
2011-07-19,11.305841897126776,11.32528320528677,11.165864797844176,11.271446228027344,819145600
2011-07-20,11.847804281277313,11.852290429589655,11.545118255943272,11.572036743164062,941340400
2011-07-21,11.573533532304298,11.666551831894495,11.482309053235795,11.58370304107666,526534400
2011-07-22,11.614505246624475,11.815797233733107,11.597456769810641,11.763455390930176,516728800
2011-07-25,11.675221683977009,11.963850188650067,11.653388355443042,11.918986320495605,589806000
2011-07-26,11.963853301410019,12.098447336911647,11.954282798286295,12.065845489501953,476582400
2011-07-27,11.981500708185251,12.042815665989387,11.729063198863885,11.742223739624023,659324400
2011-07-28,11.713212193112952,11.873826221967173,11.608827170944048,11.719193458557129,594034000
2011-07-29,11.594168587696183,11.818789847258007,11.485297444246676,11.67911148071289,632584400
2011-08-01,11.89745606269522,11.948900221459168,11.73564480756301,11.866649627685547,612836000
2011-08-02,11.893562106635164,11.901039284348041,11.615402629781112,11.63215160369873,639539600
2011-08-03,11.69406497623866,11.770933277075889,11.43265604759584,11.741621971130371,732508000
2011-08-04,11.647111004036649,11.704237716838481,11.286400542397251,11.286998748779297,871407600
2011-08-05,11.378816641085187,11.470340581658375,10.844331843191513,11.174832344055176,1204590800
2011-08-08,10.81801274819275,10.999863451600858,10.558696333466836,10.564379692077637,1143833600
2011-08-09,10.806349766222393,11.204447692896547,10.61791876557793,11.186501502990723,1082583600
2011-08-10,11.100961638946234,11.205645369983786,10.842244142227496,10.877836227416992,878656800
2011-08-11,11.082113833948652,11.229568863577,10.908638033215137,11.177227020263672,741969200
2011-08-12,11.307930577734833,11.354888561630744,11.193078193753752,11.275629043579102,528976000
2011-08-15,11.354593718187214,11.514311616887849,11.308532628503482,11.467652320861816,460544000
2011-08-16,11.411123056805517,11.466455945638995,11.247815919517546,11.380016326904297,498750000
2011-08-17,11.434751513046216,11.500851315697513,11.305840844542123,11.378820419311523,442061200
2011-08-18,11.091685251427268,11.145822512551746,10.808440609118916,10.948417663574219,851435200
2011-08-19,10.832370851323617,10.976834878161677,10.64782859952558,10.648725509643555,775888400
2011-08-22,10.902358894929181,10.913426110368857,10.620610128394596,10.660987854003906,535315200
2011-08-23,10.776437038258448,11.175431756237101,10.677735419198056,11.174235343933105,656835200
2011-08-24,11.170346168821236,11.334550157109705,11.084505586041143,11.251401901245117,626267600
2011-08-25,10.919411087776108,11.2295743585525,10.91701826185903,11.177830696105957,871346000
2011-08-26,11.10155786955118,11.479316783316053,11.09049145171137,11.472737312316895,641477200
2011-08-29,11.610323944908878,11.709624626088829,11.604940885108078,11.663862228393555,405269200
2011-08-30,11.612415117900191,11.719791167570776,11.55139966383688,11.664458274841309,417922400
2011-08-31,11.681804466025135,11.726967843250325,11.421291614817887,11.510123252868652,522586400
2011-09-01,11.539736761869055,11.585198853529038,11.387197315815998,11.396469116210938,343725200
2011-09-02,11.208335285467006,11.305841323851793,11.121299056290445,11.187698364257812,438939200
2011-09-06,10.987900444082207,11.37552934121555,10.961280663059268,11.35788345336914,509698000
2011-09-07,11.531959372363687,11.533155785159058,11.425480230922396,11.483206748962402,350576800
2011-09-08,11.437447337554218,11.623186878377897,11.434755807400384,11.489490509033203,416158400
2011-09-09,11.483205114589163,11.545117471254299,11.216709393726843,11.290287971496582,564813200
2011-09-12,11.15629117957494,11.391978039883314,11.123389837612596,11.363863945007324,467832400
2011-09-13,11.429666520353516,11.551398714620527,11.3731372194965,11.503843307495117,440560400
2011-09-14,11.575627778800655,11.730858757531804,11.53794157137011,11.643821716308594,534724400
2011-09-15,11.707525734987778,11.77422453424023,11.661764154606901,11.753287315368652,417818800
2011-09-16,11.830454383756614,11.978805541992188,11.815200523553536,11.978805541992188,698513200
2011-09-19,11.874122889190058,12.35955652698219,11.820286717385757,12.311700820922852,823860800
2011-09-20,12.419971604659787,12.647584672965944,12.298538939734218,12.366134643554688,775754000
2011-09-21,12.55127757622592,12.60960149484522,12.322768351017265,12.326955795288086,605976000
2011-09-22,11.994659707010536,12.257565395166484,11.865150833808414,12.018287658691406,968480800
2011-09-23,11.972228316622997,12.165444980320874,11.959367279034325,12.0924654006958,546277200
2011-09-26,11.959665079403543,12.082893186010336,11.70363916236172,12.058666229248047,812876400
2011-09-27,12.224963921872693,12.240516488025948,11.905828427154358,11.941720008850098,632497600
2011-09-28,11.96953847944553,12.075718135288023,11.859470880734625,11.87442684173584,429637600
2011-09-29,12.021281110043374,12.029954703535017,11.551399964724983,11.681806564331055,651086800
2011-09-30,11.578617689643547,11.631558555658964,11.40095438572722,11.405141830444336,547640800
2011-10-03,11.376725132229485,11.44461954214482,11.16137568307573,11.204145431518555,669099200
2011-10-04,11.203250552270196,11.419496950623483,10.595188589246925,11.141337394714355,1233677200
2011-10-05,11.002555941655329,11.360274492692263,10.776438771863187,11.31331729888916,786469600
2011-10-06,11.166163455626316,11.508629021950028,11.120401865409944,11.286998748779297,812582400
2011-10-07,11.239440895987133,11.298063515508991,11.021399892990605,11.06058120727539,535458000
2011-10-10,11.338440795547735,11.629161834716797,11.31211972147772,11.629161834716797,442514800
2011-10-11,11.741625427068305,12.058967129713807,11.709622583064728,11.972527503967285,605687600
2011-10-12,12.18338572152097,12.240512411231926,11.96803630307026,12.029351234436035,622286000
2011-10-13,12.11280068414557,12.21599006652832,12.04909371380368,12.21599006652832,426185200
2011-10-14,12.467235355844187,12.621868133544922,12.420575251414542,12.621868133544922,573367200
2011-10-17,12.614089410359409,12.76244139551127,12.44061275765308,12.561747550964355,686044800
2011-10-18,12.614685673841226,12.705910939034082,12.4421075443542,12.629042625427246,881602400
2011-10-19,12.004233904870157,12.215694699095904,11.898054253902913,11.92258071899414,1104059600
2011-10-20,11.963850631463867,11.974318841131591,11.790674320923491,11.82357406616211,549270400
2011-10-21,11.907020334986768,11.938126254198162,11.687183981101377,11.750592231750488,621244400
2011-10-24,11.849596682724522,12.15826311647797,11.826267437988944,12.136429786682129,502138000
2011-10-25,12.1142969891693,12.159759867958833,11.885489076198807,11.8971529006958,430427200
2011-10-26,12.016492539841813,12.040122087886347,11.758970719290353,11.98179817199707,456304800
2011-10-27,12.189968491600794,12.233039345362814,12.020381397615996,12.104127883911133,494664800
2011-10-28,12.053581178939588,12.153778742285308,12.03892552322723,12.111905097961426,322842800
2011-10-31,12.036232412686113,12.242908279336033,11.995255683902151,12.106819152832031,385501200
2011-11-01,11.886385835100224,11.948896394133312,11.761064415886752,11.859466552734375,531790000
2011-11-02,11.966544921802171,11.977013133187084,11.817593942412275,11.88638687133789,327350800
2011-11-03,11.936033802228955,12.065542648479417,11.825069348079197,12.055672645568848,441386400
2011-11-04,12.02456945774905,12.066741806208228,11.938728845661783,11.971031188964844,302229200
2011-11-07,11.961159916023973,11.963851444900055,11.848101327109877,11.955775260925293,270275600
2011-11-08,12.029950290702027,12.203127386512874,12.010508989106649,12.150186538696289,400442000
2011-11-09,11.873225800332,11.990471839142124,11.79127393323091,11.822678565979004,558684000
2011-11-10,11.875022032953547,11.88040589038655,11.429966867913013,11.52178955078125,744752400
2011-11-11,11.563362841364873,11.625874205594062,11.373436722001783,11.503843307495117,653786000
2011-11-14,11.470944484418755,11.522688944643564,11.311825557053679,11.34352970123291,432905200
2011-11-15,11.389588002645157,11.649801363311857,11.349210273922736,11.629762649536133,430810800
2011-11-16,11.64232441557519,11.698853716116814,11.494869349630527,11.508329391479492,349210400
2011-11-17,11.484701222978773,11.502647415153179,11.231068096301355,11.288195610046387,479900400
2011-11-18,11.33335702615259,11.365359865291968,11.212521749197458,11.214316368103027,371938000
2011-11-21,11.07852439759814,11.11680959284878,10.944230705162097,11.036951065063477,447980400
2011-11-22,11.097072193515464,11.303748097955163,11.094679368078204,11.261276245117188,409021200
2011-11-23,11.201454811785142,11.241235129674667,10.973244309600766,10.976534843444824,428271200
2011-11-25,11.01930709342112,11.10096026574204,10.866767664699873,10.874245643615723,254760800
2011-11-28,11.136848964366147,11.267554226197486,11.076431734362693,11.249608039855957,346413200
2011-11-29,11.24123407674373,11.330663909658556,11.072543916620852,11.162272453308105,375855200
2011-11-30,11.404241289220066,11.433851297996357,11.314810660674006,11.431458473205566,405938400
2011-12-01,11.441629335562197,11.63484516829529,11.388091072528274,11.602842330932617,387181200
2011-12-02,11.659671595090993,11.773328402454572,11.622284897251136,11.655783653259277,379055600
2011-12-05,11.769136762562098,11.85647325878629,11.676417209927864,11.754779815673828,357210000
2011-12-06,11.739827928656757,11.803236992066683,11.646211446503486,11.693168640136719,283598000
2011-12-07,11.662657998908921,11.692867007431733,11.567844329339941,11.637534141540527,304746400
2011-12-08,11.708126586265598,11.829260584603485,11.671636795233406,11.684497833251953,376356400
2011-12-09,11.74999672529656,11.785588796778448,11.695560758864852,11.773026466369629,296993200
2011-12-12,11.715009574302146,11.781408908842096,11.64831153580225,11.719795227050781,301067200
2011-12-13,11.754483244307588,11.826267193098062,11.578016400158731,11.629161834716797,338928800
2011-12-14,11.56605637006752,11.586395389049086,11.29627165472932,11.371344566345215,406887600
2011-12-15,11.465257329393141,11.47752015775683,11.315110760536083,11.333953857421875,256200000
2011-12-16,11.376428696710143,11.489786011652598,11.352799943768082,11.39616870880127,421478400
2011-12-19,11.439537470447076,11.510722428138958,11.380016338469968,11.431760787963867,235530400
2011-12-20,11.597757834887565,11.847205070995138,11.582803475998073,11.842718124389648,337215200
2011-12-21,11.86484845944136,11.883094147160952,11.724871408834616,11.857670783996582,262948000
2011-12-22,11.87412394908539,11.937832527360762,11.847206260117197,11.92048454284668,202358800
2011-12-23,11.954581558209464,12.071229403388717,11.948599494558213,12.06345272064209,269399200
2011-12-27,12.056574823288786,12.235733252936875,12.054181198941178,12.159164428710938,265076000
2011-12-28,12.16992837664135,12.210604803162282,12.003929740917998,12.04281234741211,228662000
2011-12-29,12.065546889430369,12.132843912214685,11.97910885896695,12.11699104309082,215978000
2011-12-30,12.068834489188182,12.151684863891864,12.0682370815603,12.11340045928955,179662000
2012-01-03,12.245002148888094,12.33772171970282,12.233038024135272,12.299736022949219,302220800
2012-01-04,12.262949901128199,12.402927800815073,12.241415269692828,12.365839004516602,260022000
2012-01-05,12.411001904576793,12.518675849294489,12.342807181623133,12.50312328338623,271269600
2012-01-06,12.555169820913363,12.644300192106384,12.53871954173755,12.633831977844238,318292800
2012-01-09,12.726549459413425,12.79384567752946,12.602423637688958,12.613789558410645,394024400
2012-01-10,12.738812222815861,12.741504550899053,12.60691050959505,12.658953666687012,258196400
2012-01-11,12.642202188794828,12.647287341747042,12.541407221301773,12.638314247131348,215084800
2012-01-12,12.630236490838042,12.648780084223526,12.52465509402577,12.603616714477539,212587200
2012-01-13,12.553073215267382,12.57550475481812,12.521966485849804,12.55636215209961,226021600
2012-01-17,12.687664395713693,12.741203458074091,12.6505764052784,12.702619552612305,242897200
2012-01-18,12.77021436782673,12.84528725350359,12.750474360779812,12.83452033996582,276791200
2012-01-19,12.86563217509335,12.902121174778149,12.756760986526947,12.793848991394043,261738400
2012-01-20,12.786067070760458,12.786365774555708,12.554566038729032,12.571016311645508,413974400
2012-01-23,12.64190537965282,12.814783833798375,12.630838960638231,12.783677101135254,306062400
2012-01-24,12.714584021856203,12.714584021856203,12.54858536982371,12.574307441711426,547638000
2012-01-25,13.592131735815874,13.59243043962197,13.271799857344128,13.359435081481934,958314000
2012-01-26,13.410281123567437,13.42314136003001,13.25415328450086,13.298718452453613,323985200
2012-01-27,13.290046448058666,13.413872768954473,13.272998764754222,13.377981185913086,299709200
2012-01-30,13.33101884945657,13.575979098301111,13.321448348878157,13.549359321594238,379341200
2012-01-31,13.626526964257456,13.705787297868701,13.551154572041007,13.653146743774414,391683600
2012-02-01,13.710877963965709,13.728225152982521,13.625336834478754,13.644477844238281,270046000
2012-02-02,13.63580082838948,13.673785731825571,13.578374618825523,13.612471580505371,186796400
2012-02-03,13.677676198070376,13.758431660992455,13.625633043203214,13.748860359191895,286599600
2012-02-06,13.709978179164638,13.907381493022294,13.704595120404461,13.877172470092773,249412800
2012-02-07,13.915454037472163,14.050048042074463,13.895413729598525,14.022530555725098,316223600
2012-02-08,14.072478685612927,14.260609340071914,14.04855043813001,14.257320404052734,407890000
2012-02-09,14.379350749704736,14.857605796826478,14.373368688051093,14.750529289245605,884214800
2012-02-10,14.684431982174996,14.883629078137531,14.61234852642341,14.75800895690918,631302000
2012-02-13,14.94075501407186,15.069366951837624,14.867775454572602,15.032578468322754,517216000
2012-02-14,15.094194221954853,15.240750776744953,15.014635177546891,15.237760543823242,460398400
2012-02-15,15.381324857616834,15.74113672678189,14.861794318148595,14.885125160217285,1506120000
2012-02-16,14.700587821157121,15.101077869778221,14.554927340450563,15.020919799804688,944552000
2012-02-17,15.047832820451125,15.187212481849198,14.96378683830504,15.01822280883789,535805200
2012-02-21,15.16059814649694,15.398978233337402,15.078047251010526,15.398978233337402,605595200
2012-02-22,15.346037416361971,15.418119299554274,15.226099015409586,15.344841003417969,483302400
2012-02-23,15.405852710745027,15.488104882584341,15.238957139108354,15.44503402709961,568027600
2012-02-24,15.54313018792356,15.639737664027868,15.512323776148632,15.625082015991211,415072000
2012-02-27,15.592187589935142,15.807238343925741,15.441743110889975,15.725286483764648,547582000
2012-02-28,15.79108559232819,16.013912200927734,15.727976038935601,16.013912200927734,600387200
2012-02-29,16.197862644117894,16.37881648976722,16.022592158720855,16.22418212890625,952011200
2012-03-01,16.395562627013213,16.396760637035015,16.114412037750053,16.284896850585938,683270000
2012-03-02,16.278016467537288,16.35458367366405,16.22657072948654,16.30613136291504,431712400
2012-03-05,16.313312654235872,16.374925513262287,15.732466259091886,15.94662094116211,809124400
2012-03-06,15.662479041399216,15.962471953537738,15.439951060104963,15.859882354736328,810238800
2012-03-07,16.05548836223857,16.084799669818853,15.651707928845704,15.872740745544434,798520800
2012-03-08,15.992378774703035,16.24062877736405,15.915511268377648,16.21072006225586,516457200
2012-03-09,16.277125626152394,16.382707078269537,16.24422506684263,16.30583953857422,418919200
2012-03-12,16.419788226322023,16.510116577148438,16.36056660247564,16.510116577148438,407282400
2012-03-13,16.67581051504839,16.994048174136093,16.6222706696579,16.991655349731445,690855200
2012-03-14,17.28926338054653,17.78785597346447,17.210001441746442,17.63412094116211,1418844000
2012-03-15,17.93410963816077,17.946073761878182,17.30421369922877,17.513879776000977,1159718000
2012-03-16,17.488759674244637,17.62275470010985,17.287767135446817,17.514183044433594,825487600
2012-03-19,17.897018896122628,17.998710732823458,17.618261258276906,17.97867202758789,901236000
2012-03-20,17.931126441723645,18.15215772408255,17.690952553905703,18.12404441833496,816662000
2012-03-21,18.027735881367388,18.234411828739088,17.98795714689331,18.020557403564453,644042000
2012-03-22,17.879378649964288,18.08037277509135,17.8120824368863,17.92603874206543,623870800
2012-03-23,17.960441096158856,17.999622425980693,17.778290801260024,17.8276424407959,430488800
2012-03-26,17.939492197817376,18.159628873422253,17.80400369184932,18.154542922973633,595742000
2012-03-27,18.130623753118705,18.432710805172565,18.127034514622288,18.378873825073242,607129600
2012-03-28,18.49551810108389,18.587341578101636,18.254147828113187,18.472787857055664,655460400
2012-03-29,18.328024852768337,18.441083455656095,18.162026985170616,18.24068832397461,608238400
2012-03-30,18.208083626849366,18.2616218881939,17.88416252999481,17.93231773376465,731038000
2012-04-02,18.000512446701514,18.50718118261423,17.957142891007628,18.502994537353516,598351600
2012-04-03,18.762312971240778,18.90917144224071,18.619046933281005,18.822731018066406,834559600
2012-04-04,18.674084215155485,18.719247609082867,18.454247713328733,18.672887802124023,572980800
2012-04-05,18.75273565572954,18.9824420246397,18.645659151202413,18.9531307220459,641298000
2012-04-09,18.727324206913423,19.137385597690574,18.702499833976738,19.02941131591797,597536800
2012-04-10,19.140076583964998,19.26180881376904,18.723435731880894,18.796415328979492,889725200
2012-04-11,19.028512729694484,19.048551447794598,18.643873169727236,18.729415893554688,696614800
2012-04-12,18.693518413707007,18.88284710985543,18.55892439490823,18.626819610595703,614336800
2012-04-13,18.666895318701705,18.68454280040327,18.050757327497937,18.102201461791992,859644800
2012-04-16,18.246677361612374,18.253256835231515,17.2952525709299,17.351482391357422,1050786800
2012-04-17,17.315883787214744,18.244875082788553,17.105618648900137,18.235902786254883,1025528000
2012-04-18,18.356132489263615,18.551443189084047,18.026826816226617,18.195219039916992,954531200
2012-04-19,17.952361151497104,18.087253900827207,17.48277950507485,17.57011604309082,834719200
2012-04-20,17.687955999765613,17.784863816676975,17.06105021451226,17.137619018554688,1030985200
2012-04-23,17.066736374262003,17.24798890768016,16.648300210866775,17.099336624145508,966529200
2012-04-24,16.827450010061817,16.979391152794495,16.599837798325712,16.757761001586914,1076149200
2012-04-25,18.413565948233668,18.484152699351522,18.12523688033304,18.244874954223633,905777600
2012-04-26,18.37258819244007,18.385151323616835,18.009485747865693,18.176082611083984,536068400
2012-04-27,18.097425784657627,18.130625045105063,17.96073760552907,18.035511016845703,406722400
2012-04-30,17.879982829397605,17.897929023860886,17.437319616719126,17.466630935668945,506144800
2012-05-01,17.494142603260702,17.84887014351626,17.384374545735376,17.411293029785156,610999200
2012-05-02,17.35476227816854,17.568915327237754,17.313486844896257,17.526443481445312,427389200
2012-05-03,17.661640093098143,17.688558581606536,17.356561227758352,17.402023315429688,390549600
2012-05-04,17.2602570591085,17.298540680540217,16.904032649900532,16.90642547607422,529992400
2012-05-07,16.7942517360688,17.13133327880531,16.786175554555264,17.032930374145508,460118400
2012-05-08,17.03592572831041,17.093351932601426,16.711407214500863,16.99405288696289,497252000
2012-05-09,16.860054513746242,17.16752608427794,16.7748121343821,17.023958206176758,480704000
2012-05-10,17.185478459386456,17.22436107793431,17.00183467953231,17.064044952392578,333200000
2012-05-11,16.898954464938484,17.182199376634355,16.879513144514338,16.95009994506836,399546000
2012-05-14,16.826256872509948,16.974009802953855,16.67760623347558,16.696149826049805,352626400
2012-05-15,16.792763329518582,16.845702592703336,16.502638852028273,16.54511070251465,476336000
2012-05-16,16.571429774925733,16.656373465616202,16.18230499290998,16.333049774169922,560896000
2012-05-17,16.310019745403263,16.375522134241375,15.855692863464355,15.855692863464355,717220000
2012-05-18,15.97054085260377,16.25318644944344,15.61820624098046,15.86346435546875,732292400
2012-05-21,15.986697626136564,16.795453337753507,15.973236787006154,16.787675857543945,631106000
2012-05-22,17.035029082908633,17.164538751127516,16.52746421173654,16.658767700195312,694870400
2012-05-23,16.674615577325838,17.132234543614523,16.546902943902055,17.065237045288086,584897600
2012-05-24,17.22406416891994,17.24290807241219,16.786186608817925,16.908517837524414,496230000
2012-05-25,16.886685026644212,16.92437123924165,16.703637023736423,16.81789207458496,328507200
2012-05-29,17.07541127153422,17.16813086824612,16.908216974117785,17.11638641357422,380508800
2012-05-30,17.024564342178873,17.347289106648873,16.94560269495387,17.322763442993164,529429600
2012-05-31,17.369712400280022,17.39244423261976,17.092152750020016,17.279685974121094,491674400
2012-06-01,17.0233671619599,17.127752177069006,16.76494839894362,16.77900505065918,520987600
2012-06-04,16.794257637232636,16.973714734408404,16.40543312801184,16.877704620361328,556995600
2012-06-05,16.787377380910428,16.942907819048013,16.6994434537529,16.834035873413086,388214400
2012-06-06,16.981795987808713,17.16364596445606,16.913900750798785,17.0921630859375,401455600
2012-06-07,17.26652855576228,17.267424667085738,17.063441936040125,17.099931716918945,379766800
2012-06-08,17.096345188732908,17.364934234333813,17.01857996487501,17.35715675354004,347516400
2012-06-11,17.578487988775024,17.601817236051648,17.067332280711867,17.083484649658203,591264800
2012-06-12,17.18188382923516,17.246486901492336,16.949784625195402,17.232728958129883,435380400
2012-06-13,17.183675329618254,17.302116941679476,17.05984906403159,17.113088607788086,293580000
2012-06-14,17.085576133763468,17.15317264359989,16.966537079400315,17.094249725341797,345573200
2012-06-15,17.07839505878095,17.186667981148922,17.035025510144667,17.172012329101562,335255200
2012-06-18,17.07720130280136,17.583569686565905,17.059553820091786,17.52046012878418,440412000
2012-06-19,17.44928120373119,17.64668452202134,17.440308906480492,17.5692195892334,361404400
2012-06-20,17.593147550474797,17.62425428531524,17.37151725611428,17.519271850585938,358943200
2012-06-21,17.510294850158342,17.59344313444716,17.271017108935535,17.277896881103516,326351200
2012-06-22,17.318871506770325,17.413086197413907,17.21059856967267,17.4103946685791,284471600
2012-06-25,17.26684444502354,17.341619498543594,17.059570974122586,17.071535110473633,304382400
2012-06-26,17.08826532336617,17.182780303740707,16.968627280437456,17.109203338623047,276536400
2012-06-27,17.198038848714134,17.250082005005034,17.105918261057145,17.18308448791504,202997200
2012-06-28,17.098440988247958,17.168130034329664,16.91718844978786,17.020076751708984,282836400
2012-06-29,17.287771094204604,17.46722984313965,17.175610174793736,17.46722984313965,421500800
2012-07-02,17.489058171787725,17.75046712812625,17.455259916299454,17.72205352783203,400092000
2012-07-03,17.792637183920448,17.945774770355133,17.766317709510474,17.92812728881836,241712800
2012-07-05,17.96252884835763,18.3746842538414,17.935311656403215,18.24308204650879,484383200
2012-07-06,18.15783796399335,18.198215692434417,17.99303651614456,18.121646881103516,418930400
2012-07-09,18.104292076132168,18.36151429512717,18.0687000132148,18.361215591430664,379405600
2012-07-10,18.483254282884875,18.540083084613283,18.1045984677199,18.19133758544922,511957600
2012-07-11,18.12882593401855,18.174887023281595,17.86263130218655,18.078279495239258,469322000
2012-07-12,17.952949413689982,18.049556895188946,17.726832319344243,17.912870407104492,428041600
2012-07-13,18.03401257629172,18.16082751888944,17.94577834572134,18.09442901611328,311427200
2012-07-16,18.098921815519606,18.29333333370005,18.095929984401515,18.1524600982666,301260400
2012-07-17,18.26849810200879,18.28973481907684,18.039988151133546,18.15334701538086,293624800
2012-07-18,18.142892317996694,18.19523419793125,18.05226521533657,18.13302230834961,252700000
2012-07-19,18.28315681516585,18.404888988321762,18.125233564221308,18.374082565307617,436861600
2012-07-20,18.33550067218457,18.377673816930187,18.056444222405773,18.074390411376953,397471200
2012-07-23,17.778279322330786,18.12224066796153,17.578184558020965,18.060327529907227,487975600
2012-07-24,18.16650639210383,18.2352993004211,17.901207955628326,17.973291397094727,565132400
2012-07-25,17.181886677996733,17.3715124763457,17.04848907477115,17.197139739990234,877312800
2012-07-26,17.340413706407237,17.35955631597906,17.059264615057387,17.194456100463867,406632800
2012-07-27,17.198340434846042,17.52196292194899,17.096049532431934,17.501922607421875,403936400
2012-07-30,17.67420196626057,17.929031500398377,17.58148077397999,17.797130584716797,379142400
2012-07-31,18.042383471570698,18.295719411359066,18.02713041107158,18.267602920532227,462327600
2012-08-01,18.42164194611544,18.436297602031463,18.035507343078876,18.149463653564453,384501600
2012-08-02,18.03072410499363,18.265513314097834,17.95325757887958,18.178775787353516,332158400
2012-08-03,18.35344064206316,18.483547672660688,18.291527509101904,18.415353775024414,344920800
2012-08-06,18.462913407521192,18.689629586595597,18.40219826751416,18.6202392578125,302103200
2012-08-07,18.6268264115004,18.69352523896434,18.48535416674518,18.571195602416992,290446800
2012-08-08,18.5257233247085,18.660018626512112,18.457230708132187,18.53978157043457,244706000
2012-08-09,18.559007394364194,18.675556085036156,18.55750585862576,18.645517349243164,221642400
2012-08-10,18.584839098596518,18.676453621420855,18.584539112328713,18.674652099609375,194938800
2012-08-13,18.72541467621793,18.923965454101562,18.721208452206984,18.923965454101562,278832400
2012-08-14,18.980143034950363,19.182600118487386,18.930279531990227,18.974735260009766,340169200
2012-08-15,18.96302073757332,19.04412292119547,18.856386028543106,18.948902130126953,257342400
2012-08-16,18.960320983954272,19.127031592095417,18.938993075877594,19.114416122436523,254534000
2012-08-17,19.224348448294013,19.470359641468796,19.188603561259303,19.46795654296875,442761200
2012-08-20,19.52503276359998,19.979808807373047,19.521728101530165,19.979808807373047,613384800
2012-08-21,20.15012054849226,20.27207539142465,19.53464017802923,19.706758499145508,812719600
2012-08-22,19.657501086037286,20.095455461943644,19.46796105943662,20.091550827026367,565322800
2012-08-23,20.008633865177107,20.122477809392546,19.85964501875678,19.904102325439453,420128800
2012-08-24,19.810395934390076,20.10987535592056,19.691445731763906,19.921836853027344,437340400
2012-08-27,20.425570778285188,20.452004864298836,20.231826156964253,20.29610824584961,427008400
2012-08-28,20.27507856336458,20.30872194263252,20.145614438004074,20.269672393798828,267416800
2012-08-29,20.28318920872246,20.35588053185542,20.203588576368446,20.229721069335938,202806800
2012-08-30,20.144721050034853,20.172055101452433,19.910723666970977,19.941362380981445,302699600
2012-08-31,20.042893113770365,20.08344421579237,19.742512084843526,19.98251724243164,338321200
2012-09-04,19.998132232467555,20.279888364995735,19.960284226166245,20.274782180786133,367892000
2012-09-05,20.292801417840455,20.31623082584005,20.113473803828622,20.13239860534668,336375200
2012-09-06,20.220711754746286,20.37450686137435,20.149521961830533,20.31382942199707,391196400
2012-09-07,20.36730154986634,20.50037197221437,20.298816427318574,20.43909454345703,329666400
2012-09-10,20.439390884487718,20.524697687144187,19.88819250613709,19.90741729736328,487998000
2012-09-11,19.978610187983843,20.12849909370127,19.719981842172764,19.842838287353516,503983200
2012-09-12,20.03087111259968,20.122487248551572,19.704959261853364,20.119182586669922,712233200
2012-09-13,20.346867207714222,20.591076848401276,20.268768120490147,20.515380859375,598360000
2012-09-14,20.725056124761696,20.935922468047455,20.66287553096577,20.764705657958984,600474000
2012-09-17,21.007110102534494,21.020627133288986,20.86473049802653,21.02002716064453,398031200
2012-09-18,21.023026027024898,21.096618913545722,20.919094422904465,21.084003448486328,373503200
2012-09-19,21.03444628373936,21.146487167397684,21.0137199555004,21.0897159576416,326874800
2012-09-20,21.001398267448195,21.028433927917618,20.834987705344403,20.987581253051758,336568400
2012-09-21,21.09902136498493,21.178921981585056,21.00740524247137,21.029333114624023,571589200
2012-09-24,20.631936104836363,20.880050477549936,20.5159889770659,20.749984741210938,639766400
2012-09-25,20.673985732504605,20.80975921065692,20.215605063205388,20.231826782226562,518789600
2012-09-26,20.08763992753266,20.206290099138034,19.861153526708435,19.98070526123047,576503200
2012-09-27,19.953969956038634,20.49104956095644,19.83561977801085,20.465517044067383,594090000
2012-09-28,20.388332170387912,20.459222005857995,20.027875243912455,20.038389205932617,535110800
2012-10-01,20.16033885551312,20.328252605821795,19.719981351646418,19.806791305541992,543594800
2012-10-02,19.879474738773606,20.015848158658514,19.544250552681735,19.864456176757812,627992400
2012-10-03,19.97109715214971,20.18136348660222,19.904111975594844,20.16904640197754,424281200
2012-10-04,20.16303811326034,20.25315271252053,19.991822941393615,20.029369354248047,370725600
2012-10-05,19.981305668036278,20.005335047435278,19.5631761785622,19.60252571105957,594006000
2012-10-08,19.431011540722146,19.451437879480018,19.107501199147674,19.16938018798828,637994000
2012-10-09,19.183800153867175,19.23906982320062,18.730225673357282,19.099693298339844,838597200
2012-10-10,19.21654117509718,19.373940947919998,19.134237442363048,19.251686096191406,510356000
2012-10-11,19.419604980800894,19.440631300091116,18.86690330505371,18.86690330505371,546081200
2012-10-12,18.910752196452382,19.085573617401682,18.782791200430818,18.915258407592773,460014800
2012-10-15,18.994560403083295,19.078065682996463,18.739236761370847,19.066951751708984,432502000
2012-10-16,19.085271204899577,19.53373941915398,18.954003959577335,19.51841926574707,549771600
2012-10-17,19.490787995739534,19.608536626017816,19.344502166768876,19.362825393676758,389037600
2012-10-18,19.2120378337388,19.286230711354165,18.923972343879278,19.003273010253906,476624400
2012-10-19,18.9555158881945,18.977142179695996,18.311799640273627,18.318408966064453,744086000
2012-10-22,18.395898906030222,19.08557214164265,18.346035413667664,19.045021057128906,546730800
2012-10-23,18.954013468854704,19.041125027773685,18.374280926833837,18.424142837524414,707145600
2012-10-24,18.66685032262158,18.82034389264927,18.342438304766393,18.52837371826172,558527200
2012-10-25,18.623588970724732,18.683666440689905,18.18953927650641,18.309391021728516,656325600
2012-10-26,18.306090345160026,18.443365388659924,17.75249037570144,18.14298439025879,1018432800
2012-10-31,17.869034695295188,18.08170413946205,17.653362179547422,17.882251739501953,510003200
2012-11-01,17.969363013581436,18.11294417586914,17.84770972977055,17.918899536132812,361298000
2012-11-02,17.899375017912778,17.931215279699103,17.264371304454816,17.32594871520996,599373600
2012-11-05,17.527804516831665,17.655465552394286,17.349978384408335,17.56084632873535,529135600
2012-11-06,17.72935316078095,17.744671709076982,17.424767674413474,17.507671356201172,374917200
2012-11-07,17.31575730330091,17.33687964617945,16.76988647408278,16.83778190612793,793648800
2012-11-08,16.917155241209535,16.96543676226326,16.15251518414777,16.22674560546875,1056146000
2012-11-09,16.307307954974025,16.743641559835716,16.10513319163301,16.507671356201172,929913600
2012-11-12,16.7216190872622,16.73218107235272,16.253902350184685,16.380035400390625,515802000
2012-11-13,16.261741947792807,16.61086906975494,16.1847945189839,16.38214111328125,532949200
2012-11-14,16.460592271264293,16.51943412164325,16.17935907116616,16.200481414794922,477170400
2012-11-15,16.220101744296887,16.279546330843807,15.770189363080515,15.860713958740234,789910800
2012-11-16,15.848042584994726,15.992883887563902,15.261133791891005,15.922877311706543,1266893600
2012-11-19,16.316054320713175,17.124448583749878,16.29100950641371,17.0710391998291,823317600
2012-11-20,17.25752508610839,17.25873212354495,16.73458780032609,16.925596237182617,642754000
2012-11-21,17.02638553421805,17.12053124490119,16.79554321684222,16.949438095092773,373002000
2012-11-23,17.114489559116514,17.260236475267433,16.976589190231618,17.245147705078125,272826400
2012-11-26,17.37792257269734,17.803392753054986,17.31183848807396,17.78921127319336,630579600
2012-11-27,17.789811485018543,17.816064945921404,17.504655807259102,17.645875930786133,533330000
2012-11-28,17.41926210178583,17.67665758042036,17.268084298925178,17.590356826782227,520864400
2012-11-29,17.810026883631785,17.931631425176427,17.66005616786977,17.784074783325195,514698800
2012-11-30,17.706535151246676,17.755118014567426,17.582514850870577,17.66097068786621,391319600
2012-12-03,17.91353543472014,17.94190000999806,17.66760597759481,17.688426971435547,364280000
2012-12-04,17.555955723018595,17.555955723018595,17.264162092611265,17.376413345336914,557068400
2012-12-05,17.16699776329698,17.17725677506849,16.257515258685284,16.258119583129883,1044638000
2012-12-06,15.960897740651474,16.696267317049394,15.649789822048408,16.513105392456055,1177212400
2012-12-07,16.69897310297104,16.75328815039278,15.9928726518948,16.0909423828125,787040800
2012-12-10,15.842001214536985,16.249668776919005,15.738801947591947,15.987446784973145,630484400
2012-12-11,16.287690349766443,16.58310668444516,16.215269723605175,16.33657455444336,592345600
2012-12-12,16.529091881488696,16.536032749035105,16.182077511740992,16.264455795288086,487144000
2012-12-13,16.027576555344684,16.22341469508621,15.866138166522102,15.9835205078125,625259600
2012-12-14,15.532713724157157,15.634706012654325,15.256007125789067,15.383044242858887,1009579200
2012-12-17,15.357087287746547,15.69112724223012,15.124738222480135,15.655821800231934,757607200
2012-12-18,15.842004975668319,16.1407395122441,15.69867208926025,16.110565185546875,625685200
2012-12-19,16.037240160877808,16.10453129992046,15.857093421031516,15.881535530090332,449369200
2012-12-20,15.992878928494694,15.998914115191381,15.657330605818055,15.743330001831055,481689600
2012-12-21,15.463910764314381,15.68117271073777,15.396619622730938,15.670913696289062,596268400
2012-12-24,15.701693881766023,15.81937603745959,15.652205332376171,15.696261405944824,175753200
2012-12-26,15.660945349373426,15.674827080325217,15.423165511875675,15.479894638061523,302436400
2012-12-27,15.496198187765563,15.577973783392597,15.228242264162976,15.542065620422363,455120400
2012-12-28,15.398127632031938,15.524561991634698,15.332646249680826,15.37700366973877,354278400
2012-12-31,15.405368260553772,16.155828124316187,15.359201089943278,16.058361053466797,659492400
2013-01-02,16.71164801460583,16.747254800275815,16.343812755825798,16.567108154296875,560518000
2013-01-03,16.532406895322314,16.586420591823266,16.324801368224563,16.357994079589844,352965200
2013-01-04,16.203196618048985,16.253287851573088,15.867044040007611,15.902349472045898,594333600
2013-01-07,15.75147391386213,15.971752554627331,15.546282431791802,15.808807373046875,484156400
2013-01-08,15.969047920805686,16.04991785346058,15.72885381031957,15.851364135742188,458707200
2013-01-09,15.76656190465764,15.8423022815988,15.570121028724184,15.603616714477539,407604400
2013-01-10,15.94912472154856,15.954254227516577,15.555941562396038,15.797042846679688,601146000
2013-01-11,15.721300492044692,15.851657289347537,15.66155295514269,15.700178146362305,350506800
2013-01-14,15.16849301313058,15.313938622651875,15.042662972721594,15.14043140411377,734207600
2013-01-15,15.036325199197696,15.057146192642778,14.586109892715818,14.662755966186523,876772400
2013-01-16,14.925888601131616,15.372482942208986,14.861314492620732,15.271394729614258,690804800
2013-01-17,15.398724481922818,15.412001889541614,15.14887425740399,15.168486595153809,453678400
2013-01-18,15.04296130783509,15.154609843056585,14.978989941166704,15.087621688842773,472922800
2013-01-22,15.225216536368409,15.325397383707843,14.98592669002331,15.231553077697754,461546400
2013-01-23,15.353465296148592,15.539948539857214,15.231557745578879,15.510376930236816,861509600
2013-01-24,13.880611518267147,14.053515986044248,13.586402218787907,13.593947410583496,1460852400
2013-01-25,13.62985528557248,13.766849987912577,13.126229858738128,13.27348518371582,1208026400
2013-01-28,13.211626249026779,13.675720791953852,13.152180872981893,13.573728561401367,785517600
2013-01-29,13.835346246534021,13.886644518088247,13.642827855773708,13.828405380249023,571158000
2013-01-30,13.790083576048593,13.959065553954654,13.714646171484702,13.784954071044922,417155200
2013-01-31,13.789483835363832,13.858886069137473,13.729133576398775,13.744522094726562,319334400
2013-02-01,13.853758326097799,13.86492302067761,13.5290732791633,13.688096046447754,539484400
2013-02-04,13.696842263039299,13.758098191049632,13.33745540456095,13.347111701965332,477117200
2013-02-05,13.399317571430068,13.87276792758388,13.344096818086795,13.815434455871582,573347600
2013-02-06,13.774093865942044,14.07675084523305,13.656711490873077,13.80064868927002,593706400
2013-02-07,14.060151809492892,14.265020407367384,13.783045107869096,14.210996627807617,704580800
2013-02-08,14.38642616254533,14.532414693864332,14.211906124777906,14.416170120239258,633158400
2013-02-11,14.462306191535186,14.718470608803264,14.363666454712995,14.566410064697266,517490400
2013-02-12,14.553658396230086,14.64076684823294,14.196426213126163,14.201282501220703,609053200
2013-02-13,14.180338128106488,14.375495720345294,14.059237297752802,14.174267768859863,475207600
2013-02-14,14.098695853733508,14.314795811277916,14.083520763892368,14.16152286529541,355275200
2013-02-15,14.230117054984863,14.269878323345695,13.959082334943488,13.9663667678833,391745200
2013-02-19,13.994892565522983,14.044364775763121,13.774847319406229,13.961201667785645,435783600
2013-02-20,13.891398974274281,13.891398974274281,13.621576706507126,13.623095512390137,476302400
2013-02-21,13.536591939851501,13.632805926937213,13.440075650468835,13.538413047790527,447182400
2013-02-22,13.635234713826774,13.706558608185224,13.554803658419894,13.682581901550293,330654800
2013-02-25,13.774852924555079,13.813398504261563,13.432491831227262,13.439473152160645,372579200
2013-02-26,13.470427700463238,13.704738744310278,13.283465466761998,13.626736640930176,501499600
2013-02-27,13.610344511580774,13.732053196903896,13.374214003929898,13.493189811706543,587350400
2013-02-28,13.477409582819076,13.593350227067202,13.396979331970215,13.396979331970215,322515200
2013-03-01,13.293782868124282,13.299247002258154,13.05036793043495,13.065239906311035,552448400
2013-03-04,12.984203776010144,12.996344497109323,12.717114395524376,12.748983383178711,582755600
2013-03-05,12.792386808569503,13.208499944315168,12.770230395087129,13.085577964782715,638433600
2013-03-06,13.187860742004498,13.210321077446613,12.881921034813882,12.9192533493042,460250000
2013-03-07,12.88404289191458,13.111980431145241,12.779635141024286,13.068577766418457,468473600
2013-03-08,13.044905143989192,13.215781317225922,13.00878690790132,13.103178977966309,391482000
2013-03-11,13.043387839720033,13.324439844073899,12.903468873563808,13.289838790893555,474236000
2013-03-12,13.220943438131563,13.32049492324854,12.9772237215251,13.003325462341309,465911600
2013-03-13,13.003933398395882,13.187556544718747,12.91014835012655,13.000897407531738,405549200
2013-03-14,13.136870730221379,13.191806281823872,13.064635054922578,13.126855850219727,303875600
2013-03-15,13.291659239280921,13.482871524003983,13.271020015601197,13.465571403503418,643960800
2013-03-18,13.398495978916596,13.884416568021605,13.390908433791502,13.8316068649292,606197200
2013-03-19,13.946336396800532,13.990953962201772,13.612474595387575,13.794279098510742,526775200
2013-03-20,13.883204658285589,13.889578131602251,13.645554501406332,13.721128463745117,308660800
2013-03-21,13.664678830988835,13.900202374978521,13.661036614065843,13.740859031677246,383255600
2013-03-22,13.797009135636761,14.025248240238028,13.75239319510675,14.019482612609863,395105200
2013-03-25,14.103854916327185,14.263502952300813,14.015534015298359,14.070165634155273,501135600
2013-03-26,14.126620585012585,14.138761307571764,13.977597673140325,13.996111869812012,294294000
2013-03-27,13.854066927781943,13.864385730206632,13.680154745917394,13.721128463745117,331237200
2013-03-28,13.652532806956295,13.713234777846072,13.403653753753998,13.435218811035156,442839600
2013-04-01,13.41215438613934,13.466786820285241,12.98238339789661,13.01789379119873,389732000
2013-04-02,12.978133973533682,13.298033863655665,12.941711810944453,13.044602394104004,529519200
2013-04-03,13.092552928313431,13.27192838140006,13.060380837561247,13.111371040344238,363216000
2013-04-04,13.165100794215421,13.202735418748974,12.90681215185881,12.981779098510742,358447600
2013-04-05,12.884043041910601,12.897701756028507,12.737750619679986,12.844587326049805,383695200
2013-04-08,12.894663116798272,12.975093337565832,12.823035320736036,12.935940742492676,300829200
2013-04-09,12.940500850788323,13.005451287571194,12.830932851667411,12.959318161010742,306614000
2013-04-10,12.993308912805064,13.265255383736298,12.92987486272738,13.223673820495605,375928000
2013-04-11,13.163879027540396,13.29347835549465,13.087394125110881,13.182394027709961,328364400
2013-04-12,13.176932348216148,13.176932348216148,13.023356289317386,13.044905662536621,238613200
2013-04-15,12.959924341521347,12.986937043231464,12.73380865816354,12.742914199829102,317520000
2013-04-16,12.795117134295323,12.94808617538897,12.764766140510567,12.936857223510742,305771200
2013-04-17,12.755659962227295,12.765676462359558,12.08307941248523,12.225425720214844,945056000
2013-04-18,12.291892240758358,12.316172865523647,11.829037512514532,11.899148941040039,666299200
2013-04-19,11.77531786954153,12.128301589228863,11.6882094229174,11.85301685333252,609274400
2013-04-22,11.917054110898201,12.207211560070691,11.875474183318783,12.10007095336914,429920400
2013-04-23,12.261543127621325,12.394784695945953,12.104324041998341,12.326495170593262,664238400
2013-04-24,11.944371694811732,12.603293328047382,11.912805829554712,12.306156158447266,969651200
2013-04-25,12.481283614078313,12.563534956617838,12.352898351220151,12.394783020019531,384837600
2013-04-26,12.43819051237333,12.710136249199712,12.390842498726434,12.662485122680664,764097600
2013-04-29,12.76111925943213,13.160843865399825,12.747461357744463,13.054615020751953,640326400
2013-04-30,13.205767573571991,13.513831494206862,13.113803633916895,13.438863754272461,691538400
2013-05-01,13.489851436477622,13.504116376394844,13.18421652811652,13.33293628692627,506909200
2013-05-02,13.408510997611026,13.615201486971564,13.373607643411484,13.522025108337402,421828400
2013-05-03,13.697755504824714,13.756030955297552,13.632197243966516,13.657389640808105,361300800
2013-05-06,13.831302492951007,14.02828204226768,13.788811590769631,13.983059883117676,496641600
2013-05-07,14.112352793528984,14.136026385920653,13.77029572348146,13.92083740234375,483753200
2013-05-08,13.932372825039009,14.124496097816577,13.834339334462285,14.078058242797852,472598000
2013-05-09,14.048115010403883,14.14557526708819,13.918879946020555,13.955236434936523,398487600
2013-05-10,13.991903071713713,14.045063966290774,13.763068598193904,13.839142799377441,334852000
2013-05-13,13.794534712114599,13.989761996012582,13.794229592999773,13.893217086791992,316948800
2013-05-14,13.86602654818081,13.907271471231084,13.508567285105888,13.560811996459961,447118000
2013-05-15,13.417216558348745,13.473431892923962,12.903942636097268,13.102224349975586,741613600
2013-05-16,12.930831753757882,13.37719661168965,12.798236266755126,13.277291297912598,603204000
2013-05-17,13.413855921087277,13.445629913603694,13.168217921221805,13.236959457397461,427904400
2013-05-20,13.19571573183709,13.62008339587959,13.140416562967372,13.53239917755127,451578400
2013-05-21,13.386360804592575,13.61030682019746,13.26568048017841,13.432494163513184,456022000
2013-05-22,13.566616753855001,13.697990923549465,13.388498174347683,13.484126091003418,443038400
2013-05-23,13.319148714528108,13.631084937421551,13.314260281111142,13.508265495300293,353021200
2013-05-24,13.468849246490207,13.615804056008164,13.45387883204145,13.60022258758545,276166800
2013-05-28,13.745345525328121,13.78231225246218,13.46884971126916,13.4868745803833,386145200
2013-05-29,13.44288209115845,13.67202247445655,13.424550468897865,13.594114303588867,330576400
2013-05-30,13.61550368334337,13.885889874406683,13.580674408425667,13.796677589416504,353519600
2013-05-31,13.824776789828608,13.965317551707006,13.73312197039615,13.74014949798584,384302800
2013-06-03,13.770704212738169,13.820503893826984,13.518650537059212,13.77039909362793,372352400
2013-06-04,13.846776962101625,13.883745320186119,13.668659212976165,13.72731876373291,292728800
2013-06-05,13.615501437297695,13.770400802030768,13.556230819040683,13.599003791809082,290589600
2013-06-06,13.610001064304795,13.656745475113356,13.26109736208503,13.395831108093262,416934000
2013-06-07,13.335951098520574,13.541871442752472,13.221991544291187,13.49818229675293,404535600
2013-06-10,13.587391669018679,13.720292249018623,13.345114865379925,13.408967971801758,450153200
2013-06-11,13.312731795056088,13.527206080163346,13.238795062440792,13.36955738067627,286112400
2013-06-12,13.42760613333445,13.48107213950863,13.183189405829761,13.204270362854004,265227200
2013-06-13,13.213743188716508,13.355503662200299,13.09917258338801,13.319452285766602,285832400
2013-06-14,13.302342602819463,13.329534100616904,13.09153303093652,13.13888931274414,271866000
2013-06-17,13.181357601456057,13.311508865518679,13.148361494851075,13.198466300964355,259414400
2013-06-18,13.185023968243314,13.287067558979395,13.143779038812124,13.191439628601074,195025600
2013-06-19,13.180136279760903,13.188079983783298,12.923500061035156,12.923500061035156,310940000
2013-06-20,12.810458097132145,13.014544483982208,12.684278263417728,12.735300064086914,357310800
2013-06-21,12.785710310140868,12.831844494298435,12.468275403794639,12.633255958557129,481118400
2013-06-24,12.44688951039155,12.485385109721275,12.161227786462787,12.298406600952148,480746000
2013-06-25,12.39494985914486,12.45880297577145,12.185057253824388,12.301155090332031,314162800
2013-06-26,12.339956329845444,12.367147831709836,12.08820772988097,12.16183853149414,367724000
2013-06-27,12.197886901152135,12.263267231838343,12.023434654929456,12.030766487121582,337246000
2013-06-28,11.956833288620839,12.229050954773527,11.88075827715424,12.114787101745605,578516400
2013-07-01,12.302987145914514,12.595675519444608,12.25807507958882,12.502490997314453,391053600
2013-07-02,12.525099849959421,12.881641330159004,12.51012943330325,12.785707473754883,469865200
2013-07-03,12.85811539627567,12.92288630740928,12.75393353990706,12.856282234191895,240928800
2013-07-05,12.84375773116716,12.93235812381301,12.689775368875965,12.75301742553711,274024800
2013-07-08,12.835201051065408,12.862391729359043,12.54617823012611,12.680606842041016,298138400
2013-07-09,12.636311616193202,12.9387760922891,12.537934340876678,12.903641700744629,352584400
2013-07-10,12.819620764960263,12.978491560770106,12.778375838737261,12.854144096374512,281405600
2013-07-11,12.921970906314495,13.083896980306395,12.86758872279957,13.054566383361816,326292400
2013-07-12,13.065564281045473,13.130945433029371,12.936024085183043,13.03073501586914,279563200
2013-07-15,12.984908570856573,13.181968214805371,12.978492094907242,13.059148788452148,241917200
2013-07-16,13.031040355565226,13.159053326376148,12.959243542726087,13.143472671508789,216538000
2013-07-17,13.128193683662332,13.205184848489859,13.082976507905055,13.146829605102539,198990400
2013-07-18,13.24062820475944,13.286150512842559,13.156000064750009,13.191134452819824,218878800
2013-07-19,13.232070647408321,13.258956205446445,12.964740662339816,12.983072280883789,268721600
2013-07-22,13.120864761556103,13.129724638292984,12.99896232124501,13.024625778198242,207796400
2013-07-23,13.015152555253755,13.044482331724563,12.792428672868379,12.800983428955078,369395600
2013-07-24,13.410190262060647,13.583114475369715,13.298064701682978,13.458462715148926,591936800
2013-07-25,13.46427076728116,13.485656846924787,13.314870881460669,13.397055625915527,229493600
2013-07-26,13.299291819397194,13.474660314912484,13.2699620304046,13.473133087158203,200152400
2013-07-29,13.46732447880378,13.748097729421355,13.44899367095353,13.680883407592773,248057600
2013-07-30,13.747182780662794,13.966852283280458,13.724879709792402,13.849838256835938,309422400
2013-07-31,13.900856733281907,13.972652730764135,13.730986965955935,13.825697898864746,322957600
2013-08-01,13.92407502093745,13.956153315819218,13.84799920716011,13.952486991882324,206250800
2013-08-02,13.993123061207749,14.140994878013204,13.951878136569306,14.131523132324219,274783600
2013-08-05,14.197208525143644,14.379909585177852,14.119607117525495,14.342636108398438,318855600
2013-08-06,14.298951050551954,14.417187173455634,14.120221382485797,14.214322090148926,334857600
2013-08-07,14.170017622285458,14.267784631054889,14.107996864757217,14.206068992614746,298858000
2013-08-08,14.265432088979491,14.272813156427821,14.08367617731179,14.177783966064453,255777200
2013-08-09,14.10489239000404,14.16086464794966,13.951432255576707,13.976034164428711,266865200
2013-08-12,14.050148937142438,14.412734252354188,14.043075007061097,14.373063087463379,364434000
2013-08-13,14.483163197591223,15.212641998101597,14.39428328780996,15.056105613708496,881941200
2013-08-14,15.311670183072346,15.507570620728186,15.173893581829859,15.330737113952637,756372400
2013-08-15,15.2667675903191,15.450675005351076,15.041034143733052,15.312589645385742,490294000
2013-08-16,15.381473969658119,15.467277589261178,15.341802811817832,15.448517799377441,362306000
2013-08-19,15.510339040363633,15.799424213294728,15.499883351736901,15.61490249633789,510518400
2013-08-20,15.675486278504794,15.701934272830794,15.402084674363046,15.409772872924805,358688400
2013-08-21,15.487269581843103,15.59675207154867,15.413767723439832,15.449442863464355,335879600
2013-08-22,15.530021516384359,15.548781314166286,15.321510519377785,15.46789836883545,244207600
2013-08-23,15.477430021399169,15.479890376178892,15.356875922045509,15.408234596252441,222731600
2013-08-26,15.39992762603333,15.690551642487033,15.392239429382224,15.468201637268066,330965600
2013-08-27,15.315353098713496,15.454054332047065,14.955535337756965,15.025960922241211,424188800
2013-08-28,14.94631983342377,15.24770684867618,14.94631983342377,15.097012519836426,307608000
2013-08-29,15.120072376689327,15.269227688307469,15.104080070775858,15.121609687805176,239657600
2013-08-30,15.130838294707516,15.160053781595616,14.961692976674524,14.98383617401123,272297200
2013-09-03,15.164666339130736,15.395318880726201,14.987832833402658,15.025659561157227,331928800
2013-09-04,15.363330363371336,15.445750586863339,15.262457483330516,15.336573600769043,345032800
2013-09-05,15.384555121452605,15.397779939885076,15.181271989636064,15.231400489807129,236367600
2013-09-06,15.328890324254528,15.35779702872226,15.067790516149742,15.322123527526855,359525600
2013-09-09,15.530631875883996,15.62043317560538,15.483886781301907,15.566614151000977,340687200
2013-09-10,15.56753967735838,15.60598231318576,15.05395289519903,15.212026596069336,743195600
2013-09-11,14.362301142759796,14.567735860580585,14.294643021829915,14.383830070495605,898696400
2013-09-12,14.408122430052071,14.62032226743413,14.33154430314754,14.536980628967285,404051200
2013-09-13,14.433952574768647,14.510529048973916,14.291256953298415,14.297406196594238,298835600
2013-09-16,14.177471452932863,14.196229605879534,13.753684357751638,13.842869758605957,543706800
2013-09-17,13.776439899646043,14.13779667115123,13.762293682255448,14.002787590026855,399380800
2013-09-18,14.244510960574145,14.34200045129003,14.16701143888471,14.290641784667969,456862000
2013-09-19,14.475781766643095,14.633548324489059,14.431188246003519,14.52498722076416,404541200
2013-09-20,14.700285950498005,14.717199661055334,14.331240874397906,14.374604225158691,699302800
2013-09-23,15.256928231192642,15.281838916272239,14.841752336434897,15.08901309967041,762106800
2013-09-24,15.219408273568295,15.237552160395532,15.00228768706275,15.041651725769043,364344400
2013-09-25,15.044724632076186,15.058254939518356,14.805768037057794,14.808842658996582,316957200
2013-09-26,14.946315022260462,15.025043097523138,14.88173152462874,14.953080177307129,237221600
2013-09-27,14.87803794631969,14.905408979524967,14.78393185033633,14.846362113952637,228040400
2013-09-30,14.677222561285475,14.81284596042733,14.589881584966184,14.661846160888672,260156400
2013-10-01,14.714123260387083,15.04288121128667,14.711970039192527,15.006591796875,353883600
2013-10-02,14.934933494419514,15.124683000656834,14.877116805087166,15.055794715881348,289184000
2013-10-03,15.085015683116268,15.141603858193681,14.784553397973413,14.86666488647461,322753200
2013-10-04,14.880498739900156,14.903256198482993,14.71873453282148,14.854973793029785,258868400
2013-10-07,14.963542674952645,15.150831926397244,14.926330203278201,15.000139236450195,312292400
2013-10-08,15.067478737910259,15.089007658743688,14.778395326566665,14.79069709777832,290917200
2013-10-09,14.904484746548357,15.001358323006725,14.708891506690874,14.964454650878906,301725200
2013-10-10,15.1099293400743,15.142526588850812,14.978301955006168,15.05826187133789,278602800
2013-10-11,14.976755038605722,15.187417518501844,14.920475670930552,15.155741691589355,267738800
2013-10-14,15.064098634615279,15.30243931888044,15.049336507542439,15.255078315734863,261898000
2013-10-15,15.30028710216726,15.438372455190263,15.239088653907512,15.33626937866211,320073600
2013-10-16,15.401162646082883,15.454674548209752,15.353187364135556,15.411004066467285,251101200
2013-10-17,15.376254845931319,15.523872894537273,15.367029333803549,15.51526165008545,253593200
2013-10-18,15.561079349125496,15.66164346944109,15.552468108000951,15.650264739990234,290542000
2013-10-21,15.738831306770463,16.124175612792264,15.731143111455982,16.03376007080078,398106800
2013-10-22,16.18906970275374,16.251807098159045,15.62381559186054,15.987939834594727,534063600
2013-10-23,15.961186591351893,16.16631581253123,15.961186591351893,16.144479751586914,313723200
2013-10-24,16.14571049561602,16.375441632106224,16.067289552517654,16.358219146728516,384764800
2013-10-25,16.340070766163837,16.39881050100672,16.14909107631382,16.17523193359375,337792000
2013-10-28,16.26995979786436,16.330238513939644,16.09066588866182,16.295793533325195,550440800
2013-10-29,16.492305912990936,16.583951679004546,15.82402713551378,15.889839172363281,635807200
2013-10-30,15.97994618016642,16.22320759033404,15.900293429129029,16.14263343811035,354163600
2013-10-31,16.14571226911356,16.222288775546172,16.03100025515566,16.07497787475586,275696400
2013-11-01,16.115567137688107,16.139554771061963,15.864001657306508,15.992859840393066,274890000
2013-11-04,16.02576887945372,16.20168096151944,15.955343276849774,16.199527740478516,244627600
2013-11-05,16.132792679335452,16.26534141904996,16.08420149357465,16.159547805786133,265213200
2013-11-06,16.213679613505935,16.235643159471426,16.029626915532177,16.113765716552734,223375600
2013-11-07,16.07231123280569,16.183979193839104,15.849591512373081,15.85299301147461,262620400
2013-11-08,15.917651356952083,16.12026448726002,15.85609394406023,16.102632522583008,279316800
2013-11-11,16.085000592143672,16.13696805340342,15.912393024517948,16.055923461914062,227452400
2013-11-12,16.013236151981825,16.206569919329286,15.99251161266786,16.085620880126953,204276800
2013-11-13,16.023444095515917,16.15491152100366,15.99127273783876,16.104799270629883,197220800
2013-11-14,16.172230711124424,16.372369106445902,16.143153583181302,16.337724685668945,282419200
2013-11-15,16.288847882720393,16.366489306393156,16.2241979088064,16.23966407775879,317920400
2013-11-18,16.23967137802626,16.30772453442749,16.029634035091547,16.04293441772461,244944000
2013-11-19,16.05529494634244,16.189854862393172,16.02250575499324,16.071380615234375,208938800
2013-11-20,16.0614909956653,16.098302864457267,15.90991854304837,15.930643081665039,193916800
2013-11-21,16.011061601195838,16.1227312060731,15.889494774547765,16.12056541442871,262026800
2013-11-22,16.070459118229635,16.152123205062875,16.039835705173015,16.079120635986328,223725600
2013-11-25,16.116863293826086,16.26688947529513,16.116245439840252,16.20100212097168,229311600
2013-11-26,16.21275411528168,16.58457330935378,16.209043687815175,16.499814987182617,401382800
2013-11-27,16.589832045041348,16.88957544884424,16.499815354603044,16.888338088989258,363448400
2013-11-29,16.99722222237499,17.270981038914158,16.945563693160572,17.201072692871094,318127600
2013-12-02,17.260776985365776,17.456583834239957,17.038676649774064,17.051359176635742,472544800
2013-12-03,17.27005214339394,17.51999384368447,17.250873894286748,17.518136978149414,450968000
2013-12-04,17.492776354628212,17.60692074940273,17.348008538920837,17.477310180664062,377809600
2013-12-05,17.71394251956345,17.79096608226461,17.52091939650308,17.56700897216797,447580000
2013-12-06,17.50174094182415,17.531437571827922,17.309337308645492,17.32325553894043,344352400
2013-12-09,17.35047843303349,17.618978869805076,17.35047843303349,17.52153968811035,320493600
2013-12-10,17.43338201039614,17.566395711407367,17.35975992800798,17.494319915771484,278269600
2013-12-11,17.539172360976004,17.661978246554476,17.313051070172783,17.364707946777344,359718800
2013-12-12,17.388836503229005,17.48782197103677,17.323567020809413,17.33934211730957,262290000
2013-12-13,17.410795601247056,17.411724033837796,17.126829041718256,17.15033721923828,332822000
2013-12-16,17.16858921611879,17.404300416446972,17.16828028925073,17.245302200317383,282592800
2013-12-17,17.193032442162945,17.305319967836624,17.11786406338292,17.167667388916016,229902400
2013-12-18,17.004024597428792,17.058157838829008,16.66685155350481,17.03712272644043,565863200
2013-12-19,16.99784205740585,17.01330822967558,16.81935661431742,16.841938018798828,320308800
2013-12-20,16.871938236127356,17.063106144222814,16.853068917211832,16.982988357543945,436413600
2013-12-23,17.5701044576369,17.65424326430878,17.40801529474166,17.634756088256836,501306400
2013-12-24,17.62857702055577,17.690134452946484,17.509174236461963,17.559906005859375,167554800
2013-12-26,17.57320257287348,17.61651017149039,17.427197401568407,17.443283081054688,204008000
2013-12-27,17.440807849595522,17.459057669465405,17.307176281814687,17.32542610168457,225884400
2013-12-30,17.244067047496053,17.32542054539358,17.08506882625233,17.153121948242188,253629600
2013-12-31,17.14230211906676,17.362236654767432,17.13704210027571,17.35419464111328,223084400
2014-01-02,17.18901268179847,17.230772344588154,17.075796714937855,17.110132217407227,234684800
2014-01-03,17.10177479854735,17.127757697811,16.717273154669126,16.73428726196289,392467600
2014-01-06,16.625097004426777,16.914322041364944,16.50600317602923,16.825544357299805,412610800
2014-01-07,16.837600055444685,16.888330133586383,16.639627527951312,16.7052059173584,317209200
2014-01-08,16.6671636285704,16.87596354941266,16.663453201228172,16.811004638671875,258529600
2014-01-09,16.914320032581443,16.916176898266297,16.56013446730561,16.59632682800293,279148800
2014-01-10,16.698719891506553,16.728725461244977,16.428981994917297,16.4855899810791,304976000
2014-01-13,16.391858162318798,16.781307647601537,16.39092972949508,16.571889877319336,378492800
2014-01-14,16.648914559747794,16.91215667100066,16.63159152196462,16.901639938354492,332561600
2014-01-15,17.12219309883261,17.328827225935846,17.064656695100986,17.240976333618164,391638800
2014-01-16,17.16488207507778,17.225202128436123,17.065275433684636,17.144775390625,229278000
2014-01-17,17.0590923522114,17.077342173100956,16.70088406821548,16.724702835083008,426739600
2014-01-21,16.734599214080415,17.01547328252543,16.716967249814573,16.984540939331055,328526800
2014-01-22,17.041458141972107,17.238811252872043,16.945565233136684,17.06001853942871,379985200
2014-01-23,17.011450343350262,17.214372372825956,16.85276268298744,17.2044734954834,403239200
2014-01-24,17.137036492611944,17.187148728100794,16.850904119329808,16.89173698425293,429354800
2014-01-27,17.015473882077426,17.161787967541397,16.88184232209255,17.02877426147461,554878800
2014-01-28,15.737623442345253,15.930646667660971,15.530678676476684,15.667715072631836,1065523200
2014-01-29,15.588831461194932,15.694623253559016,15.423956973210919,15.48984432220459,502810000
2014-01-30,15.545214089076897,15.667711059240387,15.364564511405312,15.459837913513184,678501600
2014-01-31,15.31754466562649,15.513970991793325,15.267123492541842,15.48520278930664,464797200
2014-02-03,15.547382911408297,15.705761695198294,15.444994257379546,15.5139741897583,401464000
2014-02-04,15.647607642494668,15.759277336336327,15.552023631369979,15.738551139831543,376681200
2014-02-05,15.669574442674941,15.939312416004647,15.659984486066097,15.856101989746094,328344800
2014-02-06,15.872276025478419,15.979324276685183,15.802258329181209,15.948515892028809,257765200
2014-02-07,16.22453258863072,16.272766029450928,16.10005930018529,16.171630859375,370280400
2014-02-10,16.139895590969562,16.55470531603794,16.119357773981534,16.461349487304688,345559200
2014-02-11,16.511759047207796,16.733944022545927,16.47721636574801,16.67824363708496,282256800
2014-02-12,16.709051288990675,16.790270219936993,16.59360211269024,16.676998138427734,308100800
2014-02-13,16.63778193905273,16.954879818863994,16.62346796220311,16.941810607910156,307398000
2014-02-14,16.880825914576853,16.990052932674153,16.841618261193744,16.928125381469727,272924400
2014-02-18,16.9906748508744,17.15217874362702,16.9785379613007,16.99036407470703,260251600
2014-02-19,16.95177580174137,17.01836998050353,16.628144811717426,16.722122192382812,313768000
2014-02-20,16.585816307625034,16.71060202708424,16.461653802144433,16.5285587310791,305858000
2014-02-21,16.579599573223,16.6349908553478,16.32473984688135,16.344966888427734,278784800
2014-02-24,16.279618901745184,16.490290242210826,16.256902327353,16.41653823852539,288909600
2014-02-25,16.473480415807252,16.47939180831356,16.212707736316148,16.24569320678711,231952000
2014-02-26,16.293930507859294,16.33718489335932,16.044671440166667,16.09912872314453,276217200
2014-02-27,16.092591380009857,16.454810027375654,16.058671917220757,16.420269012451172,301882000
2014-02-28,16.464147564878598,16.57835363318347,16.24756320166998,16.37577247619629,371968800
2014-03-03,16.288014365763864,16.513001277242424,16.269032097443755,16.42306900024414,238781200
2014-03-04,16.523903223523856,16.574937004143457,16.423389543516887,16.531370162963867,259140000
2014-03-05,16.521405590937203,16.640587392073726,16.465701884401604,16.56621551513672,200062800
2014-03-06,16.57960044059848,16.630946649481157,16.433655290039866,16.5161190032959,185488800
2014-03-07,16.526692945406367,16.55438857550767,16.36985574145076,16.506465911865234,220729600
2014-03-10,16.441738994534596,16.59639743536766,16.441115780564054,16.52140235900879,178584000
2014-03-11,16.662376426568205,16.76475474332135,16.573376442848556,16.68229103088379,279224400
2014-03-12,16.6331252210865,16.721500328521167,16.555017361028174,16.69847297668457,199326400
2014-03-13,16.72430268902587,16.793384746143065,16.46664097483586,16.51300811767578,257742800
2014-03-14,16.45512384572157,16.520473251032055,16.274948478834425,16.327539443969727,237199200
2014-03-17,16.421208932676628,16.49184653027719,16.363638891775036,16.391334533691406,199544800
2014-03-18,16.365187621316085,16.554076307689048,16.343405045410382,16.536338806152344,209647200
2014-03-19,16.56310348446291,16.686953567554852,16.461655869334944,16.531984329223633,224756000
2014-03-20,16.489350645259528,16.575861061377687,16.410310487914803,16.452320098876953,208398400
2014-03-21,16.55283538377802,16.60947142380225,16.37857307417913,16.58208656311035,374046400
2014-03-24,16.754791947364662,16.819518126242517,16.65023325108253,16.77875328063965,355700800
2014-03-25,16.850639742248386,16.982892427729432,16.791201733524606,16.95924186706543,282293200
2014-03-26,17.006852376803458,17.084026222347692,16.768485456752433,16.7971134185791,299768000
2014-03-27,16.804587491523762,16.850643857749567,16.65210773107857,16.724924087524414,222031600
2014-03-28,16.751688117501605,16.77098117243647,16.625036000736053,16.706254959106445,200564000
2014-03-31,16.78000310311605,16.829170550650506,16.677310694190957,16.702518463134766,168669200
2014-04-01,16.734257066951283,16.862155579474763,16.7034503422453,16.855308532714844,200760000
2014-04-02,16.878030011005634,16.912260269039287,16.81205902868278,16.883319854736328,180420800
2014-04-03,16.847214064004717,16.881755079390505,16.730520141884636,16.766305923461914,162344000
2014-04-04,16.79805122555999,16.80396262015856,16.510827580442804,16.549413681030273,275251200
2014-04-07,16.43116294342298,16.520784465054323,16.240407887989388,16.289573669433594,289850400
2014-04-08,16.34310208741644,16.372042497752773,16.141142429365317,16.288644790649414,243888400
2014-04-09,16.263746862413473,16.508026887449972,16.244453812568256,16.502737045288086,206169600
2014-04-10,16.513941658045333,16.562487561589617,16.28024293145944,16.28989028930664,239652000
2014-04-11,16.150474454056454,16.269659597946106,16.092595305662165,16.169458389282227,271717600
2014-04-14,16.240714935497465,16.24880508453484,16.094769843434126,16.233869552612305,205674000
2014-04-15,16.189998499327412,16.232629679876776,15.911798968624062,16.118114471435547,266490000
2014-04-16,16.120909149536576,16.215509720358057,15.9992361598566,16.15078353881836,214765600
2014-04-17,16.181595000554328,16.423074732334726,16.15669966885388,16.33531951904297,284334400
2014-04-21,16.347764457611834,16.55936975604979,16.304820848545127,16.529186248779297,182548800
2014-04-22,16.440192073250383,16.549729891127946,16.383868452220682,16.545684814453125,202563200
2014-04-23,16.463533187144776,16.527948628596164,16.320075877507904,16.32941246032715,394940000
2014-04-24,17.681815677212686,17.73751773358524,17.44904931937817,17.668123245239258,759911600
2014-04-25,17.567291012362983,17.79943405283719,17.549555174385098,17.797880172729492,390275200
2014-04-28,17.824646328169063,18.53881479238126,17.816865292331496,18.487157821655273,669485600
2014-04-29,18.476269726714317,18.545974993105627,18.344638569559997,18.432392120361328,337377600
2014-04-30,18.442036861461588,18.653331387656333,18.35366010895267,18.36268424987793,456640800
2014-05-01,18.422121311445213,18.509253300923355,18.24661422794508,18.405941009521484,244048000
2014-05-02,18.432695724714236,18.49057651184019,18.35085360794598,18.440162658691406,191514400
2014-05-05,18.36424092474811,18.70218751408408,18.359883411520904,18.70094108581543,287067200
2014-05-06,18.72707850230544,18.808297418584335,18.497114181518555,18.497114181518555,374564400
2014-05-07,18.523258418556768,18.58673985206451,18.289247287848568,18.432392120361328,282864400
2014-05-08,18.407671470932986,18.600432859628366,18.34978155464425,18.3995361328125,230297200
2014-05-09,18.291575374903985,18.34508510408532,18.15983405065607,18.32286834716797,291597600
2014-05-12,18.383885072532273,18.57695724520641,18.381067452146844,18.55098533630371,213208800
2014-05-13,18.525017509276474,18.60449916238883,18.484339146820464,18.58009147644043,159737200
2014-05-14,18.538468317525954,18.693990602853805,18.516876588160958,18.583528518676758,166404000
2014-05-15,18.609504006310832,18.668958142736326,18.401097003357215,18.425504684448242,230846000
2014-05-16,18.419560693824412,18.69806231025676,18.318487313475128,18.697437286376953,276256400
2014-05-19,18.708073029151738,19.00472368662564,18.691800685485653,18.918983459472656,317755200
2014-05-20,18.916482341794055,18.975623970696134,18.798197412803116,18.922740936279297,234836000
2014-05-21,18.895205833665894,18.985013752847603,18.83981935350214,18.972810745239258,196859600
2014-05-22,18.981876917565067,19.083576958708317,18.90364701655518,19.00284194946289,200760000
2014-05-23,19.00221962018453,19.23628600392039,18.977811941086557,19.217510223388672,232209600
2014-05-27,19.27227518947203,19.584571542451254,19.264452363949097,19.577375411987305,348866000
2014-05-28,19.589569120736066,19.70879320335866,19.519474565046636,19.52667236328125,315481600
2014-05-29,19.646836691792018,19.92909336658915,19.644333254772516,19.88246726989746,376474000
2014-05-30,19.963835404320413,20.157534326556487,19.679701872034013,19.808000564575195,564020800
2014-06-02,19.83803774085688,19.865261370504047,19.479427836362845,19.671875,369350800
2014-06-03,19.66593209307295,19.987617181665325,19.659360986317004,19.95006561279297,292709200
2014-06-04,19.946933539157968,20.273937956332677,19.90531430899055,20.17786979675293,335482000
2014-06-05,20.22105055365511,20.320247161216756,20.10871173671859,20.257036209106445,303805600
2014-06-06,20.336830435156386,20.379388863176548,20.166914248455623,20.20133399963379,349938400
2014-06-09,20.305545638938884,20.56401975802744,20.09745279077887,20.52459144592285,301660000
2014-06-10,20.750208020102807,20.820302604697645,20.496114106454815,20.645065307617188,251108000
2014-06-11,20.618778695052523,20.75677860618119,20.474209349092344,20.55963706970215,182724000
2014-06-12,20.599060695465116,20.616584754988725,20.13030296591954,20.215730667114258,218996000
2014-06-13,20.196019003294236,20.24859119050979,19.906878658354987,19.994497299194336,218100000
2014-06-16,20.044879675456603,20.31649597309455,20.031735792328533,20.196020126342773,142244000
2014-06-17,20.220108809861426,20.305536502451986,20.108396701819082,20.169729232788086,118904000
2014-06-18,20.211350354258634,20.215732205066043,20.00982866796488,20.19163703918457,134056000
2014-06-19,20.21573937786515,20.217930304046224,20.007644841525714,20.121549606323242,142112000
2014-06-20,20.119355966991034,20.272689026435387,19.911263129900515,19.913454055786133,403592000
2014-06-23,20.00326130479719,20.068975709709612,19.84554806995676,19.89592933654785,174776000
2014-06-24,19.87840343846709,20.09525828077267,19.75573834321328,19.77545166015625,156144000
2014-06-25,19.76011917887948,19.86745114078778,19.63745407955571,19.79297637939453,147476000
2014-06-26,19.795168511672554,19.944119714724856,19.670312479054207,19.91126251220703,130516000
2014-06-27,19.893735180647088,20.152209235515286,19.882782224544503,20.147829055786133,256116000
2014-06-30,20.174116206015743,20.531161900554732,20.171925280261508,20.355924606323242,197929200
2014-07-01,20.48516082763672,20.605636676389704,20.399733106225217,20.48516082763672,152892000
2014-07-02,20.561830011701574,20.60344757762662,20.390972882541273,20.476402282714844,113860000
2014-07-03,20.518015723242808,20.61220546590388,20.415063949731117,20.596872329711914,91567200
2014-07-07,20.620975315427295,21.026209786595395,20.612213281254448,21.02182960510254,225872000
2014-07-08,21.08754243356893,21.203638133403448,20.572785040093734,20.88602066040039,260888000
2014-07-09,20.905739797440877,21.0174519955266,20.756788528805767,20.894786834716797,145744000
2014-07-10,20.53772932146877,20.929821401787486,20.48515713992053,20.81810760498047,158744000
2014-07-11,20.888210227443093,21.004304248535615,20.778687313780402,20.8575439453125,136072000
2014-07-14,20.997728362550514,21.223345245960996,20.95172894982294,21.126964569091797,171240000
2014-07-15,21.20362874493467,21.214580029452403,20.815916841143274,20.879440307617188,181911600
2014-07-16,21.240870716075243,21.26934606740592,20.752397864628815,20.761159896850586,213585200
2014-07-17,20.815923459192053,20.870684912750356,20.277070956720788,20.390974044799805,229192000
2014-07-18,20.50706935440509,20.75239959229165,20.375640531323686,20.68449592590332,199952000
2014-07-21,20.807164648842637,20.809355575256657,20.528977157001044,20.577167510986328,156316000
2014-07-22,20.73924669958779,20.785246095505915,20.616581643806125,20.748008728027344,220788000
2014-07-23,20.901350486056945,21.44020297030145,20.846589034350956,21.2890625,371672000
2014-07-24,21.256192542117763,21.317525063842215,21.120383621737997,21.25400161743164,182916000
2014-07-25,21.214585694354543,21.43144057147443,21.168586276249528,21.394203186035156,173876000
2014-07-28,21.427058523699277,21.73810313588963,21.367916897342347,21.689912796020508,221272000
2014-07-29,21.757822937082373,21.781918112345444,21.521253036965184,21.549728393554688,172572000
2014-07-30,21.562869262478966,21.6198199676885,21.394203059240013,21.499345779418945,132040000
2014-07-31,21.282483572386646,21.346005362378413,20.881629492118144,20.940771102905273,227372000
2014-08-01,20.78744979138213,21.16420888981831,20.767734797484525,21.056875228881836,194044000
2014-08-04,21.109438547526473,21.1554379523451,20.846582657037548,20.938581466674805,159832000
2014-08-05,20.888200924081545,20.958295490758882,20.669155194316584,20.835630416870117,223732000
2014-08-06,20.754587287995264,20.914491439889805,20.7458252564078,20.800586700439453,154232000
2014-08-07,20.89744775802445,21.121985064390376,20.71473502392806,20.79838752746582,186844000
2014-08-08,20.74995731674768,20.87323256791423,20.534223947706884,20.855621337890625,167460000
2014-08-11,20.97229489076559,21.150605673426636,20.87763661931574,21.13079261779785,146340000
2014-08-12,21.141803682426342,21.32671660933542,21.047145394746753,21.126394271850586,135180000
2014-08-13,21.1660190254455,21.40596580505371,21.14180399710892,21.40596580505371,127664000
2014-08-14,21.425771291775163,21.478603298791523,21.309099839843558,21.463193893432617,112464000
2014-08-15,21.551255495065643,21.615094961122043,21.322314482846075,21.568866729736328,195804000
2014-08-18,21.681128957843377,21.874849130060053,21.56886114476254,21.82862091064453,190288000
2014-08-19,21.88365276582043,22.163223880666045,21.86383971386331,22.130203247070312,277596000
2014-08-20,22.110390583313936,22.253477188040215,22.002523074567637,22.139007568359375,210796000
2014-08-21,22.13900873260358,22.220459404399577,22.037746688464843,22.141210556030273,133912000
2014-08-22,22.07737613634221,22.337135936327723,22.055362935563686,22.304115295410156,176736000
2014-08-25,22.40758244895191,22.491233295889266,22.295312925286126,22.352548599243164,161080000
2014-08-26,22.326123123011765,22.343734351195952,22.202847884720757,22.20945167541504,132608000
2014-08-27,22.238077170863246,22.579287709622747,22.167633910670936,22.4824275970459,209476000
2014-08-28,22.363548522110356,22.625510115762786,22.3569447305896,22.508838653564453,273840000
2014-08-29,22.643120237032985,22.651925851795795,22.49783011269557,22.563871383666992,178380000
2014-09-02,22.687147008177423,22.83683910263296,22.612301800699314,22.739980697631836,214256000
2014-09-03,22.69595755214121,22.717970754445,21.700946364312667,21.780195236206055,501684000
2014-09-04,21.76038164603197,22.033349042819065,21.527038684222003,21.59968376159668,342872000
2014-09-05,21.749364441819626,21.87924343955002,21.641496954773743,21.786787033081055,233828000
2014-09-08,21.859433571445706,21.861633714965798,21.58426447653576,21.65250587463379,185426800
2014-09-09,21.81100663140338,22.69154785983792,21.163808291064278,21.57105827331543,759385200
2014-09-10,21.57546138464494,22.257880483849647,21.520427559233283,22.233665466308594,403478400
2014-09-11,22.10379365173893,22.330532817646482,21.929886505193423,22.328330993652344,249412400
2014-09-12,22.279897744242295,22.49563111820736,22.251280754425235,22.37895965576172,250504400
2014-09-15,22.63211814071172,22.68495184175926,22.330533741522192,22.372358322143555,245266000
2014-09-16,21.96950553347738,22.2909028980502,21.769181586795455,22.202848434448242,267632400
2014-09-17,22.293107907261593,22.409781062709026,22.14341579031915,22.361351013183594,243706000
2014-09-18,22.43839441936688,22.530850855568108,22.35694374204715,22.407575607299805,149197600
2014-09-19,22.517645381264096,22.53085296495814,22.123602899230406,22.224864959716797,283609600
2014-09-22,22.409773272654665,22.48461846535852,22.141207949189806,22.246871948242188,211153600
2014-09-23,22.145610305559533,22.66072776837233,22.132402725320414,22.59468650817871,253608800
2014-09-24,22.489016093141505,22.64090826106701,22.277684792595647,22.398759841918945,240687200
2014-09-25,22.125802445148047,22.16982883926195,21.511624674113175,21.544645309448242,400368000
2014-09-26,21.689932073695847,22.178632736206055,21.661315087688177,22.178632736206055,249482000
2014-09-29,21.716349072389495,22.110391486177914,21.711945425587857,22.03774642944336,199065200
2014-09-30,22.191840317517418,22.352539834635312,22.130202698732194,22.178632736206055,221056400
2014-10-01,22.143413027106423,22.165427904688674,21.72735736919206,21.833023071289062,205965200
2014-10-02,21.852833594410182,22.061963166799195,21.58206807748978,21.991519927978516,191031200
2014-10-03,21.890263334921762,22.059766843267525,21.802208844566948,21.929887771606445,173878400
2014-10-06,22.00253117261194,22.156626950607794,21.885859686679183,21.929887771606445,148204800
2014-10-07,21.88805535363573,22.03994926478216,21.733961298486626,21.73836326599121,168376800
2014-10-08,21.740563808688943,22.25788145421184,21.641501910929787,22.189640045166016,229618800
2014-10-09,22.352540842492147,22.53745370718538,22.147814925439363,22.238069534301758,309506000
2014-10-10,22.165417335232867,22.4603977437825,22.07956472799836,22.174222946166992,265326400
2014-10-13,22.306313027025954,22.405373252105516,21.97170639038086,21.97170639038086,214333600
2014-10-14,22.099385063339888,22.128002050867796,21.69873884045298,21.73836326599121,254754400
2014-10-15,21.566666043439465,21.82642589028843,20.952488057766914,21.472007751464844,403734400
2014-10-16,21.03393162451261,21.511624891421132,21.003112812421694,21.190227508544922,288618000
2014-10-17,21.463197280742197,21.793400315830535,21.311303347161722,21.500619888305664,272718800
2014-10-20,21.64369993671275,22.00472164944788,21.621686745350626,21.960695266723633,310069200
2014-10-21,22.67834156976872,22.67834156976872,22.293104731870155,22.557268142700195,378495600
2014-10-22,22.63872084390514,22.918293706785697,22.5858888249,22.671741485595703,273052400
2014-10-23,22.91169212576561,23.12522372587494,22.81263019113254,23.076793670654297,284298800
2014-10-24,23.153830189960857,23.222071593366035,23.010741913579906,23.162635803222656,188215600
2014-10-27,23.08118826547558,23.219874593753907,23.048167631147443,23.138423919677734,136750800
2014-10-28,23.202269005098053,23.497249603271484,23.19126156447979,23.497249603271484,192243600
2014-10-29,23.477429838628733,23.635927521712993,23.413590400747626,23.629322052001953,210751600
2014-10-30,23.545675698395915,23.631528346393623,23.312332776094383,23.550079345703125,162619200
2014-10-31,23.776814250020024,23.78341804030761,23.600705338022195,23.774612426757812,178557200
2014-11-03,23.823051535181992,24.280933537173773,23.776823306062585,24.08281135559082,209130400
2014-11-04,24.074001560059166,24.102618550404095,23.712979727171984,23.90669822692871,166297600
2014-11-05,24.01676404602738,24.060792119504995,23.803232508283944,23.963932037353516,149743600
2014-11-06,24.01035823998543,24.052365852773036,23.83348736566522,24.032466888427734,139874000
2014-11-07,24.043529330825617,24.169550520536582,23.99931202056229,24.10101318359375,134766000
2014-11-10,24.103218470724347,24.171757481944493,24.025837348490587,24.06121253967285,108782000
2014-11-11,24.032473012916476,24.26461809767545,23.966147050686903,24.253562927246094,109769200
2014-11-12,24.182808077375512,24.6360429612989,24.18059839327686,24.59624671936035,187769600
2014-11-13,24.717852227198616,25.082649223583307,24.67363323381899,24.943363189697266,238091600
2014-11-14,25.016313476058325,25.24624709132451,24.587398685390493,25.244035720825195,176254400
2014-11-17,25.26394080279144,25.92942183910874,25.049485027961467,25.202035903930664,186986800
2014-11-18,25.190981938438362,25.577889235679624,25.179926769518687,25.52924919128418,176896000
2014-11-19,25.522617095456827,25.588943049488698,25.16002981571361,25.35237693786621,167476800
2014-11-20,25.40543377108037,25.836558274983865,25.392167233957633,25.71495819091797,173582000
2014-11-21,25.98027126945699,25.99353612197536,25.653057517488325,25.750337600708008,228717200
2014-11-24,25.83435032577972,26.258842460731472,25.78350060154979,26.227890014648438,189803200
2014-11-25,26.325170218865228,26.475511394883647,25.96700402949675,26.000167846679688,275361600
2014-11-26,26.075341460226543,26.331804848554643,26.051021438042593,26.309696197509766,163073200
2014-11-28,26.36938972160525,26.398132486064725,26.099661480031198,26.294219970703125,99257600
2014-12-01,26.267680886927376,26.364960947173387,24.600663447266747,25.440805435180664,335256000
2014-12-02,25.09369971433198,25.591151911312128,24.927882315338596,25.343530654907227,237395600
2014-12-03,25.59114896703737,25.723802533613856,25.44965160445157,25.630945205688477,172253600
2014-12-04,25.59557914746739,25.911737798701328,25.489456931082163,25.533674240112305,168178000
2014-12-05,25.644219199696725,25.664118169508015,25.34574814678509,25.42534065246582,153275600
2014-12-08,25.22635218661906,25.347952281911827,24.678050289328496,24.850500106811523,230659600
2014-12-09,24.361898126984364,25.270577807107532,24.176181722375464,25.23078155517578,240832000
2014-12-10,25.29489542229406,25.39217382802734,24.660366823283695,24.751012802124023,178261200
2014-12-11,24.81954837156,25.160026961332285,24.616144416638445,24.678050994873047,165606800
2014-12-12,24.421589456249155,24.73332701602869,24.227030957030216,24.260194778442383,224112400
2014-12-15,24.47464893391686,24.673630162400315,23.512908297492405,23.928558349609375,268872400
2014-12-16,23.517331513772234,24.355262374602457,23.493011491646087,23.60134506225586,243162800
2014-12-17,23.68314944883713,24.284512528291458,23.616821807615015,24.18944549560547,213647200
2014-12-18,24.733329023684743,24.905778884887695,24.465810433000396,24.905778884887695,236024800
2014-12-19,24.819552390404407,25.036219545572564,24.686898789128506,24.713428497314453,353719200
2014-12-22,24.79744644734963,25.09149476149118,24.755438822422732,24.96989631652832,180670000
2014-12-23,25.0340108577416,25.056119511037437,24.86377068512118,24.881458282470703,104113600
2014-12-24,24.89029766138569,24.919038736888528,24.7642765045166,24.7642765045166,57918400
2014-12-26,24.784176149838448,25.319213274885985,24.764278869539766,25.202035903930664,134884000
2014-12-29,25.15781766719645,25.374484805167228,25.137918700854364,25.184349060058594,110395600
2014-12-30,25.12464873423295,25.186553618196623,24.786381556301755,24.87702751159668,119526000
2014-12-31,24.943358039507107,25.011895356616602,24.366313367610005,24.403898239135742,165613600
2015-01-02,24.627201352876586,24.638256521479203,23.733998044162465,24.171756744384766,212818400
2015-01-05,23.9418186045134,24.021411080620908,23.30508048243492,23.490795135498047,257142000
2015-01-06,23.55491637205578,23.751686233274114,23.132633885246175,23.493011474609375,263188400
2015-01-07,23.700831470960534,23.921921323065693,23.590286544907954,23.822431564331055,160423600
2015-01-08,24.14965083516332,24.79523294678256,24.03247176973318,24.737749099731445,237458000
2015-01-09,24.91019493978416,25.038427467624796,24.366314068729043,24.7642765045166,214798000
2015-01-12,24.894718710975656,24.901351137106996,24.05457822763035,24.154067993164062,198603200
2015-01-13,24.63604307861509,24.93893679296652,24.078897375604033,24.3685245513916,268367600
2015-01-14,24.10764031957575,24.428219965569937,23.988251583933135,24.27566909790039,195826400
2015-01-15,24.319893078484984,24.33315793493926,23.58145349830288,23.6168270111084,240056000
2015-01-16,23.66324702245002,23.784847117986633,23.258652181062807,23.433313369750977,314053200
2015-01-20,23.84232798019317,24.092160583588473,23.54606839872821,24.036888122558594,199599600
2015-01-21,24.08774456365367,24.554244399862444,23.937403360229293,24.220399856567383,194303600
2015-01-22,24.377367950769774,24.865976329232264,24.257979226331894,24.850500106811523,215185600
2015-01-23,24.828393786716223,25.14897343268383,24.658153637343272,24.978734970092773,185859200
2015-01-26,25.146761665909416,25.283837994319246,24.938938332440024,25.005264282226562,222460000
2015-01-27,24.85492186783158,24.868188406556055,24.10542737099762,24.12974739074707,382274800
2015-01-28,26.00680010606825,26.115135353956926,25.493871688842773,25.493871688842773,585908400
2015-01-29,25.71717393553082,26.3517024776813,25.549145159911046,26.287586212158203,337745600
2015-01-30,26.177045993120977,26.530789515977578,25.834355953826734,25.902894973754883,334982000
2015-02-02,26.099659175210917,26.347278743875204,25.66411187232302,26.227890014648438,250956400
2015-02-03,26.199149338596126,26.32959155096424,26.002379491164405,26.23231315612793,207662800
2015-02-04,26.1991550553865,26.643546259004726,26.157147431561143,26.433509826660156,280598800
2015-02-05,26.639929015987743,26.686542614611152,26.469018696977805,26.622173309326172,168984800
2015-02-06,26.639935184459446,26.690987298209635,26.291454170632036,26.39799690246582,174826400
2015-02-09,26.313655186474097,26.599985322706534,26.287019076700144,26.57335090637207,155559200
2015-02-10,26.67322452285019,27.112710874686844,26.67100611784984,27.08385467529297,248034000
2015-02-11,27.25032524044763,27.727544776569264,27.19039613285973,27.718666076660156,294247200
2015-02-12,27.980588756736296,28.295776754872342,27.87182761931487,28.069374084472656,297898000
2015-02-13,28.251377281411806,28.251377281411806,27.88957913704015,28.206985473632812,217088800
2015-02-17,28.297986948228658,28.60651625360095,28.171468443287857,28.373455047607422,252609600
2015-02-18,28.3290668243225,28.584323979973842,28.289113515668905,28.571006774902344,179566800
2015-02-19,28.517734576048433,28.639814600703073,28.484441563359987,28.511075973510742,149449600
2015-02-20,28.548806879272085,28.7441349029541,28.422290054389272,28.7441349029541,195793600
2015-02-23,28.859556618124714,29.52100372314453,28.7796500064065,29.52100372314453,283896400
2015-02-24,29.50769644278514,29.65419251134986,29.114821854135798,29.33678436279297,276912400
2015-02-25,29.2013849026664,29.21026529899766,28.444491992172022,28.5865478515625,298846800
2015-02-26,28.586537737217196,29.04821996360588,28.102661301610702,28.94833755493164,365150000
2015-02-27,28.85511485961998,28.98163506585965,28.464462216181126,28.513294219970703,248059200
2015-03-02,28.688642469948732,28.917263489087855,28.477778850639933,28.653127670288086,192386800
2015-03-03,28.62428056375755,28.748579000464154,28.431170918915576,28.713064193725586,151265200
2015-03-04,28.6553572831783,28.75745812647264,28.482226821176052,28.531055450439453,126665200
2015-03-05,28.539931411738248,28.577664620734428,27.913997388365356,28.058273315429688,226068400
2015-03-06,28.499976172884985,28.715280012385133,28.024978376338545,28.100444793701172,291368400
2015-03-09,28.402317461518063,28.75967886717688,27.75862595975019,28.220308303833008,354114000
2015-03-10,28.058272239386927,28.238061269952983,27.478950148186314,27.63654327392578,275426400
2015-03-11,27.689820567235255,27.694259071912256,27.10383973038575,27.132694244384766,275756000
2015-03-12,27.14822103561566,27.723104541383815,26.997286533467914,27.623220443725586,193450800
2015-03-13,27.612131372663132,27.834093840781904,27.208159748424535,27.432340621948242,207309200
2015-03-16,27.496707402099535,27.734207153320312,27.27252654927481,27.734207153320312,143497200
2015-03-17,27.945067845676817,28.260254062443913,27.889577243002098,28.198104858398438,204092400
2015-03-18,28.189229322482216,28.66866899625074,28.049393597685892,28.515514373779297,261083600
2015-03-19,28.577665927363377,28.68864715426576,28.27801695341477,28.300212860107422,183238000
2015-03-20,28.46668163836852,28.499974648106683,27.780818542739226,27.945070266723633,274780400
2015-03-23,28.21586594437631,28.377897577031884,28.08268712580474,28.235841751098633,150838800
2015-03-24,28.24028036988471,28.420067700654457,28.091564256583325,28.120420455932617,131369200
2015-03-25,28.08712518287617,28.149274390306743,27.385723114013672,27.385723114013672,206620800
2015-03-26,27.248110901421946,27.718670212747906,27.21259609648612,27.576614379882812,190291600
2015-03-27,27.649857147911664,27.678711651367017,27.281400430539026,27.35686683654785,158184800
2015-03-30,27.534439933794285,28.05605130210032,27.52334113499331,28.049392700195312,188398800
2015-03-31,27.987248418093518,28.076033749186635,27.60325427426685,27.618791580200195,168362400
2015-04-01,27.70535689520709,27.771946317085977,27.323581155772057,27.578838348388672,162485600
2015-04-02,27.751966360889373,27.869606194832926,27.565518705606575,27.816335678100586,128880400
2015-04-06,27.62766506018275,28.302431078124016,27.596590454190107,28.266916275024414,148776000
2015-04-07,28.331294047397687,28.43783510163955,27.962837169105256,27.96949577331543,140049200
2015-04-08,27.933973429983475,28.056053452395012,27.738647087564086,27.878482818603516,149316800
2015-04-09,27.933969162089646,28.096002467676044,27.66983504381536,28.091562271118164,129936000
2015-04-10,27.95617052668988,28.235843694120984,27.80301758429594,28.211427688598633,160752000
2015-04-13,28.49331552230274,28.5377107169746,28.102662872086338,28.155933380126953,145460400
2015-04-14,28.18922078935659,28.253590079411044,27.947282620629117,28.03384780883789,102098400
2015-04-15,28.058276809630833,28.218088366476408,27.96949148242378,28.14040184020996,115881600
2015-04-16,28.02942089037939,28.211430050962143,27.99168767629939,28.0050048828125,113476000
2015-04-17,27.867384238290143,27.99834126136886,27.625444304883104,27.6898136138916,207828000
2015-04-20,27.87182704432072,28.43783032176477,27.783041718415994,28.322410583496094,188217200
2015-04-21,28.43339592633315,28.455590142895648,28.115987808892633,28.169260025024414,129740400
2015-04-22,28.187008986802727,28.604297752600676,28.038294562620575,28.54880714416504,150618000
2015-04-23,28.47777864751764,28.948337885592863,28.44226384811031,28.7818660736084,183083600
2015-04-24,28.963880449028178,28.994955055618846,28.68420560283406,28.917266845703125,178103600
2015-04-27,29.367849091296165,29.54985991281968,29.110371855087372,29.443315505981445,387816800
2015-04-28,29.845069485394777,29.862823499138404,28.759673350630607,28.979413986206055,475696000
2015-04-29,28.890639020246866,29.20804376083708,28.477788646098105,28.553255081176758,253544400
2015-04-30,28.553243280125844,28.553243280125844,27.65207646920177,27.778594970703125,332781600
2015-05-01,27.989460593249742,28.883970560985873,27.811891674772614,28.622053146362305,234050400
2015-05-04,28.744133265192428,28.98163467926251,28.468898646311512,28.56656265258789,203953200
2015-05-05,28.444484130538356,28.511073537103066,27.91843425374517,27.922874450683594,197085600
2015-05-06,28.09156501703216,28.133738421260357,27.381285907835494,27.74752426147461,288564000
2015-05-07,27.80992847994433,28.101914947576688,27.642761316995486,27.919145584106445,175763600
2015-05-08,28.235648908196517,28.445165634155273,28.108601929809527,28.445165634155273,222201600
2015-05-11,28.393902541464577,28.4317933607156,28.00161641721362,28.155410766601562,168143200
2015-05-12,27.994933601416427,28.280232019184268,27.821079984371192,28.05511474609375,192640000
2015-05-13,28.117523377682865,28.34932876572444,28.055114561770264,28.086318969726562,138776800
2015-05-14,28.398361129602005,28.741609573364258,28.342638736710246,28.741609573364258,180814000
2015-05-15,28.76835986410309,28.861973080038933,28.57667468832252,28.701492309570312,152832000
2015-05-18,28.614556822463086,29.136117467643366,28.61009807990775,29.017986297607422,203531600
2015-05-19,29.129449116903807,29.171798694879463,28.895414302477313,28.99125862121582,178532800
2015-05-20,28.97563893687324,29.194069724264395,28.8285310306402,28.989011764526367,145819600
2015-05-21,28.991250840461213,29.33895805953567,28.937756114055425,29.285463333129883,158921600
2015-05-22,29.33226903831206,29.6376266636522,29.28768840308798,29.54178237915039,182384000
2015-05-26,29.55517051966794,29.62426577067243,28.77951204774485,28.89095687866211,282790400
2015-05-27,29.05143195800268,29.479379615911192,28.986795465313783,29.430343627929688,183332800
2015-05-28,29.39022232290873,29.410281570342445,29.220827453981784,29.372390747070312,122933200
2015-05-29,29.24980561330809,29.298841604695433,28.953361993021286,29.038061141967773,203538000
2015-06-01,29.038054419236087,29.285461990857094,28.986790767754286,29.096004486083984,128451200
2015-06-02,28.94444742383134,29.122759807642176,28.824088520348884,28.966737747192383,134670400
2015-06-03,29.122754096088396,29.185162908028698,28.953355834228855,29.002391815185547,123934000
2015-06-04,28.882032348368387,29.10492192963282,28.732696737044225,28.832996368408203,153800400
2015-06-05,28.864204999261077,28.906554570065015,28.610110975463048,28.674747467041016,142507200
2015-06-08,28.73046896160397,28.799567596586602,28.269089243973,28.485292434692383,210699200
2015-06-09,28.240106328012548,28.54769500648522,27.999386897679972,28.40058708190918,224301600
2015-06-10,28.512033881528776,28.828536668303414,28.49643167937827,28.726009368896484,156349200
2015-06-11,28.79286760701568,29.015757135112192,28.636845617552982,28.66136360168457,141563600
2015-06-12,28.572216031997122,28.603420437404722,28.331494875556302,28.344867706298828,147544800
2015-06-15,28.106380817168155,28.36047484860761,28.01945400117639,28.28915023803711,175955600
2015-06-16,28.313668771655237,28.496438196005535,28.166562503525917,28.440715789794922,125976400
2015-06-17,28.467455448341372,28.503116894392807,28.2490229269188,28.373842239379883,131672400
2015-06-18,28.358245445578536,28.598964928738177,28.356016073365065,28.503122329711914,141628800
2015-06-19,28.465224848465933,28.489742835542692,28.17324007574937,28.217817306518555,218867600
2015-06-22,28.416196207326763,28.54324321836797,28.324812350513934,28.442943572998047,136157200
2015-06-23,28.41396864362743,28.44294368116358,28.280233515275235,28.31366729736328,121075600
2015-06-24,28.35378895129999,28.9310739634842,28.3337297013251,28.55438995361328,221123600
2015-06-25,28.72155460483171,28.79733625420246,28.418424606323242,28.418424606323242,127752400
2015-06-26,28.45631688885497,28.527641498010247,28.197765818359404,28.251258850097656,176267200
2015-06-29,27.96373235180831,28.188851350839126,27.74530147000696,27.756444931030273,196645600
2015-06-30,27.988243283205183,28.110833227113076,27.829991892304744,27.95703887939453,177482800
2015-07-01,28.284684853184682,28.29360063944099,28.081854542006486,28.217817306518555,120955200
2015-07-02,28.17992814465645,28.23787990846841,28.032820213559727,28.182157516479492,108844000
2015-07-06,27.847823067432426,28.135350813154044,27.8277621221199,28.08408546447754,112241600
2015-07-07,28.059576637433505,28.117528419964497,27.58704998855198,28.014999389648438,187787200
2015-07-08,27.74529618543428,27.780957634634593,27.31288984798471,27.319576263427734,243046400
2015-07-09,27.604874335956396,27.65168094402224,26.572896185523614,26.762351989746094,314380000
2015-07-10,27.179159625272575,27.604877896696575,27.01644946152121,27.47783088684082,245418000
2015-07-13,27.867888769804207,28.030598939773252,27.70963734449888,28.008310317993164,165762000
2015-07-14,28.093006371960204,28.166560350659324,27.870116764153963,27.997163772583008,127072400
2015-07-15,28.021677052619474,28.340409206196515,27.990472648815775,28.266855239868164,134596800
2015-07-16,28.471915195978795,28.656915660711643,28.384988393612666,28.643539428710938,144889600
2015-07-17,28.770597957723055,28.89095687866211,28.5989719658231,28.89095687866211,184658800
2015-07-20,29.191852765889337,29.6376319900446,29.131671618341215,29.43703269958496,235600800
2015-07-21,29.610886085568794,29.626486589754826,29.04697564365271,29.1428165435791,307025600
2015-07-22,27.190300334606057,27.972643263784516,27.190300334606057,27.910234451293945,461802400
2015-07-23,28.12866570825328,28.3270373082323,27.87457171051582,27.896862030029297,203998000
2015-07-24,27.932517588053024,28.026130788416758,27.61601484367338,27.74974822998047,168649200
2015-07-27,27.435481330336312,27.551384880041798,27.219279836659762,27.36415672302246,177822000
2015-07-28,27.500112533569336,27.618245425504725,27.315115496318775,27.500112533569336,134472400
2015-07-29,27.448853993158306,27.526865011387642,27.252710061024363,27.413190841674805,148046800
2015-07-30,27.26385445887506,27.319576856125906,27.127891673541978,27.274999618530273,134513200
2015-07-31,27.32625823007231,27.33517401604901,26.949576050502273,27.036502838134766,171540000
2015-08-03,27.08108369318085,27.31957547332252,26.19398242562316,26.3990421295166,279904000
2015-08-04,26.171693835570665,26.23410264531658,25.242244703613594,25.552061080932617,496554400
2015-08-05,25.17537606494462,26.176151451205765,24.98592027194948,25.72145652770996,397250400
2015-08-06,25.96550133644545,26.08416723165362,25.551289580417304,25.77742576599121,211612000
2015-08-07,25.654294080379678,26.02820421701058,25.636381787937303,25.864757537841797,154681600
2015-08-10,26.090895064834488,26.86558376287846,26.090895064834488,26.805131912231445,219806400
2015-08-11,26.37748162069634,26.460324680282355,25.374417301768855,25.410240173339844,388331200
2015-08-12,25.19530197557689,25.842368607775427,24.545995879720113,25.802066802978516,404870000
2015-08-13,25.981179450302577,26.061783038599437,25.6453317351356,25.781909942626953,194143200
2015-08-14,25.596074898960804,26.041632408633568,25.526666914798433,25.963268280029297,171718000
2015-08-17,25.981180030642193,26.341656722963474,25.86027464549625,26.23194694519043,163538800
2015-08-18,26.068500377073292,26.29463832262132,25.97446342442515,26.08417320251465,138242800
2015-08-19,25.99461694847219,26.088653913711482,25.676681470828807,25.750568389892578,193146000
2015-08-20,25.54233904929411,25.602790887378635,24.99378674748932,25.222164154052734,274006400
2015-08-21,24.725107924238447,25.054238945973523,23.654873519011304,23.679502487182617,513102000
2015-08-24,21.241250669242508,24.360156748493395,20.598661378669732,23.08841323852539,648825200
2015-08-25,24.87736264336672,24.87736264336672,23.17349490994939,23.227230072021484,414406400
2015-08-26,23.977282340311927,24.604198635218715,23.52053104078237,24.559419631958008,387098400
2015-08-27,25.128126873775873,25.354263106070857,24.6333097354271,25.282615661621094,338464400
2015-08-28,25.114694413745738,25.36993856788894,24.97363897325923,25.365461349487305,212657600
2015-08-31,25.083339520636017,25.64308556620304,25.07662284140271,25.24678611755371,224917200
2015-09-01,24.66241280050252,25.04975613399898,24.037735965828585,24.11833953857422,307383600
2015-09-02,24.680333362901482,25.15275764465332,24.434043636790502,25.15275764465332,247555200
2015-09-03,25.18634321222938,25.251273985889615,24.63779253946582,24.711679458618164,212935600
2015-09-04,24.39822262625333,24.729591487792273,24.29522950938527,24.465391159057617,199985200
2015-09-08,25.020668736552945,25.202026057277696,24.700493667837303,25.14605140686035,219374400
2015-09-09,25.47069005988445,25.528902431337823,24.577333947496935,24.662416458129883,340043200
2015-09-10,24.689281310465983,25.36321612273452,24.606439977285298,25.204248428344727,251571200
2015-09-11,25.029605946951275,25.571439743041992,25.022889267297096,25.571439743041992,199662000
2015-09-14,26.10208772561707,26.171495714483527,25.716982029564473,25.81773567199707,233453600
2015-09-15,25.95655559809105,26.090894368998466,25.618468353209426,26.03491973876953,173364800
2015-09-16,26.028205107493125,26.093135888660495,25.846847837887562,26.064029693603516,148694000
2015-09-17,25.89610010440373,26.08193455236949,25.461736488332857,25.506515502929688,256450400
2015-09-18,25.123647725549066,25.591596427514062,25.047523063835897,25.401281356811523,297141200
2015-09-21,25.450541420415476,25.831169885401756,25.448303665385104,25.795345306396484,200888000
2015-09-22,25.385612015661604,25.564731503889117,25.193059163690542,25.390090942382812,201384800
2015-09-23,25.44158645060453,25.68563670877131,25.3677012423614,25.59607696533203,143026800
2015-09-24,25.356504883973493,25.86027650418489,25.15947482080196,25.748327255249023,200878000
2015-09-25,26.070742458195273,26.126717084422445,25.528906778076614,25.68339729309082,224607600
2015-09-28,25.49084400853499,25.65205120264022,25.175148010253906,25.175148010253906,208436000
2015-09-29,25.262463628536743,25.414714649525106,24.1496880100466,24.418365478515625,293461600
2015-09-30,24.666896969730384,24.973638525143357,24.34448429608788,24.69600486755371,265892000
2015-10-01,24.420607058415772,24.543751905261725,24.026545256718563,24.5347957611084,255716400
2015-10-02,24.183274673339884,24.854970095848202,24.080281580207117,24.713912963867188,232079200
2015-10-05,24.601969227517102,24.93557925853222,24.420611969517466,24.803478240966797,208258800
2015-10-06,24.76988339439259,25.01841079535719,24.577330602506333,24.922134399414062,192787200
2015-10-07,25.018420619243077,25.025137301656372,24.496738356025208,24.803478240966797,187062400
2015-10-08,24.671370511017653,24.671370511017653,24.228050832737917,24.51688003540039,247918400
2015-10-09,24.628833061271347,25.13932132777321,24.514644356961238,25.103498458862305,211064400
2015-10-12,25.240076459852247,25.244553677850178,24.95124721500519,24.987070083618164,121868800
2015-10-13,24.812429785978768,25.17738369784618,24.78108413505567,25.029611587524414,132197200
2015-10-14,24.917656817502092,24.96915250050294,24.530311776738568,24.675846099853516,177849600
2015-10-15,24.837060506657778,25.099021339929475,24.738544620691677,25.045286178588867,150694000
2015-10-16,25.027374938781016,25.07663288383072,24.747501803916833,24.861690521240234,156930400
2015-10-19,24.807950583162174,25.020653441438615,24.653460095822826,25.016176223754883,119036800
2015-10-20,24.928861232729083,25.562494475545375,24.812434750037745,25.47293472290039,195871200
2015-10-21,25.52442492668545,25.878184910201075,25.45725470412081,25.47068977355957,167180800
2015-10-22,25.598314448531912,25.860275268554688,25.546817044869623,25.860275268554688,166616400
2015-10-23,26.128947698109524,26.695412195601318,26.046106367189562,26.661827087402344,237467600
2015-10-26,26.437934453562765,26.44912835328263,25.730414396005532,25.811017990112305,265335200
2015-10-27,25.837890694557643,26.093134882011086,25.522192947427737,25.6475772857666,279537600
2015-10-28,26.180452624265197,26.711092703494916,25.985660307234276,26.704374313354492,342205600
2015-10-29,26.576744248767543,27.022303376022826,26.480467850862226,26.986478805541992,204909200
2015-10-30,27.08948103778508,27.14097844820156,26.74467711732942,26.75587272644043,197461200
2015-11-02,27.04693442912581,27.17231701906884,26.78049471728719,27.132015228271484,128813200
2015-11-03,27.04469827373439,27.649223501416767,27.024546521766375,27.4432373046875,182076000
2015-11-04,27.568625144106544,27.7231156750898,27.230539596659135,27.31562042236328,179544400
2015-11-05,27.398804651379347,27.587685282435878,27.023294153455033,27.189687728881836,158210800
2015-11-06,27.232419678827696,27.389818824830183,27.12224027662596,27.221176147460938,132169200
2015-11-09,27.198682645641508,27.38981061291897,26.994063817186333,27.11098861694336,135485600
2015-11-10,26.2857689753872,26.548851106859324,26.09688830871263,26.25653648376465,236511600
2015-11-11,26.166598498691332,26.402697218240867,25.905763666973336,26.108135223388672,180872000
2015-11-12,26.141860156121886,26.267779454208373,26.004697328339777,26.020437240600586,130102400
2015-11-13,25.903510628304637,25.986708287440823,25.244679933368456,25.260419845581055,183249600
2015-11-16,25.04455815911912,25.687648959867616,24.95911316407321,25.674158096313477,152426800
2015-11-17,25.840555041603942,25.869787537109683,25.480784337672787,25.563982009887695,110467600
2015-11-18,26.029433820390178,26.418435275716188,25.970970549197364,26.373464584350586,186698800
2015-11-19,26.45216320271426,26.926611356339105,26.254289766076003,26.708499908447266,173183200
2015-11-20,26.802942853075518,26.96484010195741,26.72424327806962,26.825429916381836,137148400
2015-11-23,26.81868183550105,26.92211751965151,26.384707947819734,26.476900100708008,129930000
2015-11-24,26.382456619557942,26.836666736115248,26.33523688334568,26.73098373413086,171212800
2015-11-25,26.805194836575716,26.809692935938166,26.51512918649909,26.53986358642578,85553200
2015-11-27,26.598324759283052,26.625308206750216,26.44317293851058,26.490392684936523,52185600
2015-11-30,26.530858169452383,26.850156187230574,26.476893007998676,26.60056495666504,156721200
2015-12-01,26.701757463985018,26.715248329315557,26.27677805085262,26.384708404541016,139409600
2015-12-02,26.38470624073377,26.557847004045957,26.101387798895118,26.146358489990234,133546400
2015-12-03,26.20707112760899,26.26103630068144,25.68315416394497,25.903512954711914,166278000
2015-12-04,25.923750911083282,26.814183984713008,25.88327660248548,26.76471519470215,231108000
2015-12-07,26.7534740057645,26.951347454917414,26.49039013596013,26.596073150634766,128336800
2015-12-08,26.42518322985652,26.66802910366028,26.276778561768936,26.5848331451416,137238000
2015-12-09,26.45216550415493,26.46340903533202,25.876532390745435,25.997955322265625,185445600
2015-12-10,26.092397025803294,26.294768595536013,25.973223133494624,26.121627807617188,116850800
2015-12-11,25.901265498936777,25.946236190364907,25.375099488513708,25.449302673339844,187544800
2015-12-14,25.224440987583034,25.336869410291904,24.687033264276362,25.291898727416992,257274800
2015-12-15,25.170484021546596,25.363861108818906,24.812960628837228,24.844440460205078,213292400
2015-12-16,24.974861430180358,25.18172941297103,24.464436907236923,25.035572052001953,224954000
2015-12-17,25.18847112712789,25.240188972948975,24.504907608032227,24.504907608032227,179091200
2015-12-18,24.489162600471232,24.626323713257054,23.792104929194526,23.84157371520996,385813200
2015-12-21,24.1226409020114,24.142878909163535,23.738135921335893,24.13388442993164,190362400
2015-12-22,24.14963158786111,24.22158572779071,23.93601650191364,24.111406326293945,131157600
2015-12-23,24.12039237481684,24.475666592311015,24.1046524647011,24.421701431274414,130629600
2015-12-24,24.509399823075448,24.509399823075448,24.273299413800387,24.291288375854492,54281600
2015-12-28,24.192349850721047,24.21483691016716,23.87530255568779,24.019210815429688,106816800
2015-12-29,24.05069228904836,24.606089071221,24.02820694358233,24.450937271118164,123724800
2015-12-30,24.414967339167273,24.441949074455422,24.100167275134286,24.13164710998535,100855200
2015-12-31,24.06193753581308,24.066433919018245,23.569500372029918,23.668437957763672,163649200
2016-01-04,23.07256190564633,23.693167302480035,22.93539908758668,23.688669204711914,270597600
2016-01-05,23.778617922466307,23.80110327006872,23.027596676308974,23.09505271911621,223164000
2016-01-06,22.611601846678248,23.018593867808377,22.456451803477503,22.643081665039062,273829600
2016-01-07,22.188880170763806,22.514922007336757,21.68295211817137,21.687448501586914,324377600
2016-01-08,22.159641557597823,22.285560834992975,21.75714762104233,21.8021183013916,283192000
2016-01-11,22.25408321029279,22.274319503789176,21.887565438767243,22.1551456451416,198957600
2016-01-12,22.609358643191765,22.640838467302366,22.224851891300492,22.47669219970703,196616800
2016-01-13,22.557642065378527,22.753268167980142,21.878575044643163,21.89881134033203,249758400
2016-01-14,22.026979932182503,22.593620234931443,21.52779738017287,22.377756118774414,252680400
2016-01-15,21.631239776556626,21.970774280798736,21.44236074565481,21.840356826782227,319335600
2016-01-19,22.128154712696762,22.182119855086587,21.473820713576472,21.734655380249023,212350800
2016-01-20,21.383890151871395,22.07869884236,21.00613050352855,21.763898849487305,289337600
2016-01-21,21.82460894765617,22.00899152675043,21.34791344418033,21.653718948364258,208646000
2016-01-22,22.177634126383563,22.813979527720896,22.119172570994266,22.80498504638672,263202000
2016-01-25,22.827476693036473,22.829725742871297,22.308057690146153,22.35977554321289,207178000
2016-01-26,22.469949534467872,22.683562898019467,22.051715573484742,22.483440399169922,300308000
2016-01-27,21.59525392611128,21.727918655502844,20.9881393498941,21.006128311157227,533478800
2016-01-28,21.08932801960842,21.253472589399497,20.774528029001694,21.156784057617188,222715200
2016-01-29,21.314181657388275,21.88756561279297,21.215244091450444,21.88756561279297,257666000
2016-02-01,21.691943547249263,21.745908718250337,21.451346753613898,21.68294906616211,163774000
2016-02-02,21.455844447191097,21.595256339276258,21.19950772487338,21.24448013305664,149428800
2016-02-03,21.361402524248767,21.775138339162716,21.154534616791793,21.664958953857422,183857200
2016-02-04,21.67174234421626,22.004075825312874,21.520271161282515,21.839038848876953,185886800
2016-02-05,21.820950772345686,21.91138191520352,21.18115418813304,21.25575828552246,185672400
2016-02-08,21.05455772818862,21.635575751724723,21.034211619015142,21.479583740234375,216085600
2016-02-09,21.316804363453706,21.689831825380146,21.235416490857723,21.47505760192871,177324800
2016-02-10,21.685306155065295,21.78251933732667,21.2738460702259,21.312278747558594,169374400
2016-02-11,21.20376037719903,21.414012039734246,20.932466963536864,21.183412551879883,200298800
2016-02-12,21.294196009383647,21.364279336743493,21.027425044968645,21.248979568481445,161405600
2016-02-16,21.48184372181831,21.895565198709427,21.389153014467205,21.84808921813965,196231600
2016-02-17,21.85486362369464,22.203022417805666,21.737304340212145,22.182676315307617,179452800
2016-02-18,22.34544809488713,22.356752633930416,21.72373639377709,21.762170791625977,156084000
2016-02-19,21.703393388467173,21.87521240241181,21.65817867550683,21.71243667602539,141496800
2016-02-22,21.77348559024434,21.906871980084656,21.685315656634405,21.9023494720459,137123200
2016-02-23,21.79382570024182,21.816433057926353,21.375583546170017,21.40723419189453,127770400
2016-02-24,21.246715820247577,21.789299204664644,21.097504182151525,21.725997924804688,145022800
2016-02-25,21.714699140801,21.875213623046875,21.53383682920604,21.875213623046875,110330800
2016-02-26,21.974687104013064,22.160070203651877,21.834520446256214,21.90912628173828,115964400
2016-02-29,21.897819121472434,22.207545243210323,21.85034315679682,21.859386444091797,140865200
2016-03-01,22.076418865566318,22.781777984759973,22.024420397887784,22.727519989013672,201628400
2016-03-02,22.722996116250552,22.80890474156228,22.526308536790392,22.777254104614258,132678400
2016-03-03,22.738826954826482,22.994293365018642,22.70943583850376,22.94681739807129,147822800
2016-03-04,23.143505499426116,23.455491170685054,22.917428476094212,23.28819465637207,184220400
2016-03-07,23.148029202453237,23.247503657219692,22.824738949293295,23.03046989440918,143315600
2016-03-08,22.784039755807306,23.00559597445837,22.69813111685274,22.840559005737305,126247600
2016-03-09,22.903860057578832,22.964901812789783,22.668739773273074,22.86090660095215,108806800
2016-03-10,22.926473094273618,23.114115723655306,22.64161554539446,22.87221336364746,134054400
2016-03-11,23.11411076459966,23.123154051097146,22.94681427647251,23.118633270263672,109632800
2016-03-14,23.03950665735078,23.26558364517761,23.01011554504175,23.177412033081055,100304400
2016-03-15,23.502961009900737,23.77877518241644,23.47809240583258,23.643129348754883,160270800
2016-03-16,23.649915432593247,24.034245647936118,23.645392926626023,23.957380294799805,153214000
2016-03-17,23.855648015777817,24.07042223430001,23.729045427903444,23.9189510345459,137682800
2016-03-18,24.041027365546956,24.07720051348592,23.781040195265838,23.946075439453125,176820800
2016-03-21,23.948337919980663,24.33719065610366,23.769736873745998,23.943817138671875,142010800
2016-03-22,23.794611922473,24.25580935816386,23.785568632577355,24.12694549560547,129777600
2016-03-23,24.07267575641469,24.206060336540062,23.94155070403933,23.993547439575195,102814000
2016-03-24,23.844340269617827,24.020680044797334,23.713215202237485,23.889554977416992,104532000
2016-03-28,23.96416777588685,24.007122968185787,23.751654792720785,23.78104591369629,77645600
2016-03-29,23.71322365175227,24.368847497435848,23.71096239810742,24.343978881835938,124760400
2016-03-30,24.56326422279049,24.96341971847851,24.55195968385792,24.768993377685547,182404400
2016-03-31,24.80517180085156,24.845865734905658,24.61526620032215,24.640134811401367,103553600
2016-04-01,24.592657950382524,24.86847219065177,24.461532864872428,24.8662109375,103496000
2016-04-04,24.963420565062517,25.363577799151535,24.92950867194523,25.121675491333008,149424800
2016-04-05,24.757695581568516,25.03350982905374,24.737347752331807,24.825517654418945,106314800
2016-04-06,24.92047307197915,25.09003085329812,24.68761227010977,25.085508346557617,105616400
2016-04-07,24.85716836030506,24.96342483867555,24.443448712905145,24.538400650024414,127207600
2016-04-08,24.622050034176734,24.816474692097593,24.454751790988905,24.56553077697754,94326800
2016-04-11,24.63561261993056,25.006378786836184,24.60396197579208,24.646915435791016,117630000
2016-04-12,24.719259012369672,24.981509167293467,24.5655283041007,24.967945098876953,108929200
2016-04-13,25.049331153367543,25.397488199719643,25.049331153367543,25.329666137695312,133029200
2016-04-14,25.23471140937255,25.408789913187686,25.169148882659474,25.34322738647461,101895600
2016-04-15,25.345491051158653,25.388446230465966,24.80742844514777,24.834556579589844,187756000
2016-04-18,24.617523304761406,24.631087372216538,24.176673864164115,24.298755645751953,243286000
2016-04-19,24.389188433895217,24.41631829738695,24.01616272866088,24.16989517211914,129539600
2016-04-20,24.108853935186644,24.436664933233505,23.977728846035568,24.21963119506836,122444000
2016-04-21,24.174414010799026,24.174414010799026,23.855644608505056,23.957380294799805,126210000
2016-04-22,23.740345918985675,24.072679380283482,23.652176028212455,23.891817092895508,134732400
2016-04-25,23.73808941754787,23.88503983986078,23.62731214988531,23.756175994873047,112126400
2016-04-26,23.491671812669544,23.805918837312266,23.491671812669544,23.591144561767578,224064800
2016-04-27,21.703390946883363,22.316059380175094,21.631046379386973,22.114850997924805,458408400
2016-04-28,22.067380553082494,22.12842059645249,21.307761542083796,21.438886642456055,328970800
2016-04-29,21.24897644830206,21.414013414907235,20.91438345891135,21.19245719909668,274126000
2016-05-02,21.244457131151787,21.269325740502186,20.889516290677836,21.169851303100586,192640400
2016-05-03,21.29645296422147,21.644611755356102,21.178893681743983,21.518009185791016,227325200
2016-05-04,21.52252979686506,21.68078473240166,21.210544156545893,21.294193267822266,164102000
2016-05-05,21.380623047596245,21.396544718750324,21.080384580596473,21.2077579498291,143562000
2016-05-06,21.23733026508152,21.25552522309774,20.891600032790514,21.08948516845703,174799600
2016-05-09,21.153174647026425,21.328313071417906,21.059917882827285,21.105409622192383,131745600
2016-05-10,21.228231117835215,21.28281946048958,20.95073762839965,21.248701095581055,134747200
2016-05-11,21.262351491200416,21.282821470879867,21.03034797617292,21.04172134399414,114876400
2016-05-12,21.089483696513835,21.103130347906575,20.35026000031779,20.54814338684082,305258800
2016-05-13,20.47081528916561,20.850662223051433,20.47081528916561,20.58909034729004,177571200
2016-05-16,21.01442919028808,21.46933620033494,20.84611408246385,21.353334426879883,245039200
2016-05-17,21.505723562347814,21.539840190266553,21.155445054615097,21.26462173461914,187667600
2016-05-18,21.417023219617608,21.65584836263633,21.355609800460968,21.50800323486328,168249600
2016-05-19,21.52619319651644,21.52619319651644,21.282818087687783,21.42611312866211,121768400
2016-05-20,21.526199567022662,21.70588804415121,21.498904521712273,21.658123016357422,128104000
2016-05-23,21.80596477748378,22.10620328824832,21.760473042318086,21.933338165283203,152074400
2016-05-24,22.11302794242959,22.31091136245209,22.02659450809115,22.267696380615234,140560800
2016-05-25,22.442834624557907,22.686209780582036,22.31546123010262,22.658916473388672,152675200
2016-05-26,22.67255838819598,22.911385188214826,22.43600660841186,22.838600158691406,225324800
2016-05-27,22.617973234698777,22.85225002723643,22.574756520813573,22.824954986572266,145364800
2016-05-31,22.65436449782062,22.83632796179195,22.47695107488128,22.713502883911133,169228800
2016-06-01,22.522444432240363,22.640721222061373,22.365502699874064,22.395071029663086,116693200
2016-06-02,22.19945819390477,22.25404654048954,21.978828051653846,22.22675323486328,160766400
2016-06-03,22.242675173197796,22.35185186766778,22.165340090560306,22.27224349975586,114019600
2016-06-06,22.288161023358054,23.175229743585774,22.188082694616856,22.433731079101562,93170000
2016-06-07,22.574759284625802,22.715781075657503,22.50879756311093,22.52471923828125,89638000
2016-06-08,22.522444533680854,22.645269630433198,22.445111177577044,22.504249572753906,83392400
2016-06-09,22.404165331618344,22.74307049388891,22.395066985172754,22.66573715209961,106405600
2016-06-10,22.410992231830097,22.597504025380122,22.399620598458615,22.479228973388672,126851600
2016-06-13,22.447379527819397,22.54518457198372,22.08572767229757,22.140316009521484,152082000
2016-06-14,22.13577254221866,22.399619411239556,22.006124128394898,22.16761589050293,127727600
2016-06-15,22.249492223594437,22.383690636219207,22.06980382366094,22.094823837280273,117780800
2016-06-16,21.937879706058954,22.233569819789874,21.851448038895818,22.188079833984375,125307200
2016-06-17,21.976556919934417,21.983380247009613,21.676318381298827,21.683141708374023,244032800
2016-06-20,21.83552966570977,21.965178053686643,21.614899557059374,21.630821228027344,137647600
2016-06-21,21.594431441553773,21.915139908778798,21.535293057720768,21.815061569213867,142185600
2016-06-22,21.892395822437525,22.037965899988716,21.68768735858985,21.733179092407227,116876400
2016-06-23,21.8218828131053,21.9014911672087,21.664939389778628,21.858274459838867,128960800
2016-06-24,21.132707956518715,21.530751627450027,21.07356955380148,21.244159698486328,301245600
2016-06-27,21.15317339788312,21.164546765885873,20.811993181788228,20.934818267822266,181958400
2016-06-28,21.130430851504904,21.303296000297614,20.957565702712195,21.287372589111328,161779600
2016-06-29,21.373800251297773,21.50572366431587,21.296465178540526,21.47160530090332,146124000
2016-06-30,21.480705590379575,21.78321737716716,21.448862244401933,21.744550704956055,143345600
2016-07-01,21.719528910588412,21.942434049551338,21.683137261872627,21.810510635375977,104106000
2016-07-05,21.696790008403283,21.699065029378403,21.485258176363672,21.60580825805664,110820800
2016-07-06,21.517092599613008,21.758194398280093,21.464779286221916,21.72862434387207,123796400
2016-07-07,21.767290273663196,21.94925369270956,21.74909532002398,21.821880340576172,100558400
2016-07-08,21.946983331078552,22.037965059912924,21.846904991159676,21.99020004272461,115648400
2016-07-11,22.006118482337417,22.210826908309258,22.001570177463325,22.058433532714844,95179600
2016-07-12,22.101658271835976,22.222208360600444,22.090286636958425,22.15852165222168,96670000
2016-07-13,22.15624565760046,22.215382316531976,22.026595500252867,22.03342056274414,103568800
2016-07-14,22.151690040222096,22.515615191527992,22.13576836908159,22.470125198364258,155676000
2016-07-15,22.49970262335273,22.586136074798013,22.404172557859976,22.467859268188477,120548000
2016-07-18,22.4496548807053,22.77491338448554,22.426909882711097,22.70667839050293,145975600
2016-07-19,22.645260891821938,22.745340947296217,22.595220864084798,22.71577262878418,95119600
2016-07-20,22.74534827125444,22.84997666506233,22.68620987985612,22.736249923706055,105104000
2016-07-21,22.70668150786607,22.97280166513089,22.547463029383575,22.615699768066406,130808000
2016-07-22,22.577031117300013,22.586129464017173,22.360949287264944,22.44055938720703,113254800
2016-07-25,22.347299463465593,22.481496154001874,22.044785985546643,22.140316009521484,161531600
2016-07-26,22.02204294034227,22.283614754680112,21.931061213355353,21.987924575805664,224959200
2016-07-27,23.716572664616915,23.734769358782028,23.37084415214117,23.41633415222168,369379200
2016-07-28,23.389042741889188,23.757516284268405,23.3867677211011,23.73249626159668,159479200
2016-07-29,23.698380236729925,23.780263633885653,23.5823784682039,23.70292854309082,110934800
2016-08-01,23.74842297367779,24.144191614543093,23.74842297367779,24.12144660949707,152671600
2016-08-02,24.12144326358999,24.125991569835236,23.655162915827727,23.764341354370117,135266400
2016-08-03,23.839394592697438,24.0736713592428,23.83029624681882,24.062299728393555,120810400
2016-08-04,24.144635606566332,24.24068317778002,24.076029201566065,24.210954666137695,109634800
2016-08-05,24.302419048789062,24.618006307760453,24.281838181325405,24.579130172729492,162213600
2016-08-08,24.588275371476584,24.78265953063965,24.505950159200445,24.78265953063965,112148800
2016-08-09,24.750649168770092,24.91301577419259,24.70033804559322,24.883285522460938,105260800
2016-08-10,24.860410383452997,24.903861204049058,24.64315976993789,24.698043823242188,96034000
2016-08-11,24.816966775969792,24.910728732985522,24.663747804231658,24.682043075561523,109938000
2016-08-12,24.647735532993494,24.798668877758047,24.647735532993494,24.73921012878418,74641600
2016-08-15,24.730068847274993,25.050229142417265,24.716348265038388,25.036508560180664,103472800
2016-08-16,25.070807047570803,25.208019832624814,24.974759493819427,25.013635635375977,135177600
2016-08-17,24.949602155202015,25.011348253023485,24.775800585987955,24.9770450592041,101424000
2016-08-18,24.97933722754291,25.063949811272032,24.93131170008234,24.94503402709961,87938800
2016-08-19,24.87413258392679,25.084524667333604,24.780372392776844,25.009057998657227,101472400
2016-08-22,24.894719727168077,24.949603794044457,24.66374673466097,24.814680099487305,103280800
2016-08-23,24.83297821333878,24.999919534544723,24.819257630267977,24.892436981201172,85030800
2016-08-24,24.828393070097484,24.869556543821382,24.62486304577722,24.70490264892578,94700400
2016-08-25,24.558548889937846,24.670604356571072,24.396182307137458,24.599712371826172,100344800
2016-08-26,24.56312906073768,24.68661778922649,24.31157342376692,24.455646514892578,111065200
2016-08-29,24.382463338384497,24.56998549165305,24.30699665914969,24.428199768066406,99881200
2016-08-30,24.194940451587517,24.35501969535396,24.12633406441167,24.240676879882812,99455600
2016-08-31,24.162929293956257,24.371032351254886,24.15835460339883,24.2635498046875,118649600
2016-09-01,24.272694039514473,24.423627401559532,24.15377827268476,24.40761947631836,106806000
2016-09-02,24.62944472736316,24.698051122819795,24.428201975947808,24.636306762695312,107210000
2016-09-06,24.675180388848958,24.7666549918823,24.585993130693005,24.62944221496582,107521600
2016-09-07,24.65917711863844,24.87185486932278,24.48537551454301,24.780380249023438,169457200
2016-09-08,24.526535907357516,24.531108852664694,24.066877263365704,24.130908966064453,212008000
2016-09-09,23.929666407859465,24.176647329951983,23.5843505859375,23.5843505859375,186228000
2016-09-12,23.47458055317181,24.176645375997897,23.447137649135108,24.112613677978516,181171200
2016-09-13,24.585996391162194,24.878713763901224,24.524250284414737,24.686616897583008,248704800
2016-09-14,24.8649874725559,25.848334561750047,24.835257226232883,25.560190200805664,443554800
2016-09-15,26.038148864713218,26.465791668436328,25.953534544107114,26.429201126098633,359934400
2016-09-16,26.326291993437565,26.55726323791593,26.079311078918458,26.280553817749023,319547600
2016-09-19,26.342297456755436,26.56869573487193,25.89864679007236,25.97411346435547,188092000
2016-09-20,25.852910795148613,26.097604345917137,25.729420347368304,25.971826553344727,138057200
2016-09-21,26.035853545397362,26.06786938777052,25.71340777728697,25.967248916625977,144012800
2016-09-22,26.150200392752776,26.285125816302454,26.070160774409487,26.211946487426758,124296000
2016-09-23,26.166214030813464,26.250828357102467,25.509887272331664,25.775161743164062,209924800
2016-09-26,25.53046569958347,25.930665585095237,25.50988482865758,25.814035415649414,119477600
2016-09-27,25.841477769040566,25.88264125474517,25.69054440654601,25.862058639526367,98429600
2016-09-28,25.999270255845023,26.21652090998505,25.939811502552825,26.058727264404297,118564400
2016-09-29,25.878070081062116,26.024428763645872,25.567057444388357,25.65395736694336,143548000
2016-09-30,25.71798556742992,25.926090326801813,25.56705395990633,25.8529109954834,145516400
2016-10-03,25.7751612689215,25.852915302814093,25.676826362510184,25.73171043395996,86807200
2016-10-04,25.855200836770816,26.141057919239035,25.75686593061242,25.841480255126953,118947200
2016-10-05,25.932950616498402,25.99240936842364,25.770584029658572,25.8529109954834,85812400
2016-10-06,26.00155116276416,26.14790980234844,25.871200444861515,26.045001983642578,115117200
2016-10-07,26.14105278343529,26.19822418869675,25.958105333438315,26.083881378173828,97433600
2016-10-10,26.303423257158567,26.6990502077917,26.234818607533,26.538970947265625,144944000
2016-10-11,26.916298399358585,27.142698433019806,26.57326994867143,26.596139907836914,256164000
2016-10-12,26.83625836838792,26.980331432114724,26.69904733914617,26.83397102355957,150347200
2016-10-13,26.708191404904703,26.856837393692825,26.463497882954783,26.75164222717285,140769600
2016-10-14,26.9574609419741,27.02377998282595,26.78594672261918,26.90028953552246,142608800
2016-10-17,26.83168694146113,26.948315363311753,26.70590913977948,26.88199806213379,94499600
2016-10-18,27.02606361465004,27.032923903324484,26.85912236306391,26.863697052001953,98214000
2016-10-19,26.813389391663282,26.930019548331323,26.024424687413664,26.783660888671875,80138400
2016-10-20,26.72420489836307,26.843120667344646,26.603001784381934,26.769941329956055,96503200
2016-10-21,26.71276910594301,26.73563906577721,26.591565995646846,26.664745330810547,92770800
2016-10-24,26.77909316324069,26.92545186096177,26.756224943859266,26.904870986938477,94154800
2016-10-25,26.973473528044174,27.06723548830231,26.827114841810193,27.04207992553711,192516000
2016-10-26,26.141051919961637,26.458924783136965,25.91236630646959,26.43376922607422,264536800
2016-10-27,26.388036578780813,26.495519111665708,26.093031885777496,26.179933547973633,138248000
2016-10-28,26.040435321943242,26.346873252274538,25.944386023948137,26.006132125854492,151446800
2016-10-31,25.990121378397415,26.12275945834827,25.887211801304716,25.9649658203125,105677600
2016-11-01,25.946667597248517,26.017559573924828,25.2766187289982,25.496156692504883,175303200
2016-11-02,25.475580532320077,25.692831191466432,25.43670439242786,25.51902961730957,113326800
2016-11-03,25.50983388565465,25.620165575193028,25.181134398016813,25.245494842529297,107730400
2016-11-04,24.946688346171584,25.342047554598118,24.850147633516197,25.0179443359375,123348000
2016-11-07,25.302964365588775,25.401804138645407,25.160450674251727,25.37881851196289,130240000
2016-11-08,25.355830121282235,25.67993323177175,25.215615524307584,25.52822494506836,97016800
2016-11-09,25.256992858020464,25.587991513710712,24.836350779053614,25.486852645874023,236705600
2016-11-10,25.535120808105646,25.535120808105646,24.32605969000553,24.77658462524414,228538000
2016-11-11,24.62257699264575,25.02483155418706,24.49155700560564,24.92369270324707,136575600
2016-11-14,24.758194790163717,24.781180415658593,23.923804484233084,24.29847526550293,204702000
2016-11-15,24.496152932155507,24.751297389168002,24.401911348710634,24.620277404785156,129058000
2016-11-16,24.526039133896795,25.337445673715806,24.503053505407852,25.282278060913086,235362000
2016-11-17,25.240900598535497,25.365025083873647,25.01563900764434,25.273080825805664,110528000
2016-11-18,25.220211261151423,25.40869618010387,25.20642023776414,25.298362731933594,113715600
2016-11-21,25.312157547067688,25.741994178360056,25.286872833028042,25.682231903076172,117058400
2016-11-22,25.732796037947203,25.840830391494627,25.606374238828955,25.698318481445312,103862000
2016-11-23,25.597180023140183,25.631659333849804,25.36042477859301,25.567298889160156,109705600
2016-11-25,25.544317546906424,25.714415052269732,25.502942715019536,25.696025848388672,45903600
2016-11-28,25.613274179311368,25.852328549976207,25.604079578090698,25.64545440673828,108776000
2016-11-29,25.4638639786802,25.75118867920456,25.300663759225262,25.620168685913086,114115200
2016-11-30,25.652349384804452,25.790264892859526,25.34663547692697,25.40410041809082,144649200
2016-12-01,25.36962276149973,25.500642756715852,25.06160976609378,25.16734504699707,148347600
2016-12-02,25.093792541403914,25.305263124688693,25.02023747966612,25.2615909576416,106112000
2016-12-05,25.284576903890887,25.291472417001383,24.882322271328984,25.080001831054688,137298000
2016-12-06,25.16964463153597,25.367324172590333,25.09838866453644,25.273080825805664,104782000
2016-12-07,25.114480737065133,25.558110194681575,25.091495109178005,25.521331787109375,119994800
2016-12-08,25.48224783832691,25.84312751638342,25.422483822113286,25.77187156677246,108273200
2016-12-09,25.815546498559403,26.364911129636067,25.815546498559403,26.192516326904297,137610400
2016-12-12,26.040810805308038,26.43387076008026,25.856922307239902,26.043109893798828,105497600
2016-12-13,26.167232723536717,26.645341417576397,26.146546188104477,26.4775447845459,174935200
2016-12-14,26.443065471801468,26.709701866064297,26.429274448179974,26.4775447845459,136127200
2016-12-15,26.521219462804925,26.831531553286478,26.486741900476627,26.622358322143555,186098000
2016-12-16,26.771765431323193,26.77866094325025,26.583280505990434,26.656835556030273,177404400
2016-12-19,26.617761155624148,26.980938246977622,26.60626746604154,26.810842514038086,111117600
2016-12-20,26.833825002952814,27.00851889278205,26.820033980018344,26.882095336914062,85700000
2016-12-21,26.847618786987013,26.98553428257856,26.843020610042583,26.907381057739258,95132800
2016-12-22,26.744185389195962,26.780963796230967,26.580985153782812,26.73039436340332,104343600
2016-12-23,26.569483114990387,26.783252716064453,26.569483114990387,26.783252716064453,56998000
2016-12-27,26.78325451451001,27.07747643702863,26.77635900331725,26.953351974487305,73187600
2016-12-28,27.013118748301817,27.128048630534312,26.709703929355662,26.83842658996582,83623600
2016-12-29,26.767165510888628,26.91887377816601,26.755673576322245,26.831527709960938,60158000
2016-12-30,26.813142350917477,26.93956417139991,26.532713152708265,26.622358322143555,122345200
2017-01-03,26.617757300869563,26.739582676563,26.3787029724356,26.69820785522461,115127600
2017-01-04,26.629251595063298,26.780959871312433,26.606265970880596,26.66832733154297,84472400
2017-01-05,26.64533796085043,26.86140665590674,26.620053251697435,26.80394172668457,88774400
2017-01-06,26.843023377261122,27.160230978882005,26.771767410492767,27.102766036987305,127007600
2017-01-09,27.111962596832893,27.452155871055513,27.109665261499952,27.351016998291016,134247600
2017-01-10,27.30044402604622,27.44065862560375,27.192411407583823,27.378597259521484,97848400
2017-01-11,27.293546496671386,27.567080163085443,27.261366271645112,27.525705337524414,110354400
2017-01-12,27.330325573753196,27.422269827680637,27.17172177957063,27.410776138305664,108344800
2017-01-13,27.378595071522714,27.49582403552166,27.309636444772575,27.362504959106445,104447600
2017-01-17,27.201601911231894,27.638335785974654,27.174019863656817,27.58316993713379,137759200
2017-01-18,27.583168763112923,27.698098632959226,27.51650922815919,27.580869674682617,94852000
2017-01-19,27.44525623100266,27.60385827599191,27.43836071865845,27.532602310180664,102389200
2017-01-20,27.686606122921752,27.686606122921752,27.52110857639915,27.58316993713379,130391600
2017-01-23,27.58317520299412,27.769361074433192,27.530306678897652,27.601564407348633,88200800
2017-01-24,27.479732295697268,27.606154098997923,27.468238607356017,27.57627296447754,92844000
2017-01-25,27.679709554447662,28.06587398897463,27.647529331044638,28.015304565429688,129510400
2017-01-26,27.967037299224167,28.144030301053384,27.95094718575704,28.02910041809082,105350400
2017-01-27,28.075074601809906,28.123344947252377,27.95095010480454,28.031400680541992,82251600
2017-01-30,27.79694453598871,27.95784568786621,27.734883164176253,27.95784568786621,121510000
2017-01-31,27.8475147650129,27.902680625274698,27.725689353159677,27.89348602294922,196804000
2017-02-01,29.199087086643175,29.994403455449152,29.194490662743725,29.594446182250977,447940000
2017-02-02,29.417452924522408,29.741554274953458,29.37147992020151,29.543874740600586,134841600
2017-02-03,29.49330273313571,29.695580427074365,29.458825175024025,29.67029571533203,98029200
2017-02-06,29.681788758133777,29.99669547330766,29.62891849367094,29.948423385620117,107383600
2017-02-07,30.00589700604735,30.362180400578858,29.985210465641693,30.23345947265625,152735200
2017-02-08,30.192082913393808,30.392059795706793,30.16220002021809,30.350683212280273,92016400
2017-02-09,30.39224309842825,30.57692891958845,30.269889490459786,30.570003509521484,113399600
2017-02-10,30.579222414450598,30.69003243533569,30.48457050037162,30.500728607177734,80262000
2017-02-13,30.722363737255407,30.893198705813756,30.646180718408644,30.770841598510742,92141600
2017-02-14,30.812389557128682,31.186375622723208,30.761600891111218,31.170217514038086,132904800
2017-02-15,31.285647456911654,31.458789685755665,31.077874668746244,31.283336639404297,142492400
2017-02-16,31.320269191822234,31.373365146688556,31.128658068293166,31.246397018432617,90338400
2017-02-17,31.188684049497923,31.357208143318125,31.188684049497923,31.33181381225586,88792800
2017-02-21,31.449558835971224,31.56960512147816,31.391844749825925,31.558061599731445,98028800
2017-02-22,31.495733424214876,31.655024885940847,31.421861216256996,31.65271759033203,83347600
2017-02-23,31.71504721261627,31.738130734589046,31.465721926226674,31.518817901611328,83152800
2017-02-24,31.375682077032856,31.548824310302734,31.23024147385808,31.548824310302734,87106400
2017-02-27,31.659643575044708,31.728901193043466,31.461106948828956,31.611162185668945,81029600
2017-02-28,31.64578385217197,31.728892265869515,31.55805732588351,31.62500762939453,93931600
2017-03-01,31.83277865592797,32.35451268463319,31.765831871316816,32.27140426635742,145658400
2017-03-02,32.31988870396161,32.38452819956247,32.03362556445187,32.07979965209961,104844000
2017-03-03,32.0382514149663,32.28065134330321,31.994388134660955,32.269107818603516,84432400
2017-03-06,32.17444783899807,32.26679249102052,31.996690988707904,32.16752243041992,87000000
2017-03-07,32.10289187308148,32.31527934798159,32.04055965593592,32.20908737182617,69785200
2017-03-08,32.07749532462934,32.27372466907175,32.04748638869236,32.08903884887695,74828800
2017-03-09,32.02900631537136,32.04054631301657,31.638858580574993,32.01515197753906,88623600
2017-03-10,32.14675130712464,32.17214565013795,32.00592877270334,32.12135696411133,78451200
2017-03-13,32.054399093261644,32.18829264917748,32.047473685975916,32.135196685791016,69686800
2017-03-14,32.15828822800166,32.23908583184447,32.052092763771405,32.08672332763672,61236400
2017-03-15,32.183690325330886,32.49303704395142,32.09596376949352,32.426090240478516,102767200
2017-03-16,32.486100975279875,32.55535857439694,32.379905520288666,32.47917556762695,76928000
2017-03-17,32.55073713387873,32.55073713387873,32.294486509155334,32.31757354736328,175540000
2017-03-20,32.41222598682167,32.666169348388465,32.37298083505005,32.65693664550781,86168000
2017-03-21,32.80700788918026,32.966299391829935,32.257568450496386,32.282962799072266,158119600
2017-03-22,32.28525866265166,32.68925723393395,32.26447891610455,32.647701263427734,103440800
2017-03-23,32.61076646650214,32.68464218874113,32.460711249263134,32.53227615356445,81385200
2017-03-24,32.666172705320164,32.72157949606167,32.40068931851718,32.46763610839844,89582400
2017-03-27,32.17906734733827,32.60153490186237,32.001306966753184,32.52304458618164,94300400
2017-03-28,32.529965111682934,33.252543002700264,32.46301480579109,33.197139739990234,133499200
2017-03-29,33.16943020616903,33.35642676088705,33.05631287801409,33.2710075378418,116760000
2017-03-30,33.287174863774936,33.35873976262738,33.127883432090165,33.227149963378906,84829200
2017-03-31,33.1786648085328,33.3056364669168,33.01475529996669,33.16481399536133,78646800
2017-04-03,33.17636782480755,33.27101625175768,33.02400178739265,33.17405700683594,79942800
2017-04-04,33.07017128430263,33.44877554763126,33.05170235406852,33.42107391357422,79565600
2017-04-05,33.29409535946504,33.58035843522584,33.19944343248918,33.2479248046875,110871600
2017-04-06,33.31025105624911,33.36335053685614,33.11633262667388,33.16481399536133,84596000
2017-04-07,33.18098385228909,33.28486851044707,33.07479189864796,33.09095001220703,66688800
2017-04-10,33.15098212489749,33.215621638358044,32.989379818656815,33.05171203613281,75733600
2017-04-11,32.99860347139208,33.09325540952474,32.33373613194622,32.69618225097656,121517600
2017-04-12,32.689249676952514,32.81621780907595,32.55304179866994,32.73542022705078,81400000
2017-04-13,32.76082296364392,32.86932572163703,32.562286376953125,32.562286376953125,71291600
2017-04-17,32.66154660753031,32.753891236191194,32.520724131086446,32.742347717285156,66328400
2017-04-18,32.64539758259062,32.7908346889943,32.57613997247114,32.59691619873047,58790000
2017-04-19,32.75390579168043,32.78160743129531,32.4237793217176,32.47687530517578,69313600
2017-04-20,32.601526121051094,32.993981116340386,32.58767530702486,32.88317108154297,93278400
2017-04-21,32.883178261307776,32.93858152950958,32.74697386352734,32.84393310546875,69283600
2017-04-24,33.12787847113817,33.23176309980541,33.05400276558699,33.16019821166992,68537200
2017-04-25,33.222539435282336,33.45108497600299,33.21330320828219,33.36566925048828,75486000
2017-04-26,33.35182739763675,33.38183985957193,33.10019474436468,33.16944885253906,80164800
2017-04-27,33.2248595724014,33.28026638805199,33.084036998222246,33.194847106933594,56985200
2017-04-28,33.26408726556515,33.31256864410618,33.07478690943521,33.16250991821289,83441600
2017-05-01,33.49725044187994,33.9820465569213,33.46493070087719,33.83891677856445,134411600
2017-05-02,34.0605371626069,34.18750883290929,33.89893845612549,34.053611755371094,181408800
2017-05-03,33.610370846588346,34.04899996896599,33.305642335360965,33.949729919433594,182788000
2017-05-04,33.82507383863429,33.968203650311494,33.66116427801331,33.8273811340332,93487600
2017-05-05,33.88047234638502,34.39297365997338,33.88047234638502,34.38835906982422,109310800
2017-05-08,34.40451889529334,35.48261754362255,34.40451889529334,35.323326110839844,195009600
2017-05-09,35.5218668325263,35.755034009575716,35.42490758445576,35.5495719909668,156521600
2017-05-10,35.4664540764227,35.538018964961594,35.1155515182517,35.38103485107422,103222800
2017-05-11,35.33932071949261,35.7148541231763,35.3068675648166,35.687034606933594,109020400
2017-05-12,35.860885956725625,36.259598101766585,35.85393196303185,36.185420989990234,130108000
2017-05-15,36.16456126267978,36.312919047116495,35.942026354589,36.09270095825195,104038800
2017-05-16,36.148325908210545,36.17614187932493,35.865518411455746,36.03937530517578,80194000
2017-05-17,35.6058965375633,35.83075175718086,34.70415884032869,34.8293342590332,203070800
2017-05-18,35.065773364343784,35.545616496374166,35.03332022274331,35.36016845703125,134272800
2017-05-19,35.55489352681086,35.69397691396822,35.38103664001859,35.480712890625,107843200
2017-05-22,35.698617325259924,35.8330670876935,35.44594614245283,35.6963005065918,91865600
2017-05-23,35.907244012150436,35.907244012150436,35.53866822949923,35.65225601196289,79675600
2017-05-24,35.661528385492936,35.73802585003768,35.3903120314495,35.545623779296875,76712000
2017-05-25,35.63603058464801,35.779754707038926,35.47376483723376,35.66848373413086,76942400
2017-05-26,35.6986131398825,35.754248615544256,35.538664242341355,35.60820770263672,87710400
2017-05-30,35.56415998566432,35.798285957861246,35.543298010712775,35.62211227416992,80507600
2017-05-31,35.69166548354051,35.738026619591665,35.323089676811115,35.41117477416992,97804800
2017-06-01,35.50621665902392,35.54330698193968,35.28599861454439,35.5085334777832,65616400
2017-06-02,35.601254594855675,36.03473663330078,35.441305693340496,36.03473663330078,111082800
2017-06-05,35.77743092616847,35.80293007954459,35.573441236287195,35.68238830566406,101326800
2017-06-06,35.675448366244765,36.11820495967747,35.647632383287004,35.80294418334961,106499600
2017-06-07,35.9350775185732,36.1576124586108,35.80989851981409,36.01620864868164,84278400
2017-06-08,35.98838879563472,36.05561192690346,35.79134950331921,35.92811965942383,85003200
2017-06-09,35.97446776937545,35.97446776937545,33.84877798018618,34.53493118286133,259530800
2017-06-12,33.78387455154509,33.8650056503976,33.035128278392655,33.709693908691406,289229200
2017-06-13,34.11305186150366,34.18027499117992,33.64711298089362,33.980918884277344,136661600
2017-06-14,34.19185432860384,34.19185432860384,33.34343187398011,33.64942169189453,126124800
2017-06-15,33.2228946180029,33.49179058864316,32.96558627709412,33.44774627685547,128661600
2017-06-16,33.32953433255747,33.49643727878537,32.963275285953394,32.9795036315918,201444400
2017-06-19,33.30170765461845,34.01568035362184,33.30170765461845,33.92295455932617,130165600
2017-06-20,34.04582370587389,34.04582370587389,33.59843354738136,33.61465835571289,99600400
2017-06-21,33.73288712449016,33.860382934814176,33.52193983260215,33.81401824951172,85063200
2017-06-22,33.790822587045554,34.006403410215725,33.640144509237814,33.75836944580078,76425200
2017-06-23,33.64247838816975,34.11305089394243,33.63784121266299,33.9090576171875,141757600
2017-06-26,34.115361889100086,34.37267026030625,33.70042494885919,33.80242156982422,102769600
2017-06-27,33.614647593467595,33.88123027016685,33.29243297786767,33.31793212890625,99047600
2017-06-28,33.494121161794965,33.86965103011628,33.1858144223585,33.804744720458984,88329600
2017-06-29,33.545121327163834,33.642480797005575,32.981822956565935,33.30635452270508,125997600
2017-06-30,33.48483861282625,33.60306356993053,33.329526871517864,33.385162353515625,92096400
2017-07-03,33.58452342864035,33.681882883841496,33.171903269256724,33.264625549316406,57111200
2017-07-05,33.308671605490986,33.563659657502356,33.08381635064818,33.40139389038086,86278400
2017-07-06,33.15334724304407,33.264614650084305,33.01194351315096,33.08612060546875,96515200
2017-07-07,33.12554468906654,33.55439327181347,33.12554468906654,33.42226028442383,76806800
2017-07-10,33.406029337936204,33.832557485774224,33.234489228921056,33.62624740600586,84362400
2017-07-11,33.549743284648756,33.809371984292305,33.46861218992629,33.735191345214844,79127200
2017-07-12,33.814007302855764,33.885867589830724,33.57061046945743,33.78387451171875,99538000
2017-07-13,33.728236284050766,34.42134701782428,33.714328298946185,34.25444412231445,100797600
2017-07-14,34.300805579062285,34.61606621390877,34.15244784131849,34.5488395690918,80528400
2017-07-17,34.497843659573356,34.98000363842423,34.439891364919156,34.66938018798828,95174000
2017-07-18,34.58593518919041,34.801519604796255,34.46307658459224,34.7899284362793,71475200
2017-07-19,34.882656407161114,35.100557677206574,34.75979778249779,35.007835388183594,83692000
2017-07-20,35.119092534905725,35.17472801426754,34.81542305978523,34.85019302368164,68974800
2017-07-21,34.76906282384856,34.87337625535041,34.511754473009255,34.83396911621094,105010400
2017-07-24,34.905836319982505,35.33700165449248,34.74820419505378,35.25586700439453,85972800
2017-07-25,35.18864248543714,35.661531767224204,35.18864248543714,35.40654373168945,75415600
2017-07-26,35.54794902279812,35.68239527179852,35.48072236116956,35.573448181152344,63124000
2017-07-27,35.640671397877796,35.69630689001143,34.145502475929085,34.90119934082031,129905200
2017-07-28,34.745877238886,34.82469150979215,34.58361152315942,34.65547180175781,68854800
2017-07-31,34.74820615187898,34.84788597153069,34.337906314401316,34.47698974609375,79383600
2017-08-01,34.56275240057083,34.82237756717428,34.40280349002849,34.7829704284668,141474400
2017-08-02,36.9225738380496,37.031524459021355,36.19933017298446,36.4265022277832,279747200
2017-08-03,36.40563382968727,36.442724148827494,35.93506145911916,36.062557220458984,108389200
2017-08-04,36.17846647449858,36.4867696228177,36.09037783947713,36.25264358520508,82239600
2017-08-07,36.40795161489137,36.83911685924383,36.31754617029138,36.81361770629883,87481200
2017-08-08,36.7649403439506,37.51368306566703,36.68844288389249,37.10801696777344,144823600
2017-08-09,36.91794386102579,37.383882767511636,36.88317388462931,37.335201263427734,104526000
2017-08-10,37.211852254669694,37.235125628594886,35.985422861011024,36.145999908447266,163217200
2017-08-11,36.44389080716774,36.90234870358592,36.32054970315872,36.648681640625,105028400
2017-08-14,37.07686953006569,37.28398972674432,36.94421772100424,37.20021057128906,88490800
2017-08-15,37.388718367124,37.747104860028465,37.267703224278414,37.60747528076172,117862000
2017-08-16,37.68660088619419,37.81924917046181,37.270030943015655,37.456207275390625,110686400
2017-08-17,37.35614502406897,37.400362308938035,36.732454752422,36.73711013793945,111762400
2017-08-18,36.7371147660642,37.1187747531467,36.471814574446114,36.65333557128906,109712400
2017-08-21,36.65333306156558,36.744093553772515,36.09713341937052,36.585845947265625,105474000
2017-08-22,36.8232172080712,37.235131848429745,36.77434808609071,37.18393325805664,86418400
2017-08-23,37.01870426625459,37.344510248792105,36.97448697912045,37.23047637939453,77596400
2017-08-24,37.33519858208151,37.40734463100248,36.89768820902417,37.06524658203125,79275600
2017-08-25,37.153664881637,37.36544046820543,37.06523389078698,37.202537536621094,101920400
2017-08-28,37.2676997479055,37.70055815018912,37.21882709155933,37.57721710205078,103864000
2017-08-29,37.25840821357058,37.96121882682648,37.23513483389173,37.912349700927734,118067600
2017-08-30,38.11945542733169,38.1403993304265,37.84251864968543,38.014732360839844,109078400
2017-08-31,38.08223261794667,38.28702698837684,38.04499663222864,38.166011810302734,107140400
2017-09-01,38.35217482019203,38.38475540858457,38.0798934276935,38.177635192871094,66364400
2017-09-05,38.10781838765025,38.22417813845223,37.36544260937073,37.71917724609375,117874000
2017-09-06,37.86579516412337,37.93095634650661,37.35613884039739,37.67961883544922,86606800
2017-09-07,37.72151613836938,37.75642620622918,37.3189122563899,37.528358459472656,87714000
2017-09-08,37.43526530665827,37.50275241073847,36.8930283529123,36.91630172729492,114446000
2017-09-11,37.35147850579891,37.712194428986784,37.20951947348694,37.584197998046875,126323200
2017-09-12,37.8425276303422,38.156700455393946,36.94888537604294,37.43526840209961,286856000
2017-09-13,37.204866024990814,37.22581347915636,36.748737785023984,37.15366744995117,179629600
2017-09-14,37.00009425064771,37.09550659759034,36.79064445870469,36.834861755371094,95042800
2017-09-15,36.8790750546748,37.4608740508664,36.76969655930923,37.207210540771484,196458400
2017-09-18,37.260726299857986,37.35148677989925,36.769687920399264,36.92560958862305,113077600
2017-09-19,37.12109617014794,37.181605529105575,36.87208808457367,36.9395751953125,83242400
2017-09-20,36.74640344940207,36.83018260191224,35.79923703867889,36.32052993774414,211805600
2017-09-21,36.25770088768065,36.25770088768065,35.547905661807576,35.69684600830078,150046800
2017-09-22,35.26632123764253,35.436209076440605,35.038257058745195,35.347774505615234,186581600
2017-09-25,34.905600646477254,35.33380369340839,34.712443026705316,35.03592300415039,177549200
2017-09-26,35.32216558216474,35.820185172327,35.301221679316356,35.63866424560547,146640000
2017-09-27,35.792266285759226,36.006367838372455,35.73175693216047,35.892333984375,102016800
2017-09-28,35.81321610520499,35.90397659956962,35.536279236215236,35.67125701904297,88022000
2017-09-29,35.654965265399625,35.86906683396908,35.373373036019935,35.866737365722656,105199200
2017-10-02,35.89932455119889,35.94354184377283,35.54093792631735,35.79460144042969,74795200
2017-10-03,35.84111825703308,36.0924556684043,35.817848444564476,35.950496673583984,64921200
2017-10-04,35.752702571137206,35.80622706881335,35.480421146847824,35.71779251098633,80655200
2017-10-05,35.88070024890902,36.17392916873495,35.85044912063934,36.16229248046875,85135200
2017-10-06,36.06452906900521,36.185544162587526,35.96911325385346,36.141326904296875,69630400
2017-10-09,36.26003224743813,36.47413380572226,36.185563838522064,36.26701354980469,65051600
2017-10-10,36.31820750231765,36.769683936536744,36.0947987530455,36.28097152709961,62468000
2017-10-11,36.29726179228331,36.53230721599602,36.24606321665989,36.4322395324707,67622400
2017-10-12,36.38569824724422,36.62306960009468,36.24140973064828,36.30424499511719,64500400
2017-10-13,36.4741319138063,36.602128368918095,36.39966350875292,36.53464126586914,65576800
2017-10-16,36.74642317905386,37.235135756262515,36.68824327943471,37.207210540771484,96486000
2017-10-17,37.18391306421631,37.43757640992971,37.05591665779585,37.34449005126953,75989200
2017-10-18,37.33286744361,37.40035809744781,37.142039271107095,37.17927169799805,65496800
2017-10-19,36.47878992922829,36.555587807833106,36.07618609686236,36.29959487915039,170336800
2017-10-20,36.44620593110323,36.7115060546875,36.294939656198025,36.3624267578125,95896400
2017-10-23,36.511377056753496,36.69755344264754,36.187896962282544,36.34381866455078,87937200
2017-10-24,36.37173209112569,36.6347062841316,36.350788186643285,36.560237884521484,71028800
2017-10-25,36.51602560804627,36.66496597867976,36.1343656863593,36.39966583251953,84828400
2017-10-26,36.59050912967497,36.73014233838277,36.48578599865413,36.63240051269531,68002000
2017-10-27,37.069899345498754,38.072923691360785,36.93259564921112,37.94492721557617,177816800
2017-10-30,38.140414349342386,39.113184104676954,38.10085244424537,38.79901123046875,178803200
2017-10-31,39.07360901783604,39.480868209419874,38.850200249880324,39.33890914916992,144187200
2017-11-01,39.53206909593334,39.54836116903505,38.54068508443468,38.838565826416016,134551200
2017-11-02,38.7710732897482,39.21323895548593,38.46388182014831,39.12247848510742,165573600
2017-11-03,40.49319471276325,40.5537005069561,39.82296138808833,40.14411544799805,237594400
2017-11-06,40.11386250903352,40.72359006586679,39.962596241505004,40.55137634277344,140105200
2017-11-07,40.47224790732671,40.784091175914,40.4001054326106,40.68169403076172,97446000
2017-11-08,40.6467947443134,41.01449203491211,40.569996871813196,41.01449203491211,97638000
2017-11-09,40.751511018265454,40.981904597285485,40.293053327832816,40.93070602416992,117930400
2017-11-10,40.89800373632071,40.961064873351376,40.70181749198398,40.79523849487305,100582000
2017-11-13,40.52198037012979,40.75553645295474,40.49862333633409,40.631752014160156,67928400
2017-11-14,40.41454649338158,40.51731174890266,39.98013199926824,40.01750183105469,99130000
2017-11-15,39.697549946332956,39.779296046680344,39.32619642168398,39.48968505859375,116632400
2017-11-16,39.98014147006068,40.14129578950477,39.77461447411509,39.96146011352539,94550000
2017-11-17,39.947450751243814,40.029196846494386,39.62047349781109,39.739585876464844,87598000
2017-11-20,39.77227289530339,39.83533404998422,39.60177791360881,39.69987106323242,65049600
2017-11-21,39.88670803830507,40.568691381024394,39.88670803830507,40.43790054321289,100525200
2017-11-22,40.48930001481048,40.872332012259704,40.41689816830858,40.86299133300781,102355600
2017-11-24,40.895674102034114,40.98909511553058,40.79057100712156,40.86531066894531,56106800
2017-11-27,40.88399784374668,40.891004241956935,40.48461532684453,40.65978240966797,82867200
2017-11-28,40.70883524443442,40.84196038887473,40.13895770201275,40.42156219482422,105715200
2017-11-29,40.31879956588713,40.38652928174377,39.04124713233191,39.58309555053711,166665600
2017-11-30,39.80497053343879,40.20435309391894,39.34019610378886,40.13662338256836,166108800
2017-12-01,39.69285874389665,40.094575523647414,39.35420310942091,39.949771881103516,159037200
2017-12-04,40.28376571592841,40.3164634359694,39.61813279428302,39.6578369140625,130169600
2017-12-05,39.48499753144079,40.05954716131824,39.33084963515859,39.620460510253906,109400800
2017-12-06,39.12064775552423,39.751248528976014,38.877750973345655,39.47331619262695,114240000
2017-12-07,39.47800111708906,39.80731618867309,39.449975515689395,39.54573440551758,102693200
2017-12-08,39.81898887304468,39.93810122531584,39.42895053434626,39.557403564453125,93420800
2017-12-11,39.517688913732236,40.379511438557756,39.4219300634665,40.328128814697266,141095200
2017-12-12,40.206681105510164,40.262735852355064,40.04553039042469,40.10158157348633,77636800
2017-12-13,40.288431418755565,40.53132821982413,40.171653356672216,40.23471450805664,95273600
2017-12-14,40.265060838532655,40.435559317755036,40.089893804321314,40.2230224609375,81906000
2017-12-15,40.55234380130759,40.67846251796855,40.279083612056354,40.631752014160156,160677200
2017-12-18,40.84430077348899,41.38614918992754,40.839628652615616,41.203975677490234,117684400
2017-12-19,40.87932873423201,40.963409082730685,40.659785404053046,40.76488494873047,109745600
2017-12-20,40.841962836989474,40.970419432330885,40.463603014151154,40.720516204833984,93902400
2017-12-21,40.67846279226364,41.11054297391652,40.662115719522824,40.87464904785156,83799600
2017-12-22,40.797575112345655,40.970407897763415,40.75553672776954,40.87464904785156,65397600
2017-12-26,39.89139010250902,40.04787229131358,39.62980479789167,39.83767318725586,132742000
2017-12-27,39.7278951035987,39.88671154525252,39.63680836470116,39.84467315673828,85992800
2017-12-28,39.93810218946852,40.13662634516373,39.8166519919685,39.956787109375,65920800
2017-12-29,39.825981859948776,39.842328931601955,39.52235825767359,39.52469253540039,103999600
2018-01-02,39.741921687648436,40.24173178593631,39.53171898080042,40.23238754272461,102223600
2018-01-03,40.29543222534164,40.76721652854548,40.16230710620868,40.225364685058594,118071600
2018-01-04,40.29778000963884,40.51498910093852,40.19034616714233,40.41222381591797,89738400
2018-01-05,40.50797131518301,40.958732886034994,40.4168845770232,40.872318267822266,94640000
2018-01-08,40.720516204833984,41.014795671065556,40.622419485639426,40.720516204833984,82271200
2018-01-09,40.767222018194126,40.886334358066584,40.500968180291736,40.71583938598633,86336000
2018-01-10,40.442577393297114,40.708831219637595,40.405207559899,40.70649337768555,95839600
2018-01-11,40.77656694044623,40.98676961148585,40.753213463964485,40.937721252441406,74670800
2018-01-12,41.14791003371474,41.42350807179687,41.024125591694585,41.36044692993164,101672400
2018-01-16,41.54963226482539,41.897632166104536,41.13857477715793,41.15025329589844,118263600
2018-01-17,41.1409054898702,41.86493082363039,40.88866803861023,41.829898834228516,137547200
2018-01-18,41.89295510663197,42.063453619817594,41.63137342384646,41.86726379394531,124773600
2018-01-19,41.71545572653174,41.942005431691854,41.43518911550599,41.680423736572266,129700400
2018-01-22,41.4094993089481,41.52160524468248,41.24601074354723,41.33943176269531,108434400
2018-01-23,41.40951228927758,41.90932238233677,41.297406318402174,41.348785400390625,130756400
2018-01-24,41.39782603750043,41.40950455731997,40.45192295265972,40.69015121459961,204420400
2018-01-25,40.75789200828895,40.86065730858535,39.828339311236206,39.963802337646484,166116000
2018-01-26,40.171637494718674,40.171637494718674,39.7185382225382,40.057193756103516,156572000
2018-01-29,39.74190727721749,39.74190727721749,39.020219775428046,39.228084564208984,202561600
2018-01-30,38.66054294724928,39.09028533816567,38.466690946570125,38.996864318847656,184192800
2018-01-31,38.97349918316555,39.340183913545225,38.887084580064766,39.10429000854492,129915600
2018-02-01,39.043573419865425,39.38222905740429,38.947814562060074,39.18604278564453,188923200
2018-02-02,38.77031058908623,38.9571561721517,37.3923310960717,37.48575210571289,346375200
2018-02-05,37.158768125569104,38.275165733780575,36.43474296171438,36.54918670654297,290954000
2018-02-06,36.161485881964886,38.2377991521167,35.967633920841486,38.07664489746094,272975200
2018-02-07,38.09067604426711,38.16307788891762,37.151782778833194,37.26155090332031,206434400
2018-02-08,37.43671508461974,37.602541525249535,36.208210973651525,36.236236572265625,217562000
2018-02-09,36.834242677970956,37.02653773955902,35.23254959078114,36.679466247558594,282690400
2018-02-12,37.169571058398745,38.43357083958652,36.937406518800216,38.15685272216797,243278000
2018-02-13,37.97863712192877,38.63526140008167,37.90828388171339,38.53911209106445,130196800
2018-02-14,38.23423149837837,39.28951884398535,38.19671289005219,39.24965286254883,162579600
2018-02-15,39.81717442105685,40.59105275486671,39.63191438389785,40.567604064941406,204588800
2018-02-16,40.419873196869226,40.99676550996885,40.281514081763,40.43628692626953,160704400
2018-02-20,40.34716340675717,40.86542487019202,40.19942199726563,40.300262451171875,135722000
2018-02-21,40.530077297539975,40.832591485159895,40.103270396242934,40.11734390258789,149886400
2018-02-22,40.28853119697347,40.79272266748071,40.26742630638958,40.45268630981445,123967600
2018-02-23,40.72705740545594,41.19138285319156,40.696570180367445,41.15620803833008,135249600
2018-02-26,41.355556051046115,42.06845998293298,41.322725019544364,41.969966888427734,152648800
2018-02-27,42.00044873820776,42.32406784199246,41.7800103071155,41.833946228027344,155712400
2018-02-28,42.03797696075021,42.35690854658368,41.75422378396798,41.77063751220703,151128400
2018-03-01,41.869113560517185,42.15990516330248,40.490207082637184,41.03895568847656,195208000
2018-03-02,40.523037728074755,41.34381683422894,40.44095838613417,41.32271194458008,153816000
2018-03-05,41.08821589148542,41.68152182188647,40.92640453259168,41.46577453613281,113605600
2018-03-06,41.72137939673423,41.8011113730967,41.30395484011507,41.43058776855469,95154000
2018-03-07,41.02490035167319,41.23830385594145,40.867780151986494,41.04600524902344,126814000
2018-03-08,41.15151281411502,41.53610625804834,41.05536713686603,41.493896484375,95096400
2018-03-09,41.73310572752255,42.21150116628257,41.599434256238936,42.206809997558594,128740800
2018-03-12,42.27950414137444,42.771973052888505,42.26074662437796,42.61485290527344,128828400
2018-03-13,42.81889011225261,43.03229362608752,42.033289078601506,42.2044792175293,126774000
2018-03-14,42.286545617307205,42.333446569678834,41.69792739335634,41.84566879272461,117473600
2018-03-15,41.85973790071512,42.26778369281401,41.758901034006826,41.89491271972656,90975200
2018-03-16,41.894914950049724,42.005134159904195,41.653371637810366,41.74717712402344,157618800
2018-03-19,41.58303340390642,41.61820823444028,40.72473175573631,41.10932540893555,133787200
2018-03-20,41.095252990722656,41.46108551940185,41.024899755596465,41.095252990722656,78597600
2018-03-21,41.048335598889736,41.06006173079245,40.161894417403104,40.164241790771484,148219600
2018-03-22,39.866427764434306,40.494908555129875,39.53811743769994,39.596744537353516,165963200
2018-03-23,39.488858804240465,39.847656274311774,38.679805755615234,38.679805755615234,164115200
2018-03-26,39.413814288272604,40.5933908285116,39.03156458909685,40.5160026550293,150164800
2018-03-27,40.729408432396,41.07413599250078,39.14413327762529,39.477134704589844,163690400
2018-03-28,39.221523214294066,39.87111237349299,38.73843656517135,39.040950775146484,166674000
2018-03-29,39.35284871600534,40.27681225973409,39.139445242034746,39.3458137512207,153594000
2018-04-02,39.07847753168714,39.61784753834901,38.56959476044656,39.08785629272461,150347200
2018-04-03,39.31298741613807,39.57329187918707,38.66574553048491,39.488868713378906,121112000
2018-04-04,38.665740123117175,40.337782321799516,38.63994405999684,40.243980407714844,138422000
2018-04-05,40.47145246165548,40.85838981728814,40.354198283789394,40.52304458618164,107732800
2018-04-06,40.09389465436021,40.448000990287476,39.444305494278204,39.48651885986328,140021200
2018-04-09,39.83828875541759,40.59105872724588,39.83125378957353,39.87815475463867,116070800
2018-04-10,40.569939661507654,40.804447983250476,40.225212142280675,40.62856674194336,113634400
2018-04-11,40.389384621884204,40.785704428602784,40.26509544417317,40.43863296508789,89726400
2018-04-12,40.66609779258834,41.03896524660504,40.579327261385,40.83728790283203,91557200
2018-04-13,40.98736929116872,41.235947570635815,40.76927824238423,40.975643157958984,100497200
2018-04-16,41.04599859592581,41.318029156505595,40.99909763886708,41.23126220703125,86313600
2018-04-17,41.38838883364353,41.96293369838951,41.36962773223247,41.79877853393555,106421600
2018-04-18,41.69793634802571,41.93479211258438,41.479845262421385,41.70497131347656,83018000
2018-04-19,40.748170603828946,41.13042036873271,40.49021355951167,40.52304458618164,139235200
2018-04-20,40.00713798588537,40.15253206159745,38.794726302460546,38.862735748291016,261964400
2018-04-23,39.12303532985958,39.14414022627035,38.480481049834914,38.75016784667969,146062000
2018-04-24,38.85099935886724,39.00577573441421,37.80743787824953,38.210792541503906,134768000
2018-04-25,38.135756883915896,38.79238115437606,38.086512121162166,38.37730026245117,113528400
2018-04-26,38.48750736007461,38.86506592809909,38.311626106242954,38.51095962524414,111852000
2018-04-27,38.45938306439938,38.536771276792585,37.66909078917335,38.06541061401367,142623200
2018-04-30,38.02084726576304,39.22387290010459,37.95283782728673,38.75485610961914,169709600
2018-05-01,39.02454819320878,39.678825130035804,38.75720872957957,39.65537643432617,214277600
2018-05-02,41.0928987187872,41.6838607850088,40.75755348322687,41.407142639160156,266157600
2018-05-03,41.24534078445149,41.625243268091204,40.9076480975209,41.48219299316406,136272800
2018-05-04,41.80111545913781,43.20816562887036,41.78235436081041,43.10967254638672,224805200
2018-05-07,43.42625360003483,44.010180667150244,43.32541672929725,43.421566009521484,169805600
2018-05-08,43.38170126079182,43.67014553139931,43.07214851901718,43.630279541015625,113611200
2018-05-09,43.74753354962685,43.946863500783344,43.43563701372067,43.93748474121094,92844800
2018-05-10,44.02658988403787,44.64334428474215,44.00548141735058,44.565956115722656,111957200
2018-05-11,44.608334982631575,44.74251829708109,44.12809126580616,44.396461486816406,104848800
2018-05-14,44.49533599968654,44.617751562338626,44.22461293578099,44.29288101196289,83115200
2018-05-15,43.97036305701652,44.038634719363614,43.574871631970964,43.890323638916016,94780800
2018-05-16,43.80323618725819,44.36587231146577,43.78675557653705,44.29995346069336,76732400
2018-05-17,44.2575790253715,44.47180540297354,43.87150241585593,44.019813537597656,69176000
2018-05-18,44.06689787877009,44.212852583391616,43.81736102553501,43.85973358154297,73190800
2018-05-21,44.257565067189745,44.55654004976447,44.000966216938714,44.17046356201172,73603200
2018-05-22,44.347044933215415,44.46475128151072,43.97038318182537,44.05984115600586,60962800
2018-05-23,43.8691376602585,44.37527329280147,43.73024150191058,44.342315673828125,80233600
2018-05-24,44.438839272394304,44.45531628715076,43.836183567201495,44.29288101196289,92936000
2018-05-25,44.311719588330504,44.64600510130118,44.17517982802782,44.39411544799805,69844000
2018-05-29,44.16341457064285,44.43413768126005,43.991560749846364,44.23403549194336,90056400
2018-05-30,44.191676034439354,44.25759130859375,43.9703875031583,44.13988494873047,74762000
2018-05-31,44.073953934274336,44.31171940312337,43.819707856715965,43.99155807495117,109931200
2018-06-01,44.255218470622694,44.789602516532064,44.19871815026651,44.78489685058594,93770000
2018-06-04,45.11447741480749,45.5335116194763,45.04620933090354,45.15920639038086,105064800
2018-06-05,45.45111359451901,45.65592141239806,45.283969063620134,45.50761032104492,86264000
2018-06-06,45.582948159321724,45.68888312315127,45.18039098623548,45.665340423583984,83734400
2018-06-07,45.70301712912846,45.71714131505994,45.27927359062222,45.542938232421875,85388800
2018-06-08,45.0038250576677,45.199217941279684,44.67424886369031,45.12859344482422,106627200
2018-06-11,45.04621918925717,45.19217390602885,44.77784886919592,45.017967224121094,73234000
2018-06-12,45.05562343493012,45.342827132957446,44.99912311016498,45.265140533447266,67644400
2018-06-13,45.29809849342999,45.406389885336665,44.83198248503108,44.8931884765625,86553600
2018-06-14,45.0932884397997,45.097997698028564,44.780189221644086,44.91672897338867,86440400
2018-06-15,44.73546388316103,44.76606867596771,44.31878250278761,44.455322265625,246876800
2018-06-18,44.22933055748837,44.54478265155956,44.06924808496244,44.431785583496094,73939600
2018-06-19,43.58430556539846,43.864447243052155,43.18645754198187,43.713783264160156,134314000
2018-06-20,43.869146633345196,44.06924522085797,43.72318835479916,43.904457092285156,82514800
2018-06-21,44.081020718622625,44.33997608225244,43.53721804711214,43.65963363647461,102847600
2018-06-22,43.81500332493383,43.82206541739633,43.48071777729794,43.532508850097656,108801600
2018-06-25,43.174676934564935,43.532505154775784,42.546125613973516,42.8851203918457,126652400
2018-06-26,43.07815742835521,43.91151653812936,42.9722188736952,43.41714859008789,98276800
2018-06-27,43.60548157163157,44.08807819397724,43.32298712678173,43.35359191894531,101141200
2018-06-28,43.33947202308176,43.836192877993625,43.2688475068545,43.66904830932617,69460800
2018-06-29,43.855021380811685,44.06689492297677,43.05932905932024,43.57723617553711,90950800
2018-07-02,43.27355775791656,44.09279282544298,43.17939053675064,44.06454086303711,70925200
2018-07-03,44.208145997523516,44.245812888772036,43.207642098451544,43.29710006713867,55819200
2018-07-05,43.6125501822098,43.88327690941216,43.381846770178385,43.6455078125,66416800
2018-07-06,43.650215786400146,44.35880661283061,43.59842471288167,44.250518798828125,69940800
2018-07-09,44.61068697897197,44.88847211826884,44.56360517815518,44.864933013916016,79026400
2018-07-10,44.89554734134358,45.02973068179138,44.770775334103476,44.81079864501953,63756400
2018-07-11,44.375282843511165,44.67661073672415,44.16576573663476,44.22932815551758,75326000
2018-07-12,44.61776340799935,45.0603403805497,44.56597233282379,44.970882415771484,72164400
2018-07-13,44.982654551959264,45.16156689252232,44.94027840238948,45.041507720947266,50055600
2018-07-16,45.08623263086396,45.352246488020654,44.82727727386679,44.942630767822266,60172400
2018-07-17,44.66955850910829,45.168632268930324,44.54008080949994,45.069759368896484,62138000
2018-07-18,45.14742990687452,45.15213916484989,44.71191514299197,44.82255935668945,65573600
2018-07-19,44.65543937405718,45.32871989607505,44.65543937405718,45.17099380493164,81147200
2018-07-20,45.147433688320305,45.30045046027843,44.76841921206279,45.0673942565918,82704800
2018-07-23,44.88848622384331,45.189817746404486,44.62482518272859,45.107421875,63957600
2018-07-24,45.305172719654614,45.59002366292814,45.211009077906645,45.43465042114258,74791600
2018-07-25,45.44875820521387,45.87014879141613,45.30044711048095,45.86308670043945,66839600
2018-07-26,45.81364220205502,46.13145062095991,45.57822962275092,45.719478607177734,76304000
2018-07-27,45.90310567181263,45.95018747493368,44.75193816376309,44.95909881591797,96096000
2018-07-30,45.17569090930291,45.24631543024671,44.50947619991051,44.70722198486328,84118000
2018-07-31,44.799033061459376,45.23219152416159,44.57303531146427,44.79667663574219,157492000
2018-08-01,46.877719260424044,47.49685204920368,46.449266539565365,47.435646057128906,271742800
2018-08-02,47.21907165683549,49.05529111870741,47.16492775096106,48.82223129272461,249616000
2018-08-03,48.73748795931409,49.14004523178112,48.372597578609025,48.96348571777344,133789600
2018-08-06,48.965830589860516,49.26009639869382,48.74689855230227,49.21772384643555,101701600
2018-08-07,49.27658070828396,49.318953263723905,48.67392126916684,48.756317138671875,102349600
2018-08-08,48.50677405071217,48.921098994216976,48.14659300734389,48.789268493652344,90102000
2018-08-09,49.32601330988609,49.384866473630254,48.77750139273708,49.172996520996094,93970400
2018-08-10,48.98635970869857,49.397415528202615,48.82335475260716,49.026519775390625,98444800
2018-08-13,49.44703548083893,49.83446612894163,49.06669169299889,49.34309005737305,103563600
2018-08-14,49.64783817493935,49.742332045788096,49.198983276632525,49.55097961425781,82992000
2018-08-15,49.42576875498392,49.78485191739147,49.21551684900846,49.66673278808594,115230400
2018-08-16,50.02344855362679,50.51009876327454,49.95730213317231,50.394344329833984,114001600
2018-08-17,50.42269622366473,51.48812950883822,50.35654979736229,51.40072250366211,141708000
2018-08-20,51.523571270388054,51.778705445399396,50.81721750232455,50.89990234375,121150800
2018-08-21,51.21646377979151,51.30859657191745,50.56208268434248,50.800682067871094,104639200
2018-08-22,50.57862151592245,51.11251877669157,50.51719725085432,50.80304718017578,76072400
2018-08-23,50.708547149487345,51.27552120432041,50.696738118838695,50.90699005126953,75532800
2018-08-24,51.16920724931565,51.240075841735475,50.81721095322185,51.06526184082031,73905600
2018-08-27,51.29913331813298,51.67475486622444,51.10541983221715,51.48576354980469,82100400
2018-08-28,51.738537694761895,52.09998192790679,51.71727711744975,51.90154266357422,91107200
2018-08-29,52.00785590995711,52.796894504886076,51.83304188973848,52.67641067504883,109019200
2018-08-30,52.74018653315402,53.92373880558673,52.53938258935229,53.16069030761719,195175200
2018-08-31,53.510339681399174,54.06786225157614,53.38985943788561,53.77492904663086,173360400
2018-09-04,53.95918507117456,54.14108594690396,53.53868123150636,53.94737243652344,109560400
2018-09-05,54.0962064940442,54.25684679851635,53.177239704245125,53.59537887573242,133332000
2018-09-06,53.44418486745145,53.70877419122638,52.279531881836945,52.70476150512695,137160000
2018-09-07,52.40946516440661,53.2410213353136,52.140153662691596,52.27953338623047,150479200
2018-09-10,52.19684688336243,52.40946349671516,51.13850040561501,51.577903747558594,158066000
2018-09-11,51.50230096312733,52.98824161403199,51.15975621240195,52.881935119628906,142996000
2018-09-12,53.139433921586026,53.15360764020319,51.93461737319087,52.22519302368164,197114800
2018-09-13,52.80397358083536,53.94500473781186,52.57954796881852,53.48670196533203,166825600
2018-09-14,53.33078593842304,53.58828477062552,52.56773738592069,52.87957000732422,127997200
2018-09-17,52.48033058839213,52.66932192659372,51.327490274311316,51.471595764160156,148780400
2018-09-18,51.450330521211534,52.409460912019995,51.29205131507944,51.556640625,126286800
2018-09-19,51.61806488301106,51.88265060670735,50.86210309765727,51.58735275268555,108495200
2018-09-20,52.02911525185576,52.51103971221684,51.77161281099577,51.9795036315918,106435200
2018-09-21,52.15667886190373,52.29369747504303,51.33220609833967,51.41961669921875,384986800
2018-09-24,51.221187301371494,52.27008227145814,51.176301449926825,52.15904998779297,110773600
2018-09-25,51.91336225823483,52.638615511284215,51.901549623240875,52.489784240722656,98217600
2018-09-26,52.2086662958462,52.85832164568139,51.915729494952,52.07164764404297,95938800
2018-09-27,52.87484932822745,53.49379241878552,52.808699298788234,53.14179611206055,120724800
2018-09-28,53.103997129259895,53.35204802436929,52.922096263594824,53.328426361083984,91717600
2018-10-01,53.85050495893871,54.19777545284046,53.47252594568271,53.6875,94403200
2018-10-02,53.68514003040311,54.334795190286975,53.53867347513633,54.164703369140625,99152800
2018-10-03,54.346615881992015,55.15455034988667,54.28283053842638,54.82381820678711,114619200
2018-10-04,54.51906176461063,54.88995753864966,53.562296153667,53.85995864868164,128168000
2018-10-05,53.85287945813357,53.95918596232943,52.10943981236538,52.98588180541992,134322000
2018-10-08,52.49450978403178,53.10636606409156,52.01966853422493,52.863040924072266,118655600
2018-10-09,52.832330220069366,53.68987635310737,52.50395914620055,53.59537887573242,107564000
2018-10-10,53.262284289555225,53.47253621494058,51.03928120567304,51.11251449584961,167962400
2018-10-11,50.67784288571244,51.854308651260354,50.158119328600904,50.66130447387695,212497600
2018-10-12,52.071635376118714,52.652783065490866,51.225901996474846,52.47087860107422,161351600
2018-10-15,52.24646498756588,52.404744221133875,51.32749811495075,51.348758697509766,123164000
2018-10-16,51.719643885984794,52.678774311748526,51.20700726110125,52.48033142089844,116736000
2018-10-17,52.51577231317345,52.59609246622275,51.81650539235959,52.25354766845703,91541600
2018-10-18,51.466862088668904,51.91099112455737,50.31874412087741,51.03218460083008,130325200
2018-10-19,51.51411607530205,52.27007781096182,51.36528481315141,51.80941390991211,132314800
2018-10-22,51.922819091236356,52.76619162916843,51.72201868080781,52.12598419189453,115168400
2018-10-23,50.98731622137371,52.74020409512803,50.7203657705427,52.61735916137695,155071200
2018-10-24,52.58664026806459,52.97170619640665,50.68255678665356,50.8124885559082,163702000
2018-10-25,51.431441351031665,52.29843547056509,51.20465099928753,51.92517852783203,119423200
2018-10-26,51.003845416593705,52.017309700274836,50.24079674850228,51.09834289550781,189033600
2018-10-29,51.78107281741949,51.89919196573982,48.68634968954274,50.139217376708984,183742000
2018-10-30,49.88170353497799,50.83374336526925,49.43757808963061,50.389617919921875,146640000
2018-10-31,51.23537408016574,52.07874310828037,51.17394980265574,51.703125,153435600
2018-11-01,51.74798949726561,52.52993752973202,51.21881451840618,52.496864318847656,233292800
2018-11-02,49.50373977519871,50.47231470672906,48.53043546332482,49.01472473144531,365314800
2018-11-05,48.263483105324866,48.28474368617873,46.8153412419974,47.62327575683594,264654800
2018-11-06,47.701232888220325,48.36270079071048,47.64689909334055,48.138275146484375,127531600
2018-11-07,48.658004808488826,49.624218627473745,48.22332718492194,49.59823226928711,133697600
2018-11-08,49.77838793052821,49.8115765392993,49.01267698848203,49.425167083740234,101450400
2018-11-09,48.72821123325348,48.83725798808566,47.945904040896274,48.47218322753906,137463200
2018-11-12,47.17544226481076,47.37694685707779,45.9403449234574,46.03042984008789,204542000
2018-11-13,45.42829078480157,46.74398484568346,45.38561765122714,45.570526123046875,187531600
2018-11-14,45.966425098721565,46.1039218061146,44.07703636390938,44.28328323364258,243204000
2018-11-15,44.66020321846803,45.50888738331428,44.306978799247624,45.37613296508789,185915200
2018-11-16,45.160427535061785,46.22009769888961,44.91388401046676,45.878726959228516,147713200
2018-11-19,45.04187095116867,45.20781396279465,43.85418923515305,44.06043243408203,167701200
2018-11-20,42.28483516720722,43.019730332834,41.6068363013813,41.955318450927734,271300800
2018-11-21,42.607266330545094,42.73528217899109,41.853408888342784,41.90793228149414,124496800
2018-11-23,41.47172767156233,41.86525241632078,40.798470823102626,40.843509674072266,94496000
2018-11-26,41.30578126736825,41.47409365729359,40.36226968529681,41.3958625793457,179994000
2018-11-27,40.65859891607065,41.43142518724016,40.50925196099607,41.305782318115234,165549600
2018-11-28,41.89606521990837,42.97706991484424,41.46935188841063,42.894100189208984,184250000
2018-11-29,43.301835879212355,43.33502448357131,42.12600432124868,42.564571380615234,167080000
2018-11-30,42.74001553244895,42.74950006234562,41.96719274113221,42.33464050292969,158126000
2018-12-03,43.72854972102165,43.84233870656651,42.95809660695572,43.81389236450195,163210000
2018-12-04,42.89646264806565,43.2378332586359,41.78701178099935,41.88657760620117,165377200
2018-12-06,40.717864151099256,41.43379409773715,40.40020118769581,41.41957092285156,172393600
2018-12-07,41.1279855500533,41.36504811416553,39.89763026354484,39.94267272949219,169126400
2018-12-10,39.11531393068012,40.32196123166559,38.71941997527431,40.20580291748047,248104000
2018-12-11,40.69416374537951,40.72497942132242,39.589451243722934,39.97586441040039,189126800
2018-12-12,40.39545486304984,40.75579093217634,40.06831102170334,40.087276458740234,142510800
2018-12-13,40.41679401583242,40.909884536388844,40.19395464798327,40.525840759277344,127594400
2018-12-14,40.063568031120994,40.08253346781374,39.1816951199879,39.22910690307617,162814800
2018-12-17,39.221995872633826,39.909479397667184,38.57718548508604,38.86403274536133,177151600
2018-12-18,39.20540286647577,39.71508586552915,38.97070965657398,39.36897659301758,135366000
2018-12-19,39.35237697678329,39.696116895593,37.714274151347865,38.140987396240234,196189200
2018-12-20,38.024819921733545,38.43019834962624,36.815803457566034,37.17850875854492,259092000
2018-12-21,37.18563172221628,37.493813760545514,35.47167049927005,35.73243713378906,382978400
2018-12-24,35.120812505498044,35.92682728092065,34.75099553606444,34.807891845703125,148676800
2018-12-26,35.15637725808617,37.273344115545655,34.781817991073616,37.25912094116211,234330000
2018-12-27,36.94382990791601,37.16429997821352,35.575981488377714,37.01731872558594,212468400
2018-12-28,37.33735588609049,37.57916072752673,36.63802200723716,37.036285400390625,169165600
2018-12-31,37.58152295661812,37.77828529250411,37.095544041939455,37.39424514770508,140014000
2019-01-02,36.718624618520415,37.65739407159221,36.56216244012711,37.43692398071289,148158800
2019-01-03,34.132271979006546,34.54476220334319,33.66288904599464,33.70793151855469,365248800
2019-01-04,34.262650244247524,35.21564271315385,34.0895955946681,35.14689254760742,234428400
2019-01-07,35.2511999095662,35.282019198115606,34.587424056502364,35.068660736083984,219111200
2019-01-08,35.45507757862409,35.990841304732,35.20853409612209,35.7371826171875,164101200
2019-01-09,35.865187861824275,36.63327174603661,35.47166681895574,36.34405517578125,180396400
2019-01-10,36.15203452087651,36.50051671678858,35.763252130392665,36.4602165222168,143122800
2019-01-11,36.24212643871853,36.436515862873954,35.91734826183033,36.102256774902344,108092800
2019-01-14,35.7608918481196,35.860457698224735,35.37447868293772,35.55938720703125,129756800
2019-01-15,35.62338323611761,36.36301708581701,35.571229196224785,36.28715896606445,114843600
2019-01-16,36.28952853333001,36.95330426774839,36.270563098942425,36.730464935302734,122278800
2019-01-17,36.55503799084918,37.375275859702455,36.3321986546809,36.94856262207031,119284800
2019-01-18,37.33734824404253,37.42743316241718,36.977012187831065,37.1761474609375,135004000
2019-01-22,37.07895474729043,37.15481288318813,36.180485646601795,36.34169006347656,121576000
2019-01-23,36.54319754779106,36.77789081890716,35.96239491388877,36.48867416381836,92522400
2019-01-24,36.533702817587695,36.621414786971584,35.97186583784891,36.19944381713867,101766000
2019-01-25,36.85848448845611,37.48670242020263,36.58349467789878,37.39898681640625,134142000
2019-01-28,36.93196750675945,37.059983290146754,36.42702681111613,37.05287170410156,104768400
2019-01-29,37.04102463814137,37.48670340411951,36.53371090938889,36.6688346862793,166348800
2019-01-30,38.70045837079162,39.38793826706386,37.984528510908085,39.174583435058594,244439200
2019-01-31,39.37845685855858,40.06356742305423,39.01100921494888,39.456687927246094,162958400
2019-02-01,39.579962696906414,40.058826416325836,39.33578495633769,39.47565460205078,130672400
2019-02-04,39.68663891563872,40.69415466560486,39.655819629284345,40.59695816040039,125982000
2019-02-05,40.978636596011086,41.50491579851415,40.857735985761174,41.29155731201172,144406400
2019-02-06,41.402975219897854,41.6210759612757,40.97626549992744,41.305782318115234,112958400
2019-02-07,40.86958496796045,41.23466334560738,40.381236660330636,40.523475646972656,126966800
2019-02-08,40.23301477598845,40.630606697540095,40.09730785633489,40.57108688354492,95280000
2019-02-11,40.723463289570496,40.76155684785086,40.29491984092061,40.337772369384766,83973600
2019-02-12,40.49727895932219,40.71154881575849,40.40204508650543,40.685359954833984,89134000
2019-02-13,40.80439288315696,41.06389833254654,40.454416177620466,40.51631546020508,89960800
2019-02-14,40.40443489478929,40.77345486056133,40.325868299005165,40.6639404296875,87342800
2019-02-15,40.771069644079475,40.87820457497819,40.41395078588315,40.573463439941406,98507200
2019-02-19,40.404431905407954,40.81630799877144,40.35205417876045,40.69488525390625,75891200
2019-02-20,40.756786158494805,41.26389610818391,40.70917103649229,40.95677185058594,104457600
2019-02-21,40.90201766804449,41.03772095743167,40.54489877740289,40.72583770751953,68998800
2019-02-22,40.84963489456358,41.18770696667767,40.80201977491948,41.180564880371094,75652800
2019-02-25,41.463889012500914,41.8710025541568,41.413890764380966,41.480552673339844,87493600
2019-02-26,41.35674460959103,41.73528971312466,41.22817979112253,41.50435256958008,68280800
2019-02-27,41.237702941244116,41.663863142959855,41.12342230100702,41.632911682128906,111341600
2019-02-28,41.501978939190536,41.64244483272273,41.16866579075333,41.22342300415039,112861600
2019-03-01,41.49245157272372,41.69957935859273,41.1615215591532,41.6567268371582,103544800
2019-03-04,41.828155522119545,42.318598330809145,41.41865880882876,41.866249084472656,109744800
2019-03-05,41.887667694676146,41.90195186974716,41.55435453421323,41.79005432128906,78949600
2019-03-06,41.58530531623897,41.780532059793444,41.41150846773898,41.54959487915039,83241600
2019-03-07,41.39483575753706,41.53054266631523,40.95439134895012,41.068668365478516,99185600
2019-03-08,40.549673318415735,41.20439147735388,40.35444652364181,41.166297912597656,95997600
2019-03-11,41.780536704959346,42.64476207379975,41.74720574903715,42.592384338378906,128044000
2019-03-12,42.85426604222394,43.48993721924746,42.704274948579794,43.070919036865234,129870400
2019-03-13,43.38994425600369,43.63992820049974,43.07329841068218,43.261383056640625,124130000
2019-03-14,43.78276734320768,43.83038609370737,43.46374205854323,43.74229431152344,94318000
2019-03-15,44.0089593533073,44.59939499066683,43.74469118922754,44.311317443847656,156171600
2019-03-18,44.23511291014526,44.85173712199492,44.2327297933242,44.763648986816406,104879200
2019-03-19,44.84223009997764,44.99460068115345,44.263695608787415,44.4089241027832,126585600
2019-03-20,44.337505957977974,45.11364678234836,43.980387016546715,44.797000885009766,124140800
2019-03-21,45.23982042355803,46.74209992048173,45.18982218227039,46.44688034057617,204136800
2019-03-22,46.50641268259627,47.06590052792044,45.42077158365428,45.48505401611328,169630800
2019-03-25,45.594562296617404,45.706459850538906,44.42559577501445,44.93508529663086,175381200
2019-03-26,45.63027370922542,45.920730708925866,43.944672043567564,44.4708251953125,199202000
2019-03-27,44.937458102492236,45.17791683539124,44.413684482957166,44.87079620361328,119393600
2019-03-28,44.98508177475717,45.13031028908646,44.64700961396477,44.93032455444336,83121600
2019-03-29,45.19458762583912,45.2541074425039,44.887463337480106,45.2231559753418,94256000
2019-04-01,45.62551514479362,45.635036717993124,44.84937796457391,45.5302848815918,111448000
2019-04-02,45.494564556613646,46.29689412668294,45.485042984722554,46.192138671875,91062800
2019-04-03,46.00881734488018,46.782574945764324,45.98500796557863,46.508785247802734,93087200
2019-04-04,46.37545580304311,46.751621456363765,45.98262649117338,46.58972930908203,76457200
2019-04-05,46.770674624732635,46.92542833904499,46.64687237984307,46.90161895751953,74106400
2019-04-08,46.76353008781775,47.67061153128953,46.744483310155175,47.63966369628906,103526800
2019-04-09,47.69202998328842,48.2943701052345,47.43252087860452,47.496803283691406,143072800
2019-04-10,47.30158014519366,47.7920264154458,47.18254052900446,47.76345443725586,86781200
2019-04-11,47.818220384265864,47.8539308198169,47.2444485010714,47.365867614746094,83603200
2019-04-12,47.425375959218904,47.649170988682975,46.71352147552395,47.34680938720703,111042800
2019-04-15,47.27777178072152,47.58013340626442,47.14206488204458,47.43252182006836,70146400
2019-04-16,47.48729225090989,47.94202089049343,47.27301873067345,47.437294006347656,102785600
2019-04-17,47.50632721009765,48.42055419987631,47.28491527341734,48.36103439331055,115627200
2019-04-18,48.35864826177386,48.60386955891566,48.215802914600246,48.534828186035156,96783200
2019-04-22,48.28961339420896,48.791960743297345,48.17295325708763,48.6943473815918,77758000
2019-04-23,48.670555320472076,49.46098043384589,48.544373567149506,49.396697998046875,93292000
2019-04-24,49.36812218144555,49.63476982624294,49.29431818210354,49.32050704956055,70162400
2019-04-25,49.24192159000089,49.463333503237266,48.83480455776587,48.87289810180664,74172800
2019-04-26,48.7824365865248,48.806245964505955,48.12057656602047,48.639591217041016,74596400
2019-04-29,48.66339592546426,49.0371820815589,48.5348347323877,48.71339416503906,88818800
2019-04-30,48.34437705945112,48.4253231411779,47.403964648609836,47.775367736816406,186139600
2019-05-01,49.96807087208278,51.260839370967766,49.81331719006175,50.12044143676758,259309200
2019-05-02,49.958548639197176,50.627550746312075,49.55143515858325,49.794273376464844,127985200
2019-05-03,50.208535988797536,50.43471056370915,50.05140280221845,50.41328430175781,83569600
2019-05-06,48.63721663178776,49.72047812954347,48.44913559082613,49.634769439697266,129772400
2019-05-07,49.01575709573647,49.382397541879435,47.81345615806851,48.296756744384766,155054800
2019-05-08,48.06820277536153,48.88719603885827,48.03249233826774,48.30628204345703,105358000
2019-05-09,47.711082484966774,48.01582364863785,46.82066837319086,47.787269592285156,139634400
2019-05-10,47.18260069191322,47.52436694654239,46.07127049602343,47.125240325927734,164834800
2019-05-13,44.86195605399725,45.28497649247843,43.700434952267486,44.3863525390625,229722400
2019-05-14,44.55127083697869,45.33756652424248,44.31227469963762,45.089012145996094,146118800
2019-05-15,44.517797278142396,45.82749467057295,44.458048262926525,45.629127502441406,106178800
2019-05-16,45.387746348226955,45.999575728464684,45.13201879261702,45.428375244140625,132125600
2019-05-17,44.67554149512822,45.624356352136516,44.63491259367641,45.170265197753906,131516400
2019-05-20,43.860563641976256,44.05893083512368,43.086214994281725,43.75779342651367,154449200
2019-05-21,44.26685628541341,44.93126512693006,44.14257729693959,44.59667205810547,113459200
2019-05-22,44.133018185582294,44.38396480563618,43.62873629745547,43.6837043762207,118994400
2019-05-23,42.97150099629786,43.14835578247127,42.4958974279958,42.93804168701172,146118800
2019-05-24,43.067100347137895,43.53075340614285,42.68948603770904,42.773136138916016,94858800
2019-05-28,42.76119088661212,43.16031402104863,42.51980608701884,42.596282958984375,111792800
2019-05-29,42.163693385388605,42.86395388562777,42.0633154565731,42.393131256103516,113924800
2019-05-30,42.529360302870096,42.835275055359716,42.22344555038047,42.61301040649414,84873600
2019-05-31,42.118278060238815,42.53891349401557,41.821925255667836,41.84104537963867,108174400
2019-06-03,41.96772160988868,42.522190731499684,40.693871807776276,41.41802978515625,161584400
2019-06-04,41.92947519408972,42.978667897856404,41.70959922585788,42.933258056640625,123872000
2019-06-05,44.04219341380124,44.211882220098055,43.29174593521329,43.626338958740234,119093600
2019-06-06,43.75540564817583,44.326606171155184,43.5331373827937,44.2668571472168,90105200
2019-06-07,44.575153373485605,45.868122919848474,44.398298624873526,45.445098876953125,122737600
2019-06-10,45.84183945170739,46.69266494884902,45.796429611108664,46.0258674621582,104883600
2019-06-11,46.57078461142005,46.843240045404315,46.26965080968736,46.558834075927734,107731600
2019-06-12,46.353295595119384,46.83606876664861,46.219458354725056,46.4106559753418,73012800
2019-06-13,46.53254111697809,47.03204210337555,46.269647588406826,46.401092529296875,86698400
2019-06-14,45.779700067531756,46.26725046842475,45.48095496613412,46.06410598754883,75046000
2019-06-17,46.10234367212921,46.59467867410405,45.92787754991537,46.338951110839844,58676400
2019-06-18,46.85519036892868,47.86853159056381,46.65443450201509,47.42877960205078,106204000
2019-06-19,47.72273582766585,47.77053796142273,47.15631628119662,47.29015350341797,84496800
2019-06-20,47.88765353768087,47.945013921889384,47.328403467116104,47.670169830322266,86056000
2019-06-21,47.5124294115218,48.002372187149874,47.357079745361425,47.50764846801758,191202400
2019-06-24,47.45028461027407,47.837460776342034,47.361857219276544,47.45984649658203,72881600
2019-06-25,47.42399625849341,47.62236346699699,46.67354862052132,46.74047088623047,84281200
2019-06-26,47.26626485281565,48.03583267016002,47.165886917526144,47.751426696777344,104270000
2019-06-27,47.86852072527501,48.17443904653246,47.696446911829156,47.73707580566406,83598800
2019-06-28,47.483752150680864,47.679730739267214,47.09419091568719,47.30211639404297,124442400
2019-07-01,48.55684266357657,48.87231930153746,47.95457140270037,48.16967010498047,109012000
2019-07-02,48.136213847940695,48.5472875040307,48.12426331147925,48.45168685913086,67740800
2019-07-03,48.583124628476725,48.86036096665152,48.44211781134659,48.85319137573242,45448000
2019-07-05,48.59986654062499,49.013328841833136,48.49231536016307,48.8101806640625,69062000
2019-07-08,47.99280233879046,48.133809151047075,47.419213204341766,47.80399703979492,101354400
2019-07-09,47.60802314605108,48.160103562324515,47.51481481144376,48.095577239990234,82312000
2019-07-10,48.24135870655863,48.690668843168744,48.17204780331115,48.571170806884766,71588400
2019-07-11,48.590301633564366,48.84841788640936,48.207910021298474,48.21746826171875,80767200
2019-07-12,48.384769144576126,48.7552139011244,48.32502010793259,48.58791732788086,70380800
2019-07-15,48.776721106125294,49.20213394156513,48.75521232885727,49.04439926147461,67789600
2019-07-16,48.896215043761046,49.25949016524323,48.6357101496391,48.87470626831055,67467200
2019-07-17,48.76716152296089,49.01571589595333,48.58074483151867,48.5998649597168,56430000
2019-07-18,48.75521255390398,49.204526464021136,48.6835129825546,49.151947021484375,74162400
2019-07-19,49.18300733429522,49.35269617512712,48.36325243642237,48.41822052001953,83717200
2019-07-22,48.67155855676903,49.52716510710405,48.66200031652238,49.524776458740234,89111600
2019-07-23,49.821121688059655,49.928669188757965,49.54149308073725,49.91193771362305,73420800
2019-07-24,49.63231890602095,49.98603210762174,49.51282085781072,49.871315002441406,59966400
2019-07-25,49.92390758242252,50.00755769691462,49.407675002979154,49.476985931396484,55638400
2019-07-26,49.58691415556109,50.12465542771981,49.50565634966482,49.64905548095703,70475600
2019-07-29,49.82112193871518,50.34213161648365,49.81634099625393,50.112693786621094,86693600
2019-07-30,49.89282876718518,50.2274255237216,49.54628512206538,49.89760971069336,135742800
2019-07-31,51.72354141436402,52.90657151472246,50.49988240999392,50.915733337402344,277125600
2019-08-01,51.12125839181598,52.108313337109216,49.410049286192155,49.81394958496094,216071600
2019-08-02,49.12086968695259,49.335964725004594,48.18878632633897,48.759986877441406,163448400
2019-08-05,47.318834399217735,47.4765690378139,46.02586475285165,46.20750045776367,209572000
2019-08-06,46.917333133084945,47.33796868663929,46.374810857148454,47.08224105834961,143299200
2019-08-07,46.70222514662527,47.6940574258256,46.3222222523882,47.56977844238281,133457600
2019-08-08,47.84702769205936,48.64288529572493,47.653441397317536,48.61898422241211,108038000
2019-08-09,48.292707715938555,48.64296573649967,47.810498015760096,48.21833801269531,98478800
2019-08-12,47.889667686680966,48.47263670436005,47.776912437595854,48.095985412597656,89927600
2019-08-13,48.225529607627415,50.8932623822907,48.095979326471294,50.13276672363281,188874000
2019-08-14,48.738921717537906,49.52580693537661,48.60217461253329,48.640560150146484,146189600
2019-08-15,48.81090128055658,49.213938506270125,47.90166247767573,48.39826583862305,108909600
2019-08-16,49.00762317772249,49.69854835341414,48.90206475803103,49.54021072387695,110481600
2019-08-19,50.528608151230536,51.03480602660316,50.38706558899019,50.463836669921875,97654400
2019-08-20,50.590983470819914,51.18354695733414,50.45663774540958,50.46623229980469,107537200
2019-08-21,51.097189663129065,51.25552363068702,50.763723018625974,51.013221740722656,86141600
2019-08-22,51.14516837923141,51.44504857878068,50.559801644007706,50.97003936767578,89014800
2019-08-23,50.243125301638166,50.87167667544053,48.220735037045706,48.61417770385742,187272000
2019-08-26,49.38667048720254,49.70574345904227,49.194746427216245,49.537811279296875,104174400
2019-08-27,49.86647298576687,50.03200742242358,48.8276876557246,48.97882843017578,103493200
2019-08-28,48.96444154769402,49.35308512364201,48.77731659181928,49.30750274658203,63755200
2019-08-29,50.02002231545943,50.21674550325925,49.578599495883154,50.142372131347656,83962000
2019-08-30,50.418265900044815,50.48783650508239,49.70814788060656,50.07760238647461,84573600
2019-09-03,49.52341468933475,49.65536271132292,48.99322853822822,49.34828567504883,80092000
2019-09-04,49.993622833766814,50.255117463865645,49.73692731137663,50.185546875,76752400
2019-09-05,50.859678663980254,51.332290121775586,50.74212431527314,51.16675567626953,95654800
2019-09-06,51.35148311214848,51.4402464746383,50.982028677859134,51.161956787109375,77449200
2019-09-09,51.54101108118064,51.924859218012465,50.63657499459651,51.38027572631836,109237600
2019-09-10,51.30590901786626,52.006428796977275,50.79011648570887,51.98723602294922,127111600
2019-09-11,52.3159027038598,53.66896203989214,52.23433250615887,53.64017105102539,177158400
2019-09-12,53.930459461580966,54.31910305503912,53.465044774742466,53.52022171020508,128906800
2019-09-13,52.778914620535716,52.96843729417026,52.064001256565966,52.479034423828125,159053200
2019-09-16,52.23434450305529,52.810116824219136,52.19356122516146,52.75493621826172,84632400
2019-09-17,52.76931927731361,52.9756369959949,52.56779700604228,52.94684600830078,73274800
2019-09-18,53.0332094166562,53.46263988380928,52.64456587529819,53.44344711303711,101360000
2019-09-19,53.26112037335412,53.68095264649306,52.86767770380978,53.00922393798828,88242400
2019-09-20,53.10998156197395,53.393066700070236,52.17195546286078,52.23432922363281,221652400
2019-09-23,52.52701683843027,52.74053140147138,52.21514068797828,52.471839904785156,76662000
2019-09-24,53.026020089457724,53.37628179948727,52.10478892590082,52.22233963012695,124763200
2019-09-25,52.4310624868371,53.138779129113395,52.092796693735195,53.026023864746094,87613600
2019-09-26,52.77891493348246,53.00442542844722,52.498227506977486,52.752525329589844,75334000
2019-09-27,52.90845848244411,53.009221444627215,52.12637228824465,52.495826721191406,101408000
2019-09-30,52.99482339997101,53.8776725443419,52.968433797976715,53.73133087158203,103909600
2019-10-01,53.995230177972914,54.75092680553321,53.78651107289727,53.88007354736328,139223200
2019-10-02,53.513023851006665,53.63777504503247,52.282314281140316,52.5294189453125,138449200
2019-10-03,52.40225732926954,53.009218145622405,51.61057662923273,52.97563171386719,114426000
2019-10-04,54.131972438434296,54.57579658165948,53.71214017454711,54.46063995361328,138478800
2019-10-07,54.28312210645755,55.161168659930105,54.17996140120154,54.4726448059082,122306000
2019-10-08,54.17515885634394,54.71254182883536,53.817700342169445,53.83449172973633,111820000
2019-10-09,54.4654426574707,54.64776850627761,54.13197601227896,54.4654426574707,74770400
2019-10-10,54.68134539656082,55.283507092490474,54.53020828720955,55.19953918457031,113013600
2019-10-11,55.88568038276659,57.010831620665336,55.73214184744304,56.66777038574219,166795600
2019-10-14,56.3534933545323,57.12838653198092,56.29831641523806,56.58620071411133,96427600
2019-10-15,56.710945890847526,57.01322382343534,56.34869191650956,56.45425033569336,87360000
2019-10-16,55.986429471773434,56.43505271476371,55.94564620616464,56.22633361816406,73903200
2019-10-17,56.39906636796876,56.65336418407442,56.02241875184439,56.44464874267578,67585200
2019-10-18,56.27910911439278,56.9964237826621,56.20713714308924,56.715736389160156,97433600
2019-10-21,56.9820373510636,57.8145050826637,56.93405725098848,57.69934844970703,87247200
2019-10-22,57.85528996983772,58.104788693598735,57.48583550156147,57.567405700683594,82293600
2019-10-23,58.08079626535233,58.35428685033186,57.869679441632414,58.33988952636719,75828800
2019-10-24,58.65896880693914,58.72854306800209,58.011228263305284,58.43585968017578,69275200
2019-10-25,58.33509915752011,59.19155514531401,58.2679262824244,59.15557098388672,73477200
2019-10-28,59.35708964228901,59.796114715182654,59.18915745445604,59.74813461303711,96572800
2019-10-29,59.72894880191648,59.91607378454795,58.19356339041532,58.36629104614258,142839600
2019-10-30,58.71895284037512,58.84850316311702,57.8672958274746,58.35909652709961,124522000
2019-10-31,59.313902865640614,59.77691611414118,56.91965683308477,59.67855453491211,139162000
2019-11-01,59.865675001652114,61.39866224623704,59.774513921473265,61.372276306152344,151125200
2019-11-04,61.73453884355642,61.859293701624026,61.26673008968638,61.775325775146484,103272000
2019-11-05,61.66734989653974,61.94084410214537,61.49222457803436,61.686546325683594,79897600
2019-11-06,61.60018116678881,61.772912434200514,61.26431684718079,61.71293640136719,75864400
2019-11-07,62.259158538774514,62.64656766388103,62.107563983005626,62.42518997192383,94940400
2019-11-08,62.24713047943625,62.66822320552135,61.804382437202555,62.596038818359375,69986400
2019-11-11,62.15327203106168,63.156678888188175,62.148462187224695,63.091712951660156,81821200
2019-11-12,62.93530156134261,63.23368077605803,62.78371437532705,63.033958435058594,87388800
2019-11-13,62.83426608621174,63.71254389196474,62.81982920614928,63.6379508972168,102734400
2019-11-14,63.46469473113416,63.73660151760766,63.06766588203988,63.19760513305664,89182800
2019-11-15,63.44786501121118,63.953177918824956,63.28665071196899,63.948368072509766,100206400
2019-11-18,63.957958734167235,64.35017765749019,63.58018402978714,64.2707748413086,86703200
2019-11-19,64.46328376817914,64.4873476799983,63.859321438185184,64.07588195800781,76167200
2019-11-20,63.895401946077534,64.02533382823812,62.65858906891337,63.329933166503906,106234400
2019-11-21,63.450248664199975,63.527250234635154,62.84627906996454,63.04600143432617,121395200
2019-11-22,63.18556681769094,63.32753434710897,62.76447407435324,62.99066162109375,65325200
2019-11-25,63.214437064080556,64.1119687621998,63.16871783845167,64.09512329101562,84020400
2019-11-26,64.23228830416319,64.2852259744495,63.163915208039484,63.594635009765625,105207600
2019-11-27,63.90502379599888,64.48252822045184,63.84005785272113,64.44883728027344,65235600
2019-11-29,64.15044228636317,64.48731485051012,63.982002332654126,64.30684661865234,46617600
2019-12-02,64.31168527473677,64.5474998469269,63.392505582875074,63.56334686279297,94487200
2019-12-03,62.155696372325146,62.4492584727649,61.66963766381255,62.43001174926758,114430400
2019-12-04,62.81980005140597,63.35879623899096,62.72595303127878,62.981014251708984,67181600
2019-12-05,63.474320667525724,63.97963344094569,63.21925935829681,63.905033111572266,74424400
2019-12-06,64.36221509760516,65.20921031494399,64.31889712610206,65.1394271850586,106075600
2019-12-09,64.96859034566656,65.161086935307,63.7438129866393,64.22747039794922,128042400
2019-12-10,64.631710359752,64.98542849439848,63.97239456081009,64.60283660888672,90420400
2019-12-11,64.68226298413724,65.2332950747732,64.60766998614046,65.15388488769531,78756800
2019-12-12,64.43441196912849,65.58459649359327,64.3237267833271,65.31990814208984,137310400
2019-12-13,65.31990472745893,66.2439016435434,65.19237407521152,66.20780944824219,133587600
2019-12-16,66.65295849103184,67.56492701892114,66.64814864663275,67.34114074707031,128186000
2019-12-17,67.27137184882572,67.80074117462817,67.08608634301142,67.47349548339844,114158400
2019-12-18,67.32672325758145,67.83203610940059,67.16310038160984,67.31228637695312,116028400
2019-12-19,67.25450901811797,67.6587561829255,67.12216855664366,67.37963104248047,98369200
2019-12-20,67.91142590788041,68.01248404193913,67.02833114376412,67.24008178710938,275978000
2019-12-23,67.50234405909875,68.39746687445842,67.46384328450273,68.33731079101562,98572000
2019-12-24,68.50334817492838,68.55147598321106,68.07744571038954,68.40228271484375,48478800
2019-12-26,68.53463746360407,69.77626014178544,68.50576371301644,69.75941467285156,93121200
2019-12-27,70.05056661001181,70.73634754482153,69.32869348774332,69.73294067382812,146266000
2019-12-30,69.6511344086115,70.4283538378636,68.6308893370176,70.14682006835938,144114400
2019-12-31,69.76423961467027,70.66658123217782,69.6655827166298,70.65936279296875,100805600
2020-01-02,71.28257523373918,72.33170151465225,71.02992253216576,72.27154541015625,135480400
2020-01-03,71.50153415769186,72.32687403151142,71.34512977691992,71.56890869140625,146322800
2020-01-06,70.693043053502,72.17769145821572,70.44279162661955,72.13919067382812,118387200
2020-01-07,72.14880477383014,72.40386599931632,71.58093482826389,71.7999038696289,108872000
2020-01-08,71.50397539334378,73.25572141287309,71.50397539334378,72.95494079589844,132079200
2020-01-09,73.9294436077337,74.69703608624071,73.67919950094557,74.5045394897461,170108400
2020-01-10,74.73793929040194,75.2360335553344,74.17247048793807,74.67296600341797,140644800
2020-01-13,74.98819427311953,76.29478305034202,74.87028331939693,76.268310546875,121532000
2020-01-14,76.20574860255036,76.41509065064128,75.11572039023919,75.23843383789062,161954400
2020-01-15,75.0387288028542,75.91700649010697,74.48528821645434,74.91600799560547,121923600
2020-01-16,75.45740237331857,75.96512366006613,75.09646578451866,75.85443115234375,108829200
2020-01-17,76.10229529679785,76.69663800654283,75.79670487627278,76.6942367553711,137816400
2020-01-21,76.32365494902595,76.76399437532534,76.0373113220916,76.17446899414062,110843200
2020-01-22,76.65812393494353,76.99740524586852,76.35253356734525,76.44638061523438,101832400
2020-01-23,76.49931964228543,76.89393987673444,75.95309750344295,76.81453704833984,104472000
2020-01-24,77.05997452322455,77.8010945444288,76.40306717879187,76.5931625366211,146537600
2020-01-27,74.60799376962629,75.01945939831474,73.3615612587431,74.34090423583984,161940000
2020-01-28,75.21919986278621,76.61481864871986,75.120542963226,76.44397735595703,162234000
2020-01-29,78.07060092433913,78.8887225352215,77.33188214601793,78.04412841796875,216229200
2020-01-30,77.12974662934549,77.98396030536023,76.69902690059489,77.93102264404297,126743200
2020-01-31,77.22359674590982,77.64468949943712,74.18210776179268,74.47566986083984,199588400
2020-02-03,73.22201466798846,75.43335387455234,72.72151906032097,74.2711410522461,173788400
2020-02-04,75.87128624120515,76.91319410520111,75.46703897288427,76.72309875488281,136616400
2020-02-05,77.84681134417079,78.14519062464261,76.74716330264357,77.34872436523438,118826800
2020-02-06,77.61822667711162,78.25587996873817,77.06238481315839,78.25347137451172,105425600
2020-02-07,77.75420072606255,78.00263182401238,76.70017745261804,77.18980407714844,117684000
2020-02-10,75.77881695682719,77.55642700195312,75.69922566317109,77.55642700195312,109348800
2020-02-11,78.05085298718184,78.12320868151228,76.87140364468625,77.0884780883789,94323200
2020-02-12,77.53712126556233,78.92399545470602,77.53712126556233,78.91917419433594,113730400
2020-02-13,78.19318940786071,78.68281610162644,77.99058602016845,78.3572006225586,94747600
2020-02-14,78.32580849927255,78.62489586415948,77.86995292388279,78.37646484375,80113600
2020-02-18,76.06342045111482,77.12227238383039,75.8825237997063,76.94137573242188,152531200
2020-02-19,77.1825679577684,78.28483327298406,77.1825679577684,78.05569458007812,93984000
2020-02-20,77.81691831957885,78.30413066097421,76.75083079308737,77.25492858886719,100566000
2020-02-21,76.84971694338334,77.2911088758147,74.89121045948235,75.50625610351562,129554000
2020-02-24,71.69777437412706,73.36684305832843,69.76097486599113,71.91967010498047,222195200
2020-02-25,72.58778908763885,72.96887474112613,69.0132699904686,69.48359680175781,230673600
2020-02-26,69.10973846221914,71.84730854807512,69.10250289246999,70.58585357666016,198054800
2020-02-27,67.80006024068396,68.98191678336323,65.83672522986622,65.97179412841797,320605600
2020-02-28,62.04995543810668,67.151238688421,61.835287914284685,65.93319702148438,426510000
2020-03-02,68.08467796117681,72.70598547396882,66.98482686785387,72.07164001464844,341397200
2020-03-03,73.24384124809224,73.32343252495296,68.93367144924383,69.78268432617188,319475600
2020-03-04,71.50000237914564,73.17872118058433,70.70164577624014,73.01953125,219178400
2020-03-05,71.27809579631553,72.2501134253378,70.28678576484225,70.65099334716797,187572800
2020-03-06,68.01711900672953,70.14446470818916,67.83140115432955,69.71272277832031,226176800
2020-03-09,63.61531637779285,67.07405914136177,63.43441974354321,64.19901275634766,286744800
2020-03-10,66.8449246964159,69.08803991197644,64.9708309423438,68.82272338867188,285290000
2020-03-11,66.90519763936402,67.82897281165458,65.57137996922252,66.43244934082031,255598800
2020-03-12,61.731574731862445,65.12278275616039,59.816481938991764,59.87195587158203,418474000
2020-03-13,63.89026420635652,67.51543140756253,61.01038635778413,67.04509735107422,370732000
2020-03-16,58.35724302986641,62.488918914128035,57.88691260105301,58.41995620727539,322423600
2020-03-17,59.698292128180576,62.1343642760622,57.50100115086754,60.98868942260742,324056000
2020-03-18,57.83144944633274,60.298878525080625,57.192279125756,59.495697021484375,300233600
2020-03-19,59.66936116979186,60.983876053502776,58.516446847237546,59.03984069824219,271857200
2020-03-20,59.618696461531016,60.74025764199119,54.99256896191713,55.29165267944336,401693200
2020-03-23,55.01187186548029,55.11317353712298,51.280577065059646,54.117034912109375,336752800
2020-03-24,57.00896347667582,59.74170869121859,56.512101379550025,59.54634094238281,287531200
2020-03-25,60.47976645109919,62.288732546346424,58.92405634525676,59.21831512451172,303602000
2020-03-26,59.459503438935364,62.392437317540725,59.42091128360293,62.33455276489258,252087200
2020-03-27,60.96215304640848,61.714681710456084,59.587339648494336,59.75376510620117,204216800
2020-03-30,60.47735878660068,61.630272940074015,60.154154031335516,61.459022521972656,167976400
2020-03-31,61.64957210604245,63.3114052959559,60.78126682215682,61.33360290527344,197002000
2020-04-01,59.45468518637688,59.990139440698485,57.6770756954336,58.10640335083008,176218400
2020-04-02,57.96891771690177,59.12906732554458,57.13920472068674,59.07600402832031,165934000
2020-04-03,58.56227043050136,59.26173593576545,57.63849118766615,58.22700881958008,129880000
2020-04-06,60.51594604650854,63.460940873525914,60.14933155714907,63.30657958984375,201820400
2020-04-07,65.31572482522255,65.53280661848255,62.46962146344631,62.573333740234375,202887200
2020-04-08,63.371680870128074,64.48841681732436,63.00748079939509,64.17486572265625,168895200
2020-04-09,64.80920875044319,65.13964528004216,63.84442712325803,64.63795471191406,161834800
2020-04-13,64.71517076301717,66.01521817669068,64.11700321080237,65.90667724609375,131022800
2020-04-14,67.5347430495296,69.5246060143818,67.06440885901065,69.23516845703125,194994800
2020-04-15,68.11360677368938,69.06150330884216,67.6866933945227,68.60323333740234,131154400
2020-04-16,69.3147638013278,69.51254587742164,68.10155073366812,69.1483383178711,157125200
2020-04-17,68.66594602627303,69.21105020012682,66.77738117936849,68.2100830078125,215250000
2020-04-20,67.04028985944329,67.93994433259655,66.77497334644413,66.79426574707031,130015200
2020-04-21,66.63745522157011,66.87141502030714,64.02048403628226,64.72959899902344,180991600
2020-04-22,65.99349627232849,67.02822701343717,65.65341709963987,66.59407806396484,116862400
2020-04-23,66.53858656789843,67.95681696931808,66.29739112168969,66.33598327636719,124814400
2020-04-24,66.85940309058712,68.26074851489837,66.81116104086111,68.2510986328125,126161200
2020-04-27,67.96888765338052,68.62976831599522,67.5226818754922,68.29933166503906,117087600
2020-04-28,68.76000857373481,68.94090519524222,67.10058974876348,67.1922378540039,112004800
2020-04-29,68.67558356725064,69.86708968672151,68.47298027123995,69.399169921875,137280800
2020-04-30,69.93703057079283,71.0392955430697,69.5487094297081,70.86322021484375,183064000
2020-05-01,69.04220099303798,72.11744313333922,68.94572428038448,69.72237396240234,240616800
2020-05-04,69.74648724414968,70.83668796153681,69.05907878160424,70.70885467529297,133568000
2020-05-05,71.16713764358983,72.59983938170623,71.02241888364539,71.77012634277344,147751200
2020-05-06,72.4695983843977,73.14012158473827,72.0860984199546,72.51060485839844,142333600
2020-05-07,73.1352926720061,73.6056267954184,72.83379832640894,73.26071166992188,115215200
2020-05-08,73.91854342819974,75.05764724717811,73.5920466345589,75.00444030761719,133838400
2020-05-11,74.51349610684939,76.67803493373073,74.30550263769149,76.1846694946289,145946400
2020-05-12,76.86667320446085,77.31651506334359,75.19308642093533,75.31401062011719,162301200
2020-05-13,75.49297320787404,76.41200151515211,73.33084801811279,74.40465545654297,200622400
2020-05-14,73.64525071591287,74.92220983518885,72.92453990449086,74.86174774169922,158929200
2020-05-15,72.63914360348517,74.46509544751144,72.60528129635095,74.41914367675781,166348400
2020-05-18,75.73966595706034,76.54501787394523,75.0503965474728,76.17256927490234,135178400
2020-05-19,76.18948854925284,77.03353696378241,75.70095751911882,75.7323989868164,101729600
2020-05-20,76.58855099973772,77.27539958314759,76.54985436932522,77.20526885986328,111504800
2020-05-21,77.06741421541801,77.6067388197399,76.39265509370519,76.62966918945312,102688800
2020-05-22,76.3684509339888,77.20525154026136,76.26687875999099,77.1230239868164,81803200
2020-05-26,78.23796578857532,78.416931261963,76.54502680706055,76.60065460205078,125522000
2020-05-27,76.45796054995435,77.07950535982266,75.72031846461518,76.93439483642578,112945200
2020-05-28,76.61031579665872,78.22344788867842,76.3346124557575,76.96825408935547,133560800
2020-05-29,77.21010083931498,77.66961131806718,76.53776259003484,76.89328002929688,153532400
2020-06-01,76.84732546524727,77.95982952875313,76.71672526884876,77.83890533447266,80791200
2020-06-02,77.57289316252022,78.22346610716285,77.13272719613947,78.19927978515625,87642800
2020-06-03,78.5185049118518,78.89095352620157,77.94773883188212,78.62975311279297,104491200
2020-06-04,78.45321898447096,78.75068784203134,77.58014227825346,77.95259094238281,87560400
2020-06-05,78.20168176339025,80.23320685109042,78.172661136236,80.17274475097656,137250400
2020-06-08,79.87042779704282,80.68062134923207,79.16181381231353,80.64675903320312,95654400
2020-06-09,80.32752306209885,83.58521359796022,80.29608159235194,83.19342041015625,147712400
2020-06-10,84.13906940528344,85.80056697964382,83.70132432658929,85.33380126953125,166651600
2020-06-11,84.48006542527774,84.90330013235034,81.13530524486026,81.23687744140625,201662400
2020-06-12,83.36997039015924,84.11486012218111,80.83056250550848,81.93822479248047,200146000
2020-06-15,80.59597529574442,83.60214898703789,80.43393362831908,82.95157623291016,138808800
2020-06-16,85.00003381550317,85.420855036557,83.36997801465319,85.14997863769531,165428800
2020-06-17,85.89245089695726,85.95291299210936,84.9105470621372,85.0314712524414,114406400
2020-06-18,84.98795249991922,85.4813253336703,84.45830388000144,85.06534576416016,96820400
2020-06-19,85.76912875753186,86.23347359915019,83.47398219153365,84.57923126220703,264476000
2020-06-22,84.97102639518768,86.93483446322153,84.92507460309979,86.79214477539062,135445200
2020-06-23,88.03281532631361,90.05950604686922,87.61441494809407,88.64469146728516,212155600
2020-06-24,88.27467257128609,89.19128014209528,86.70749216559717,87.07994079589844,192623200
2020-06-25,87.23471346059793,88.27465854046778,86.47772685166568,88.2359619140625,137522400
2020-06-26,88.13199005971511,88.35207302367702,85.37733281186723,85.52486419677734,205256800
2020-06-29,85.43294416349418,87.59023505976948,84.95650253776073,87.49591064453125,130646000
2020-06-30,87.08474810870817,88.511659237052,87.06540348874154,88.22627258300781,140223200
2020-07-01,88.30368697136247,88.84542502767371,88.01105247279727,88.05941772460938,110737200
2020-07-02,88.96393576296241,89.59757739253234,87.94575606156859,88.05941772460938,114041600
2020-07-06,89.48390600830983,90.8817894339713,89.45246453610925,90.41502380371094,118655600
2020-07-07,90.79231129924504,91.5686426186408,90.02323513682953,90.13448333740234,112424400
2020-07-08,91.10913287644715,92.26516797551552,91.02206361133545,92.23372650146484,117092000
2020-07-09,93.12372891516388,93.1769358615014,91.58557654388848,92.63036346435547,125642800
2020-07-10,92.22647973230556,92.85045281703451,91.61702434360537,92.79240417480469,90257200
2020-07-13,94.09353334761987,96.69582436714335,92.15149108508342,92.36431884765625,191649200
2020-07-14,91.74759058853576,94.08384663898248,90.81648030417851,93.89279174804688,170989200
2020-07-15,95.7622883592816,96.01139191075474,93.34380441075506,94.53853607177734,153198000
2020-07-16,93.41393313619832,94.22896096414982,92.7778707406749,93.37523651123047,110577600
2020-07-17,93.82508300436295,93.97986213133798,92.71499243301174,93.18659973144531,92186800
2020-07-20,93.27367496235873,95.28826887148021,92.9302469895083,95.1504135131836,90318000
2020-07-21,95.93883651984883,96.01380892881413,93.58806992037168,93.83717346191406,103433200
2020-07-22,93.53969429469112,94.78037765198125,93.45263242150494,94.10078430175781,89001600
2020-07-23,93.83476371071059,93.91215697447913,89.00989228366163,89.81766510009766,197004400
2020-07-24,88.0207257853986,89.93858177491317,86.23829692519554,89.59515380859375,185438800
2020-07-27,90.65446578253629,91.81050099759301,90.43196935722393,91.71859741210938,121214000
2020-07-28,91.29051773530753,91.46706972799262,90.20703422382543,90.21187591552734,103625600
2020-07-29,90.69312464643609,92.124870021663,90.6568488727026,91.9410629272461,90329200
2020-07-30,91.11640331382533,93.15760481726485,90.71009969017368,93.0536117553711,158130000
2020-07-31,99.5302890268665,102.94518713128302,97.53745326363413,102.79524230957031,374336800
2020-08-03,104.67198130172932,107.9973966979683,104.37451250261263,105.38543701171875,308151200
2020-08-04,105.57407228357705,107.17752821259879,104.85336145922079,106.0892105102539,173071600
2020-08-05,105.81109264863613,106.79299653251695,105.34674048719083,106.4737548828125,121776800
2020-08-06,106.80508849601155,110.68191802624929,106.21739865938491,110.18854522705078,202428800
2020-08-07,109.7112386108564,110.16673452744945,106.88862644814542,107.68331909179688,198045600
2020-08-10,109.12491431547922,110.26365418298434,106.60515752548201,109.24848175048828,212403600
2020-08-11,108.51435673757749,109.01103688460056,105.74019692749955,105.99944305419922,187902400
2020-08-12,107.08731438450859,109.77909878796228,106.89348975910477,109.52227783203125,165598000
2020-08-13,110.89843148039117,112.46116903802795,110.41143740175444,111.46053314208984,210082000
2020-08-14,111.28610608884811,111.4508577562041,109.55619139980415,111.36121368408203,165565200
2020-08-17,112.48054699080019,112.50477691266525,110.44535925101356,111.07044982910156,119561600
2020-08-18,110.82331598950212,112.41996940914007,110.48896231124728,111.9959716796875,105633600
2020-08-19,112.40301184462525,113.54659462972901,112.0420104163777,112.1364974975586,145538000
2020-08-20,112.17770423893735,114.73865273876372,112.16074255230501,114.6247787475586,126907200
2020-08-21,115.58180005044522,121.01382096112869,115.56968878487616,120.53167724609375,338054800
2020-08-24,124.72562238006333,124.81043082095223,120.11253119545398,121.97327423095703,345937600
2020-08-25,120.84906568793242,121.31667291273054,119.25482982936344,120.97262573242188,211495600
2020-08-26,122.28580830184438,123.07323276693351,121.22217601375844,122.61773681640625,163022400
2020-08-27,123.21860253348014,123.5505310416234,120.01075143908814,121.15191650390625,155552400
2020-08-28,122.12349409773587,122.54022371585246,120.73278349266653,120.9556884765625,187630000
2020-08-31,123.64261546547715,126.95706531989478,122.11137580386827,125.05754852294922,225702700
2020-09-01,128.6627208391991,130.63977010693876,126.50154782295441,130.0388946533203,151948100
2020-09-02,133.34370909213243,133.72167236376214,123.08054004967816,127.34474182128906,200119000
2020-09-03,122.9932991459097,124.86372826632623,116.78112142003687,117.1493911743164,257599600
2020-09-04,116.36438135713807,119.88234909092412,107.46769559812107,117.22691345214844,332607200
2020-09-08,110.4332579025972,115.31771368004287,109.202456054635,109.338134765625,231366600
2020-09-09,113.641095738678,115.4630720645518,111.70282021985868,113.6992416381836,176940500
2020-09-10,116.64541298049808,116.7810916656073,109.0279901442392,109.98743438720703,182274400
2020-09-11,111.03411800577045,111.6737525060593,106.6051585333688,108.5434341430664,180860300
2020-09-14,111.17948842899139,112.35214426737836,109.31874564711791,111.79973602294922,140150100
2020-09-15,114.67806184681399,115.16263068004423,110.10373087809108,111.97416687011719,184642000
2020-09-16,111.67376709645097,112.42000005035005,108.58221472900694,108.66943359375,154679000
2020-09-17,106.33380115819288,108.73725877422822,105.35496990474392,106.93466186523438,178011000
2020-09-18,106.99280653960918,107.45798850796619,102.81581790836313,103.54267120361328,287104900
2020-09-21,101.31366904715068,106.78929923364105,99.91810821399545,106.68269348144531,195713800
2020-09-22,109.20243590478516,109.37688098586045,105.7910744674542,108.35928344726562,183055400
2020-09-23,108.17517702574132,108.65005253506956,103.47485221017152,103.81405639648438,150718700
2020-09-24,101.92423794523059,106.84746057911207,101.75948626582102,104.88011169433594,167743300
2020-09-25,105.08362457756284,108.96986969287116,104.34707769075096,108.81480407714844,149981400
2020-09-28,111.46053870423745,111.76096905147743,109.29935819072301,111.41207885742188,137672400
2020-09-29,111.0147568087837,111.75129633828752,110.06499835009019,110.5689468383789,99382200
2020-09-30,110.27817735653495,113.64108628495799,110.11342572568512,112.23583221435547,142675200
2020-10-01,114.00937358582986,114.0869063866764,112.25523648180236,113.18560791015625,116120400
2020-10-02,109.40597427158033,111.80943945830253,108.75665366895876,109.5319595336914,144712000
2020-10-05,110.3944854044891,113.04992078729782,110.04559522059489,112.90454864501953,106243800
2020-10-06,112.12925987546326,112.53630344118018,108.78573684536278,109.66765594482422,161498200
2020-10-07,111.08257884073628,111.98387730301256,110.6076959885073,111.52838134765625,96849000
2020-10-08,112.66228646720481,112.80765863820771,111.05351392426137,111.42179107666016,83477200
2020-10-09,111.72221622412157,113.38913459955495,111.37332598768504,113.36006164550781,100506900
2020-10-12,116.35468329215739,121.31667154926015,115.59875698215505,120.56074523925781,240226800
2020-10-13,121.4038819645373,121.52018115565947,115.95733257416443,117.36257934570312,262330500
2020-10-14,117.26569052723717,119.23303935883797,115.92828283428057,117.4498291015625,150712000
2020-10-15,115.0560370517392,117.45949457685697,114.50362881948811,116.984619140625,112559200
2020-10-16,117.53702461582463,117.7986959477676,115.14325320090887,115.34677124023438,115393800
2020-10-19,116.257768515436,116.70357101200219,112.09048045069933,112.40060424804688,120639300
2020-10-20,112.6138242501148,115.3080339002408,112.06141592703932,113.8833999633789,124423700
2020-10-21,113.06929058754238,115.04633232866423,112.85607911635273,113.26312255859375,89946000
2020-10-22,113.82524295280673,114.39703815641963,111.05350797811873,112.1777114868164,101988000
2020-10-23,112.79794326147403,112.95300885211658,110.75306199696499,111.48960876464844,82572600
2020-10-26,110.49137885468761,112.95298922386766,109.39624864439875,111.49928283691406,111850700
2020-10-27,111.92572886201872,113.66048651064561,111.0050508568626,113.00147247314453,92276800
2020-10-28,111.49929834317572,111.86756801727019,107.67119988879593,107.76811218261719,143937800
2020-10-29,108.90201751002611,113.32128352260756,108.7372584642391,111.76097106933594,146129200
2020-10-30,107.63244356202665,108.53374202736012,104.39552680317541,105.5003433227539,190272600
2020-11-02,105.74263480892598,107.26418098664796,104.00787711431103,105.41312408447266,122866900
2020-11-03,106.27565178371685,108.0491682897085,105.37435335866708,107.03157806396484,107624400
2020-11-04,110.61739783333208,112.02264481194184,108.88264012828803,111.40239715576172,138235500
2020-11-05,114.309790068738,115.92825566569405,113.26312696012087,115.35646057128906,126387100
2020-11-06,114.86620819105919,115.7205180962264,112.74013248938302,115.22541046142578,114457900
2020-11-09,116.98259196742552,118.42909663240218,112.66249091138815,112.92460632324219,154515300
2020-11-10,112.17706242879606,114.1575076747416,110.79850704253381,112.58480072021484,138023400
2020-11-11,113.76920934216545,116.1379803531598,113.0411019505022,116.00206756591797,112295000
2020-11-12,116.12827545684921,117.011708557713,115.10892216454586,115.73023986816406,103162300
2020-11-13,115.95353177622367,116.17681389575209,114.42936059587085,115.7787857055664,81581900
2020-11-16,115.44869182782028,117.45826768159665,114.7011715913371,116.78841400146484,91183000
2020-11-17,116.06032428614111,117.14762661304611,115.48754260462515,115.90499114990234,74271000
2020-11-18,115.14775777417243,116.32243681277677,114.55556316864666,114.58468627929688,76322100
2020-11-19,114.1575190169027,115.58461058534773,113.4002885699786,115.17687225341797,74113000
2020-11-20,115.17687350645622,115.3030761134196,113.86628176431465,113.9148178100586,73604300
2020-11-23,113.7595093974955,114.1866681424837,110.42963099730896,110.5267105102539,127959300
2020-11-24,110.58495144916897,112.46831748552103,109.30347536130687,111.80816650390625,113874200
2020-11-25,112.17708942095175,113.34205836437563,111.80817691040372,112.64307403564453,76499200
2020-11-27,113.16732411902579,114.06046756284934,112.82754209221169,113.18673706054688,46691300
2020-11-30,113.55564179657071,117.43888162256029,113.40030864831888,115.5749282836914,169410200
2020-12-01,117.47768032890535,119.86587123009825,116.5068706581754,119.13776397705078,127728200
2020-12-02,118.45822585372865,119.76882520066982,117.36121328577195,119.48728942871094,89004200
2020-12-03,119.91440521786345,120.16681780180761,118.64264694110803,119.3513412475586,78967600
2020-12-04,119.0212852595791,119.27369789260959,117.97280885162905,118.68150329589844,78260400
2020-12-07,118.73972703326832,120.93375893668696,118.68148082386364,120.1376953125,86712000
2020-12-08,120.73963347620881,121.33182812514022,119.49699054608435,120.74933624267578,82225500
2020-12-09,120.89494675486756,122.27349493369557,117.46798924542293,118.2252197265625,115089200
2020-12-10,116.9825617815986,120.25419293932632,116.64277988846719,119.642578125,81312200
2020-12-11,118.8562430760472,119.17661208486537,117.03112333433712,118.83683013916016,86939800
2020-12-14,119.021283489644,119.74939086099992,117.99222744160214,118.2252197265625,79184500
2020-12-15,120.71048814758292,124.16657610565406,120.50661897640848,124.14715576171875,157243700
2020-12-16,123.69089034743503,124.62285953660047,122.86569602420569,124.07920837402344,98208600
2020-12-17,125.13738869029768,125.79754711737371,124.30249159373241,124.94322967529297,94359800
2020-12-18,125.19566505159528,125.33157786007352,122.43856077955277,122.96279907226562,192541500
2020-12-21,121.37064729644923,124.56461267355205,119.84647608918172,124.48694610595703,121251600
2020-12-22,127.76827272564631,130.48654300822767,125.86547908382497,128.0303955078125,168904800
2020-12-23,128.30218306152528,128.56429095269402,126.96246125315511,127.13721466064453,88223700
2020-12-24,127.48673172125208,129.56426380208862,127.2731524108818,128.1177520751953,54930100
2020-12-28,130.07882834872916,133.33103273857998,129.61282891491868,132.70001220703125,124486200
2020-12-29,134.02030377703682,134.73869359094937,130.41859268818658,130.93312072753906,121047300
2020-12-30,131.62241857715392,132.02045422329275,129.50604512243837,129.81671142578125,96452100
2020-12-31,130.16615142022158,130.8068893039239,127.87504019853539,128.8167266845703,99116600
2021-01-04,129.62256004967193,129.70992939762877,123.0598821377437,125.63253021240234,143301900
2021-01-05,125.12769391976279,127.89450820387242,124.68111482467101,127.18580627441406,97664900
2021-01-06,123.99182006348317,127.22461824623385,122.69093117209596,122.90451049804688,155088000
2021-01-07,124.61314843344341,127.7877006759222,124.12774352599207,127.09841918945312,109578200
2021-01-08,128.56434751676753,128.75852134682515,126.42856870658443,128.19544982910156,105158200
2021-01-11,125.41891104549275,126.37030043054156,124.74904996348562,125.21503448486328,100384500
2021-01-12,124.74906018656239,125.90432622691371,123.15693269578279,125.0403060913086,91951100
2021-01-13,125.00146061142823,127.61294126201366,124.73935263924878,127.06929016113281,88636800
2021-01-14,126.9819169126251,127.1760758978846,125.00145674818756,125.14708709716797,90221800
2021-01-15,125.02087645693894,126.41884484513,123.29283631414191,123.42874908447266,111598500
2021-01-19,124.05005884858895,124.95291954756551,123.23458227836366,124.09860229492188,90757300
2021-01-20,124.90438601399495,128.6225891348087,124.79759634893936,128.17601013183594,104319500
2021-01-21,129.8943769543058,135.5930267381697,129.69050034270776,132.874755859375,120150900
2021-01-22,132.30196087543968,135.76775903778582,131.07874583699044,135.01052856445312,114459400
2021-01-25,138.8938146139451,140.8548404420304,132.55441073611476,138.74818420410156,157611700
2021-01-26,139.40829883611298,140.08786276088446,137.2433822290361,138.98114013671875,98390600
2021-01-27,139.24322781199024,140.08784232197448,136.31139319096383,137.91322326660156,140843800
2021-01-28,135.44739349341899,137.8452949915903,132.7097026247184,133.08831787109375,142621100
2021-01-29,131.86509178375854,132.7485322226158,126.40914566020653,128.10806274414062,177523800
2021-02-01,129.84578061037203,131.42820495734406,127.10809049941766,130.22439575195312,106239800
2021-02-02,131.76801136085197,132.33108282824628,130.68070911395654,131.04962158203125,83305400
2021-02-03,131.7971241921303,131.80684177003687,129.70988918879502,130.03025817871094,89880900
2021-02-04,132.32136807732365,133.38924988354398,130.66127693474024,133.37954711914062,84183100
2021-02-05,133.53998407473009,133.60803459447885,132.09131060559002,132.96633911132812,75693800
2021-02-08,132.25657350766537,133.16078334273837,131.17736393158722,133.11216735839844,71297200
2021-02-09,132.8302469559109,134.055304885325,132.08161692740265,132.23716735839844,76774200
2021-02-10,132.6940833002521,133.1899455543724,130.67178006992634,131.6343231201172,73046600
2021-02-11,132.13020650092022,132.60661952451218,130.05930155973675,131.38157653808594,64280000
2021-02-12,130.62318851283254,131.7704486448014,129.98149309892653,131.61488342285156,60145100
2021-02-16,131.731578673249,132.23714344471992,129.10646349095452,129.49537658691406,80576300
2021-02-17,127.60918638254499,128.55228022303262,125.87856393692216,127.21055603027344,97918500
2021-02-18,125.61607603838664,126.39388754422443,123.87573596059903,126.1119384765625,96856700
2021-02-19,126.62719484726894,127.08415840410441,125.22713755275306,126.26744842529297,87668800
2021-02-22,124.4590677731543,126.1216398427311,122.11592370284757,122.50482940673828,103916400
2021-02-23,120.32696020598745,123.1951256816812,115.10591870921408,122.36870574951172,158273000
2021-02-24,121.47422557501572,122.07702231944482,118.83940058972168,121.87284851074219,111039900
2021-02-25,121.22144819930787,122.952070827566,117.19629003176654,117.63380432128906,148199500
2021-02-26,119.18940199791072,121.3867126364465,117.83796059992733,117.89630126953125,164560400
2021-03-01,120.31722249383586,124.38127119478241,119.3838534155298,124.24515533447266,116307900
2021-03-02,124.84796874824156,125.14936711599789,121.5422817134225,121.64923095703125,102260900
2021-03-03,121.34783450228308,122.22287046374831,118.46021953832745,118.67411804199219,112966300
2021-03-04,118.37271790565526,120.1713983779594,115.3295451588436,116.79765319824219,178155000
2021-03-05,117.62407506080334,118.55744422295456,114.30866329373481,118.05186462402344,153766600
2021-03-08,117.57545493676041,117.64351287063639,112.98638448752729,113.1322250366211,154376600
2021-03-09,115.72817134912674,118.67411961018901,115.4948308955723,117.73102569580078,129525800
2021-03-10,118.31440509060741,118.78108606530098,116.13653581616963,116.65184020996094,111943300
2021-03-11,119.14080957092585,119.79222236399583,117.89631724453561,118.57689666748047,103026500
2021-03-12,117.06016228897577,117.80879958845243,115.85456138090896,117.67268371582031,88105100
2021-03-15,118.0421413761026,120.56029230814386,117.07959821769512,120.55056762695312,92403800
2021-03-16,122.21315268038276,123.6909929248944,121.26034146014726,122.08676147460938,115227900
2021-03-17,120.60892077273179,122.36870994462072,118.94634875177347,121.29922485351562,111932600
2021-03-18,119.47136458953443,119.76304569936237,116.98238014530207,117.18655395507812,121229700
2021-03-19,116.57404490821733,118.06160240727854,116.3601463939911,116.66154479980469,185549500
2021-03-22,116.99210188442348,120.43390477213393,116.92404394954326,119.96721649169922,111912300
2021-03-23,119.90889482634996,120.79364806529563,118.75190240381558,119.14080810546875,95467100
2021-03-24,119.41304854895056,119.49083117848545,116.73933185520713,116.75877380371094,88530500
2021-03-25,116.22401168427893,118.28520644839449,115.69899016650163,117.24488067626953,98844700
2021-03-26,117.0115497729694,118.11020888610055,115.62121696029041,117.84769439697266,94071200
2021-03-29,118.275494892758,119.17969748186921,117.381016985914,118.022705078125,80819200
2021-03-30,116.77820181701264,117.06015823420087,115.56287626935224,116.57402801513672,85671900
2021-03-31,118.27549692418452,120.0936193981419,117.78936665110342,118.76162719726562,118323800
2021-04-01,120.22973104227312,120.73530321344647,119.09218067605553,119.5880355834961,75089100
2021-04-05,120.43392024929994,122.66039785902176,119.65610882120376,122.40760803222656,88651200
2021-04-06,122.99094078154718,123.60346216405839,122.16452092387894,122.708984375,80171300
2021-04-07,122.33955551914583,124.37157665316347,121.66869331807787,124.35213470458984,83466700
2021-04-08,125.3730205275212,126.77307837877164,124.95495552679813,126.74391174316406,88844600
2021-04-09,126.19942288071834,129.34953758105655,125.87857511762488,129.31065368652344,106686700
2021-04-12,128.84396428623276,129.16481202818863,127.0063925535893,127.59947204589844,91420000
2021-04-13,128.76621465236119,130.9246346798754,128.27035218071617,130.7010040283203,91266500
2021-04-14,131.19685094542675,131.2551842091699,128.0078372862974,128.36756896972656,87222800
2021-04-15,130.107867375951,131.25512729346974,129.93285282509277,130.7689971923828,89347100
2021-04-16,130.57459244358938,130.9343240931431,129.58288254678484,130.4384765625,84922400
2021-04-19,129.80650105955348,131.71213827061115,129.6412185458448,131.099609375,94264200
2021-04-20,131.27462375202614,131.7704712922572,128.15366085563892,129.4176025390625,94812300
2021-04-21,128.6883918850069,130.03983329744375,127.65779819666872,129.79676818847656,68847100
2021-04-22,129.34952213608938,130.42873181562496,127.7647477103965,128.28004455566406,84566500
2021-04-23,128.49393862388337,131.37182111341806,128.49393862388337,130.59402465820312,78657500
2021-04-26,131.08988992627178,131.3135056957382,129.85511489088012,130.98294067382812,66905100
2021-04-27,131.26490623623846,131.65381940116677,130.38987757731036,130.662109375,66015800
2021-04-28,130.58433418027712,131.27464581514576,129.38845765548453,129.8745880126953,107760100
2021-04-29,132.6843927517533,133.26775499092827,128.77590135452442,129.77732849121094,151101000
2021-04-30,128.12447774341382,129.8551001147441,127.43418114888645,127.81336212158203,109839500
2021-05-03,128.37727305832388,130.35097557067442,128.1731066561789,128.8634033203125,75135100
2021-05-04,127.55086673903944,127.84254787757098,123.18541143255057,124.30351257324219,137564700
2021-05-05,125.6160551149203,126.83138075425876,124.4201788397563,124.54657745361328,84000900
2021-05-06,124.34242498470246,126.15083054782626,123.60350474806587,126.14111328125,78128300
2021-05-07,127.43639054602403,127.835683170004,126.10212100699981,126.8130874633789,78973300
2021-05-10,126.03394527871879,126.16054372317713,123.50176833952001,123.54072570800781,88071200
2021-05-11,120.2781429577982,122.97587617421408,119.5671838636692,122.62527465820312,126142800
2021-05-12,120.18073081693389,121.38837950118456,119.06073063774643,119.5671615600586,112172300
2021-05-13,121.32996037075966,122.85900193405529,121.01830882379365,121.70978546142578,105861300
2021-05-14,122.95640002954782,124.55361524540388,122.56683371169913,124.12509155273438,81918000
2021-05-17,123.51151514879045,123.61864605940792,121.9045589198871,122.97586059570312,74244600
2021-05-18,123.25829164809352,123.67707407576847,121.5247295992301,121.59290313720703,63342900
2021-05-19,119.94699632595916,121.66107596519278,119.65481977612977,121.43708038330078,92612000
2021-05-20,121.96300011967811,124.38803886132331,121.83638680726905,123.98873138427734,76857100
2021-05-21,124.4854481634368,124.6607526440569,121.94353690962528,122.15779876708984,79295400
2021-05-24,122.7226648496732,124.60231548530916,122.65449130041634,123.78422546386719,63092900
2021-05-25,124.4854213164092,124.97238470676444,123.02455343641832,123.58942413330078,72009500
2021-05-26,123.64785661375969,124.06663903705564,123.12194328471185,123.54072570800781,56575900
2021-05-27,123.14142966400581,124.31012103497811,121.816908814046,122.01168823242188,94625600
2021-05-28,122.29412358918856,122.51812660764142,121.30073666690714,121.35916900634766,71311100
2021-06-01,121.81689028927254,122.07984320712839,120.70663142657908,121.03775787353516,67637100
2021-06-02,121.037759031701,121.97271348131765,120.81376347552442,121.79740905761719,59278900
2021-06-03,121.42735201359653,121.59291527515944,119.91778539724056,120.31709289550781,76229200
2021-06-04,120.83326952469692,122.86874960294172,120.61900768168596,122.60578918457031,75169300
2021-06-07,122.87846962118002,123.0245579005518,121.57343116760482,122.61551666259766,71057600
2021-06-08,123.29723905566723,125.1087231263275,122.91741402757391,123.43358612060547,74403800
2021-06-09,123.89133789579034,124.41725123885395,123.21933627459374,123.81342315673828,56877900
2021-06-10,123.70628617695928,124.84576874618693,122.654466972811,122.82003021240234,71186400
2021-06-11,123.22907197958327,124.11533537847384,122.81028956380078,124.02767944335938,53522400
2021-06-14,124.48543247038134,127.134466888619,123.75499846493855,127.07603454589844,96906500
2021-06-15,126.55015698653708,127.1929426220791,126.01450229025207,126.25798034667969,62746300
2021-06-16,126.96890049704093,127.47533888931655,125.10873990323489,126.754638671875,91815000
2021-06-17,126.41377710106734,129.0920350275276,126.26768138864819,128.3518524169922,96721700
2021-06-18,127.30002703971456,128.0791446469785,126.84228727205331,127.05654907226562,108953300
2021-06-21,126.90073257983343,128.95568742961305,125.8391720998025,128.8485565185547,79663300
2021-06-22,128.6829675675103,130.58209255634193,128.18626305147518,130.4846954345703,74783600
2021-06-23,130.28018657486302,130.81584104082094,129.75426587711715,130.21200561523438,60214200
2021-06-24,130.94241169656203,131.12745727834474,129.46206190301214,129.92955017089844,68711000
2021-06-25,129.97831108103458,130.3970861369589,129.34525932066123,129.63743591308594,70783700
2021-06-28,129.9295852246422,131.72157948620062,129.87115289056985,131.2638397216797,62111300
2021-06-29,131.28333809814853,132.92925172484664,130.84508067855094,132.77342224121094,64556100
2021-06-30,132.61756426840589,133.8252202160753,132.32538776453424,133.386962890625,63261400
2021-07-01,133.03636937045857,133.74732088516166,132.21827209331306,133.6888885498047,52485800
2021-07-02,134.30245986108,136.34768102067733,134.1563790042736,136.30873107910156,78852600
2021-07-06,136.4158617440288,139.41549764354806,136.4158617440288,138.3149871826172,108181800
2021-07-07,139.7953189039971,141.11010601971827,138.93828646790567,140.7984619140625,104911600
2021-07-08,137.88649126591835,140.30178936453598,137.00022759601723,139.50318908691406,105575500
2021-07-09,139.02593841657492,141.85027728075062,138.92854127199598,141.32437133789062,99890800
2021-07-12,142.39566628334748,142.5027971874123,140.24331443285035,140.7302703857422,76299700
2021-07-13,140.2725165312551,143.61304176059716,139.8829577523025,141.84051513671875,100827100
2021-07-14,144.23640673596546,145.66805889824494,143.8273505232674,145.25900268554688,127050800
2021-07-15,145.3465972476331,146.0867648396301,143.25267803516988,144.60641479492188,106820300
2021-07-16,144.5869580069263,145.85303150774294,142.07426368162248,142.57095336914062,93251400
2021-07-19,139.9998224538897,140.3114813657128,137.97408410918416,138.73373413085938,121434600
2021-07-20,139.717408691922,143.26244743833868,139.23045273850917,142.33721923828125,96350000
2021-07-21,141.7333637604647,142.31771670515928,140.85684920413556,141.60675048828125,74993500
2021-07-22,142.13268067660871,144.33371584309756,142.0060673959038,142.97024536132812,77338200
2021-07-23,143.7007109713398,144.84018616778306,143.0871416883638,144.68435668945312,71447400
2021-07-26,144.40193160847764,145.92123190033908,143.84679465375743,145.1031494140625,72434100
2021-07-27,145.22973937162135,145.3174027377309,141.7528815779119,142.94105529785156,104818600
2021-07-28,141.0321906538661,143.13584408542147,138.82140631068384,141.19775390625,118931200
2021-07-29,140.91530189117023,142.72677844865797,140.80817099785102,141.84051513671875,56699500
2021-07-30,140.61340882010876,142.51253410621536,140.35044843873504,142.05479431152344,70440600
2021-08-02,142.54176110337934,143.11636561756876,141.46071818751764,141.7236785888672,62880000
2021-08-03,142.00610422671278,144.17792379335657,141.3925349204239,143.5156707763672,64786600
2021-08-04,143.42802249439222,143.9344460279435,142.4638442773508,143.11636352539062,56368300
2021-08-05,143.14559599106772,143.98316098970645,142.35672956946877,143.2235107421875,46397700
2021-08-06,142.74559073997008,143.48686754429556,142.04332223777357,142.54075622558594,54126800
2021-08-09,142.59925003312128,143.08693557693016,141.93600483737242,142.49195861816406,48908700
2021-08-10,142.83333089104445,144.072056221946,141.72140855204836,142.01402282714844,69023100
2021-08-11,142.45296206335397,143.10645895995768,141.94576488875748,142.26763916015625,48493500
2021-08-12,142.58950812317931,145.37907015513477,142.24812227389452,145.22300720214844,72282600
2021-08-13,145.30105342277125,145.75947909182239,144.61829653790267,145.4278564453125,59375000
2021-08-16,144.88158214673783,147.46632387605632,142.86257218964874,147.39804077148438,103296000
2021-08-17,146.53000561245062,147.94429082183916,145.4180830822368,146.49099731445312,92229700
2021-08-18,146.1106045300614,147.00794422226895,142.55049082276733,142.7553253173828,86326000
2021-08-19,141.45809163231115,144.35494544436725,140.94114605885855,143.0869598388672,86960300
2021-08-20,143.8086939620168,144.8425847784855,143.16494556886403,144.54022216796875,60549600
2021-08-23,144.65728343893502,146.49098584387335,144.24762936861552,146.02281188964844,60131800
2021-08-24,145.76918628216262,147.1444629009486,145.47657201899844,145.93499755859375,48606400
2021-08-25,146.12032437546637,146.61777310120064,144.15983406027962,144.70603942871094,58991300
2021-08-26,144.6963131171606,145.44733817166107,143.87699005673284,143.90625,48597200
2021-08-27,143.8477746809613,145.0865005673271,143.2137892031056,144.94020080566406,55802400
2021-08-30,145.33030665463397,149.70972863585897,144.94991248756867,149.3488311767578,90956700
2021-08-31,148.90015120519527,149.03670255975587,147.56388271808643,148.09059143066406,86453100
2021-09-01,149.06601699172097,151.16305960682033,148.58807963456005,148.75389099121094,80313700
2021-09-02,150.08039711414125,150.9094687825189,148.6465999219507,149.86581420898438,71115500
2021-09-03,149.9730167475935,150.8215995087038,149.31952006313816,150.49972534179688,57808700
2021-09-07,151.15329277694906,153.38688652354213,150.58757563240493,152.8309326171875,82278300
2021-09-08,153.11374935418493,153.17226923823645,150.18763608775444,151.28981018066406,74420200
2021-09-09,151.66046161317462,152.26518694823613,150.15838174591684,150.2754364013672,57305700
2021-09-10,151.18254333907822,151.65071737057013,145.03770150418336,145.30105590820312,140893200
2021-09-13,146.92019363279192,147.69073046346875,145.0864907020359,145.86679077148438,102404300
2021-09-14,146.64705797915482,147.34932639599026,143.2917788504928,144.4719696044922,109296300
2021-09-15,144.90116290571922,145.75949444164934,142.7650973043384,145.35958862304688,83281300
2021-09-16,144.78408681235823,145.301032298818,143.59413289330473,145.12545776367188,68034100
2021-09-17,145.15472586644688,145.15472586644688,142.17007797103764,142.4626922607422,129868800
2021-09-20,140.2583754550107,141.27275491051466,137.79068761664803,139.4195556640625,123478900
2021-09-21,140.38514645685206,141.03865814980705,139.2634757155347,139.8974609375,75834000
2021-09-22,140.89236024826914,142.82359096635926,140.16083188261564,142.2578887939453,76404300
2021-09-23,143.03817057425258,143.457587900221,142.0530510886709,143.2137451171875,64838200
2021-09-24,142.0725363720286,143.8379554130243,141.97499332368358,143.30149841308594,53477900
2021-09-27,141.8872464401241,142.36518367517027,140.2778899497781,141.78970336914062,74150700
2021-09-28,139.72192610299075,141.18498292082313,138.20034939372246,138.41493225097656,108972300
2021-09-29,138.96112166840754,140.89235227723765,138.53195600356045,139.312255859375,74602000
2021-09-30,140.12183534910463,140.82410382973063,137.80044704464729,138.01502990722656,89056700
2021-10-01,138.40515987182454,139.40004260947205,135.68388091891475,139.13668823242188,94639600
2021-10-04,138.26861784072736,138.70754679310303,134.8645818313905,135.71315002441406,98322000
2021-10-05,136.0545619084437,138.7368332577452,135.92775886392107,137.63465881347656,80861100
2021-10-06,136.03502801816884,138.6490157972431,134.9621137010957,138.50271606445312,83221100
2021-10-07,139.53659409609236,140.66802820004892,139.20497147758243,139.76092529296875,61732700
2021-10-08,140.48271316225515,140.62901288949595,139.04891630336158,139.3805389404297,58773200
2021-10-11,138.76606124094116,141.2434974770439,138.31738395190774,139.29275512695312,64452200
2021-10-12,139.70242001460875,139.72193160685052,137.56635459515326,138.0247802734375,73035900
2021-10-13,137.7614036307742,137.91745167770748,135.7716384818284,137.4395294189453,78762700
2021-10-14,138.6099736345154,140.33638447460456,138.02474508035556,140.21932983398438,69907100
2021-10-15,140.22915692305764,141.33131653632657,139.97555082205025,141.27279663085938,67940300
2021-10-18,139.91697189226727,143.22347910319027,139.63412084083484,142.9406280517578,85589200
2021-10-19,143.38932223477877,145.4961277086073,142.94065979384268,145.09622192382812,76378900
2021-10-20,145.03768735830047,146.0618300447265,144.47197030405582,145.58389282226562,58418800
2021-10-21,145.14501066086328,145.9545706809791,144.228159195118,145.7985076904297,61421000
2021-10-22,146.00332535531382,146.48124774454206,144.97918256227808,145.0279541015625,58883400
2021-10-25,145.0181495258691,145.69115788039105,143.98425867288518,144.97914123535156,50720600
2021-10-26,145.6521738906202,147.12497895180522,145.34004798248478,145.64242553710938,60893400
2021-10-27,145.68143968000115,146.04232225315448,144.83287151805337,145.1840057373047,56094900
2021-10-28,146.13013733509126,149.39762230558532,146.03259425054543,148.81240844726562,100077900
2021-10-29,143.59412144965486,146.24713179057537,142.80407331191392,146.11058044433594,124953200
2021-11-01,145.3205654883688,146.01307072992742,144.1598713388164,145.2913055419922,74588300
2021-11-02,144.9986596105235,147.83699285465968,144.98889637520205,146.32516479492188,69122000
2021-11-03,146.68602771699076,148.2271155108839,146.13007404821352,147.75894165039062,54511500
2021-11-04,147.84676026074618,148.6758168059769,146.92990900121129,147.24203491210938,60394600
2021-11-05,148.36533077411934,148.66813471450217,146.57779487265975,147.7694854736328,65463900
2021-11-08,147.8964818732159,148.0527725947036,146.67548855791236,146.94898986816406,55020900
2021-11-09,146.71451857846154,147.91597153908737,146.5777679561521,147.31036376953125,56787900
2021-11-10,146.5387319232798,146.64617992683026,144.4190894029692,144.48745727539062,65187100
2021-11-11,145.5033467129879,145.96242651484354,144.25303577054234,144.43862915039062,41000000
2021-11-12,144.9856178095641,146.90990439693277,144.05766590459464,146.50942993164062,63804000
2021-11-15,146.88062009926887,148.35558969382197,145.96243066007273,146.5192108154297,59222800
2021-11-16,146.46058703081326,147.97462166575806,145.87450429964008,147.49598693847656,59256200
2021-11-17,147.49598349597346,151.40316186672771,147.48622091573952,149.92820739746094,88807000
2021-11-18,150.14313374583702,154.9880275581461,149.49844560723523,154.2065887451172,137827700
2021-11-19,153.99168810581827,157.2834965855034,152.897682743032,156.82440185546875,117305600
2021-11-22,157.92810495680857,161.8548224569828,157.2638919463219,157.28343200683594,117467900
2021-11-23,157.3811346832133,158.0453627342285,155.36894027506222,157.66441345214844,96041900
2021-11-24,157.01974088138022,158.3774848564214,155.9354982175197,158.18212890625,69463600
2021-11-26,155.867151508964,156.72672078738918,152.73163368073872,153.1711883544922,76959800
2021-11-29,155.6717999974176,157.44957388742296,155.10525716119747,156.52162170410156,88748200
2021-11-30,156.27737994661885,161.67905311784355,156.20899716750552,161.4641571044922,174048100
2021-12-01,163.59356203535145,166.34813007275002,160.71202083002768,160.9464569091797,152052500
2021-12-02,155.05640108044867,160.38969196905754,154.13821164787007,159.95989990234375,136739200
2021-12-03,160.21392407749673,161.13211378519816,156.01370249158006,158.08450317382812,118023100
2021-12-06,160.47760654451426,163.98431110380426,160.46784396248754,161.4837188720703,107497000
2021-12-07,165.15642772326544,167.59841414884357,164.43359437560147,167.2076873779297,120405400
2021-12-08,168.1356556285786,171.87678065417452,166.73883163036436,171.01719665527344,116998900
2021-12-09,170.85113086564078,172.64842918211983,169.88409893762693,170.50924682617188,108923700
2021-12-10,171.14422713494562,175.4616584549351,170.63628965473916,175.28582763671875,115402700
2021-12-13,176.91704079075095,177.9036129181879,171.45676231906222,171.66189575195312,153237000
2021-12-14,171.18324085105056,173.61546458889217,168.21379204713816,170.2845916748047,139380400
2021-12-15,171.0465102933484,175.33463817394934,168.31148231582245,175.1392822265625,131063300
2021-12-16,175.11972073731067,176.93655914468357,166.78766465581225,168.2626190185547,150185800
2021-12-17,165.98671202152144,169.44457351876034,165.75229083845704,167.16864013671875,195432700
2021-12-20,164.375008447403,166.62163920449956,163.5740445559153,165.81089782714844,107499100
2021-12-21,167.57889907243998,169.18084181030284,165.1955175809284,168.97572326660156,91185900
2021-12-22,169.02456703895956,171.77913555211592,168.15522025592128,171.56423950195312,92135300
2021-12-23,171.76937746561768,172.74617229930396,171.20283467351487,172.18939208984375,68356600
2021-12-27,172.9805506410723,176.23327841950962,172.96102548062714,176.14537048339844,74919600
2021-12-28,175.97935346537145,177.1222015844957,174.38717318344425,175.12953186035156,79144300
2021-12-29,175.16861028282216,176.43844648209003,174.00622210590865,175.2174530029297,62348900
2021-12-30,175.30535282655248,176.379833000267,173.95737131856603,174.0648193359375,59773000
2021-12-31,173.9573548573712,175.0709001571645,173.14661351296067,173.44943237304688,64062300
2022-01-03,173.70336783595081,178.63618304508262,173.58615726537937,177.78636169433594,104487900
2022-01-04,178.39201490568885,178.69481886787932,174.96345608354855,175.52999877929688,99310400
2022-01-05,175.44206970266174,175.98907226585013,170.58739959731207,170.86090087890625,94537600
2022-01-06,168.69246617678775,171.2321387270322,167.65706602936248,168.0087127685547,96904000
2022-01-07,168.878037036841,170.0990304259398,167.06119827767387,168.17474365234375,86709100
2022-01-10,165.1564429133354,168.4970788622131,164.2675561955421,168.19427490234375,106765600
2022-01-11,168.3212489833143,171.1148671703379,166.85605711502512,171.01719665527344,76138300
2022-01-12,172.0330618342014,173.06846173538992,170.7632407657719,171.45675659179688,74805200
2022-01-13,171.70096415486904,172.52146809219963,167.80354809549323,168.19427490234375,84505800
2022-01-14,167.36399798657283,169.74737940608347,167.11979931497876,169.05386352539062,80440800
2022-01-18,167.53006719532837,168.5361646254104,165.4788071020713,165.85975646972656,90956700
2022-01-19,166.0550783276264,167.11001826086033,162.08929472408371,162.37255859375,94815000
2022-01-20,163.1051891966637,165.74253213798244,160.37016081486053,160.6925048828125,91420500
2022-01-21,160.60458738914824,162.4702688967568,158.53378733529433,158.6412353515625,122848900
2022-01-24,156.30669005524535,158.53378075020058,151.11013516388041,157.8695526123047,162294600
2022-01-25,155.29079647095608,158.98307875093712,153.3762874615523,156.07223510742188,115798400
2022-01-26,159.70588295154988,160.57522936347738,154.15769796412494,155.9842987060547,108275300
2022-01-27,158.68024929795948,160.037992934875,154.60701838721283,155.52520751953125,121954600
2022-01-28,161.8646250162313,166.39695095221313,159.02214941138433,166.37741088867188,179935700
2022-01-31,166.2113952349244,170.93907816240107,165.57646971606974,170.72418212890625,115541600
2022-02-01,169.9720531603827,170.7827946109015,168.3115050264779,170.55813598632812,86213900
2022-02-02,170.69486467196293,171.79864739328102,169.30781806090394,171.7595672607422,84914300
2022-02-03,170.43112418107953,172.15029228212393,168.12588824034546,168.88778686523438,89418100
2022-02-04,167.90974218054592,170.27660988825676,166.93170310002452,168.60415649414062,82465400
2022-02-07,169.0638417050099,170.12990075671365,167.19578341710826,167.89019775390625,77251200
2022-02-08,167.9586430232075,171.49915455646115,167.6652283214683,170.99057006835938,74829200
2022-02-09,172.1838075995271,172.77062217708496,171.05905354274313,172.40875244140625,71285000
2022-02-10,170.31571564595043,171.62628436106874,167.78259814649985,168.34007263183594,90865900
2022-02-11,168.54544354970767,169.27897271653381,164.34964835819625,164.9364776611328,98670700
2022-02-14,163.69441590726865,165.8558891027738,162.9022065441299,165.1712646484375,86185500
2022-02-15,167.21536820889426,169.15188170406051,166.51117876998032,168.99539184570312,62527400
2022-02-16,168.07604144255788,169.5333102903167,166.31556790878483,168.7606658935547,61177400
2022-02-17,167.27404295611913,168.1347222265384,164.7702649952927,165.1712646484375,69589300
2022-02-18,166.0906242687398,166.79479876362558,162.54033719370844,163.62596130371094,82772700
2022-02-22,161.35687442039574,163.02932772220805,158.58902218443671,160.7113800048828,91162800
2022-02-23,161.90460945584556,162.50121399005073,156.24176881453315,156.55474853515625,90009200
2022-02-24,149.2291965620497,159.27366155009665,148.66193213542687,159.16607666015625,141147500
2022-02-25,160.2419073795577,161.49379611504713,157.33713033388693,161.229736328125,91974200
2022-02-28,159.479061922758,161.78723492110947,158.86289248069977,161.4938201904297,95056600
2022-03-01,161.08305614073245,162.9413396082361,158.4130132555384,159.61599731445312,83474400
2022-03-02,160.77986315221446,163.68464076398826,159.37148431939156,162.90220642089844,79724800
2022-03-03,164.7702811660162,165.20062084345977,161.9144082164394,162.5794677734375,76678400
2022-03-04,160.87764280753723,161.9143617747294,158.54013016070306,159.5866241455078,83737200
2022-03-07,159.7724722055909,161.3960207362876,155.54733601828758,155.8016357421875,96418800
2022-03-08,155.33216629168248,159.30300237550088,152.37848423515257,153.9824676513672,131148300
2022-03-09,157.93374136581392,159.82136448965088,155.9092082958325,159.3714599609375,91454900
2022-03-10,156.68187121650197,156.86770104560523,152.55454474714313,155.0387725830078,105342000
2022-03-11,155.4397780469511,155.7820977698025,151.1070711319146,151.33201599121094,96970100
2022-03-14,148.12403016599976,150.7353929741164,146.8036862331013,147.312255859375,108732100
2022-03-15,147.58612546449382,152.15358216127328,147.07755576988814,151.68411254882812,92964300
2022-03-16,153.60103819497576,156.48625045296393,151.06792059745445,156.0852508544922,102300200
2022-03-17,155.12678288189394,157.4642957434988,154.16830873861088,157.09263610839844,75615400
2022-03-18,156.9850782628136,160.8678953686917,156.25154880840884,160.37887573242188,123511700
2022-03-21,159.9191646814939,162.6968070121453,159.4301451412394,161.74810791015625,95811400
2022-03-22,161.8752272476192,165.69936326568208,161.28841281006214,165.112548828125,81532000
2022-03-23,164.3008129085659,168.8486892835288,163.9682682338466,166.47206115722656,98062700
2022-03-24,167.30339150441574,170.31575418142768,166.47206709718986,170.24729919433594,90131400
2022-03-25,170.06141595854737,171.43066450745278,168.9562271788445,170.88296508789062,80546200
2022-03-28,168.38898581373743,171.87080253422522,168.22272096176943,171.74366760253906,90371900
2022-03-29,172.80975399507543,175.07879724912362,172.46743429498167,175.0299072265625,100589400
2022-03-30,174.6288971925018,175.66561632731086,172.81951875433577,173.86602783203125,92633200
2022-03-31,173.93445242077016,174.1202822188197,170.56999586828974,170.775390625,103049300
2022-04-01,170.20816010667752,171.0394993928561,168.1640617684755,170.4820098876953,78751300
2022-04-04,170.73632454310336,174.57023673592576,170.60917466091976,174.52133178710938,76468400
2022-04-05,173.60196376939686,174.38439814013864,170.58960114244232,171.21554565429688,73401800
2022-04-06,168.57484765163213,169.8169616919483,166.393824277865,168.05648803710938,89058800
2022-04-07,167.40116034930097,169.55284318419794,166.11993163539967,168.35963439941406,77594700
2022-04-08,168.0075484323814,168.0075484323814,165.48420586824818,166.3546600341797,76575500
2022-04-11,165.00498773482366,165.31795249524248,161.8654755697351,162.1099853515625,72246700
2022-04-12,164.3301525745867,166.13951616252308,162.98045368647982,163.97805786132812,79265200
2022-04-13,163.71398991233582,167.28382721520924,163.10761035124472,166.6578826904297,70618900
2022-04-14,166.87306177033577,167.5087962740481,161.41560064690395,161.6601104736328,75329400
2022-04-18,160.32017704396847,162.94132974863555,159.977872292766,161.44493103027344,69023900
2022-04-19,161.3960167105301,164.13452917950872,160.31039271090148,163.72373962402344,67723800
2022-04-20,165.0538631380032,165.1712379709988,162.45229063171516,163.55746459960938,67929800
2022-04-21,165.2006278854853,167.76308617115384,162.26650987641895,162.7653045654297,87227800
2022-04-22,162.80440987833427,164.18343379206294,157.95332893712188,158.23695373535156,84882400
2022-04-25,157.5816658069576,159.58664908398902,154.98009296481885,159.3030242919922,96046400
2022-04-26,158.68684707978605,158.77486701882205,153.2782919448604,153.35653686523438,95623200
2022-04-27,152.48605200867664,156.2808328803658,151.96769257357874,153.13156127929688,88063200
2022-04-28,155.7527492675287,160.90702025080918,155.4397695467575,160.0463409423828,130216800
2022-04-29,158.28582131341926,162.5500717654253,153.79662607980254,154.18783569335938,131747600
2022-05-02,153.268494371806,154.7551028690703,149.90403790928826,154.4910430908203,123055300
2022-05-03,154.67689768841237,157.18069064394373,152.88709903691972,155.97769165039062,88966500
2022-05-04,156.1635144371754,162.82395888042848,155.76251479077115,162.3740692138672,108256500
2022-05-05,160.25177663914226,160.47672154353404,151.54721621125836,153.32725524902344,130525300
2022-05-06,152.80804796848787,156.16765847712838,151.01560506464577,154.05198669433594,116124600
2022-05-09,151.7502553954864,152.6317930294346,148.3808694909006,148.9391632080078,131577900
2022-05-10,152.328132388233,153.52309446613708,149.79127784510368,151.33885192871094,115366700
2022-05-11,150.34960463592216,152.2595803376125,142.81742986905113,143.49327087402344,142689800
2022-05-12,139.83983661531016,143.1994331763469,135.95131447864176,139.63414001464844,182602000
2022-05-13,141.62242982115953,145.0604001115948,140.17280954058904,144.09071350097656,113990900
2022-05-16,142.56273706460962,144.49230601105745,141.22084476017127,142.5529327392578,86643800
2022-05-17,145.8047810748366,146.6961077185766,143.66951587036147,146.17698669433594,78336300
2022-05-18,143.83608013972986,144.33560760113403,137.0287088681347,137.92984008789062,109742900
2022-05-19,137.0091561140078,138.7526228149115,133.79647489353653,134.5310821533203,136095600
2022-05-20,136.23534285932448,137.81230015984903,129.8883411847853,134.76612854003906,137426100
2022-05-23,134.96201586760006,140.31975175202894,134.82488980062982,140.17283630371094,117726300
2022-05-24,137.92002455292192,139.05622039365426,134.51145197634384,137.47926330566406,104132700
2022-05-25,135.58885488011762,138.87989482274827,135.50070562747283,137.63597106933594,92482700
2022-05-26,134.57020484609697,141.37755994588284,134.32533585009304,140.8290557861328,90601500
2022-05-27,142.4060284868712,146.60797434750936,142.27869181225157,146.5688018798828,90978500
2022-05-31,146.01050754614022,147.5678709384086,143.82626511004062,145.78521728515625,103718400
2022-06-01,146.823446577346,148.62569377792533,144.64900865939228,145.6578826904297,74286600
2022-06-02,144.7959487531145,148.16534881431244,143.84585577263883,148.10658264160156,72348100
2022-06-03,143.8850177275583,144.93306421639832,141.49510885340763,142.39622497558594,88570300
2022-06-06,144.01240411533595,145.52080603843785,141.92611474243267,143.1406707763672,71598400
2022-06-07,141.38736672807937,145.94192415465892,141.1424977278199,145.6578826904297,67808200
2022-06-08,145.5305951278923,146.79411301945456,144.43358641921046,144.92332458496094,53950200
2022-06-09,144.0613709060868,144.91351047437155,139.60475090946733,139.71249389648438,69473000
2022-06-10,137.40092646925825,137.87107088214006,134.24701176433422,134.31558227539062,91437900
2022-06-13,130.14299644685158,132.4251777606438,128.7423526705115,129.17332458496094,122207100
2022-06-14,130.39766413988795,131.1420606306549,128.7815195311164,130.03524780273438,84784300
2022-06-15,131.53383428431485,134.5212392737676,129.44756042743367,132.6504364013672,91533000
2022-06-16,129.36920136755154,129.67283655853572,126.39158573948599,127.39065551757812,108123900
2022-06-17,127.40046865716874,130.34868645706888,127.14579529566508,128.85987854003906,134520300
2022-06-21,130.68170729877417,134.24699991857628,130.58376865027734,133.0814208984375,81000500
2022-06-22,132.0235786011109,134.93262385029735,131.16164978530637,132.5720977783203,73409200
2022-06-23,134.01195231906672,135.74561458048865,132.84637315008302,135.43218994140625,72433800
2022-06-24,137.0287064173905,138.99746302987265,136.90138468183136,138.75259399414062,89116800
2022-06-27,139.7712426067131,140.5450371291734,138.0767530642211,138.75259399414062,70207900
2022-06-28,139.212931320367,140.47644880841756,134.50165406172098,134.6191864013672,67083400
2022-06-29,134.63878986432783,137.78289974267364,133.8649953839291,136.37245178222656,66242400
2022-06-30,134.4331227102609,135.53013138802967,131.0245493574635,133.91400146484375,98964500
2022-07-01,133.24794276909347,136.1863715256026,132.87575195629162,136.07862854003906,71051600
2022-07-05,134.94246932324853,138.70365515439954,134.1196977793648,138.65467834472656,73353800
2022-07-06,138.44898530382812,141.16212397864905,138.1845225098008,139.98675537109375,74064300
2022-07-07,140.3491044689141,143.5422056804672,140.33931508968487,143.3463134765625,66253700
2022-07-08,142.27870461467543,144.5217134378149,142.02404618814074,144.0221710205078,64547800
2022-07-11,142.68026652507825,143.6303594367227,140.82905749070648,141.8966827392578,63141600
2022-07-12,142.76844044820817,145.40323372369386,142.07302074051665,142.86639404296875,77588800
2022-07-13,140.0552923046931,143.44427122627144,139.2031379384123,142.5039825439453,71185600
2022-07-14,141.12292146669557,145.8929653987599,140.30995449187216,145.42282104492188,78140700
2022-07-15,146.70591085003534,147.76374670018814,145.15833701067942,147.08790588378906,76259900
2022-07-18,147.6462819165231,148.45924914402323,143.68918878376647,144.05160522460938,81420900
2022-07-19,144.88410592104603,148.1261694879342,143.8948404199678,147.90089416503906,82982400
2022-07-20,148.01845513052425,150.56509951384282,147.2838478982926,149.8990478515625,64823400
2022-07-21,151.32906041419434,152.3771070356204,148.821603940378,152.16162109375,65086600
2022-07-22,152.20081233549695,153.0725455912705,150.26145356507448,150.927490234375,66675400
2022-07-25,150.84914031891685,151.85799971719163,149.15465049641978,149.81089782714844,53623900
2022-07-26,149.1350139839463,149.9479808770686,147.70498735893062,148.4885711669922,55138700
2022-07-27,149.44849566558014,154.1010080911438,149.03711741300498,153.57208251953125,78620700
2022-07-28,153.7581586202447,154.40461645264705,151.24091273921562,154.12057495117188,81378700
2022-07-29,157.93072824104914,160.2716754702952,156.22643448443253,159.17465209960938,101786900
2022-08-01,157.70543713439505,160.23248719622674,157.58790478823227,158.19517517089844,67829400
2022-08-02,156.81413161603723,159.07671904499605,156.35377664743476,156.72596740722656,59907000
2022-08-03,157.53893055181024,163.1709180629882,157.45078129075776,162.72036743164062,82507500
2022-08-04,162.6028441618955,163.7586338892835,161.05526991931026,162.40695190429688,55474100
2022-08-05,160.08237587686597,162.67178435198056,159.876393569881,162.18136596679688,56697000
2022-08-08,163.18179581085533,164.59420304327227,161.05338198319762,161.71054077148438,60276900
2022-08-09,160.87685067478762,162.64235984823435,160.12160217379457,161.7595977783203,63135500
2022-08-10,164.4667081851827,166.0949008724902,163.70165667502752,165.996826171875,70170500
2022-08-11,166.80105976160058,167.713245527213,164.96690021924013,165.2611541748047,57149200
2022-08-12,166.5656804191666,168.87063747457046,166.1537158722437,168.80198669433594,68039400
2022-08-15,168.23308330651162,170.06724280100903,168.06634289486433,169.87107849121094,54091700
2022-08-16,169.46896318920653,170.38114909928223,168.3704308785935,169.71417236328125,56377100
2022-08-17,169.45912928634104,172.77434653771422,169.26296497615442,171.20501708984375,79542000
2022-08-18,170.4203849105247,171.54834118381174,169.8024529702403,170.81271362304688,62290100
2022-08-19,169.71416649279175,170.41056710828244,168.02712623620275,168.2331085205078,70346300
2022-08-22,166.43817940694694,166.6049198473659,163.9370428679026,164.3588104248047,69026800
2022-08-23,163.87817957003261,165.4769480040651,163.4564120530002,164.02529907226562,54147100
2022-08-24,164.11361274111158,164.88846719098774,163.06411023124903,164.319580078125,53841500
2022-08-25,165.54563671843377,166.8795753877456,165.12388407113372,166.7716827392578,51218200
2022-08-26,167.30132415112922,167.77212157949262,160.42564926256463,160.4844970703125,78961000
2022-08-29,158.06181135805244,159.77827539995786,156.7573118566176,158.28741455078125,73314000
2022-08-30,159.02305667853338,159.44480926961938,154.6975633016655,155.86476135253906,77906200
2022-08-31,157.23793525223348,157.50276536238007,154.1286845852179,154.2071533203125,87991100
2022-09-01,153.63825654168207,155.38414463005734,151.70600708998924,154.93296813964844,74229900
2022-09-02,156.6886409081276,157.2869518100939,152.0002433352291,152.8241424560547,76957800
2022-09-06,153.47150522336744,154.07961913097643,150.74478065092995,151.5686798095703,73714800
2022-09-07,151.85311468464747,153.66765323664163,150.66629592998046,152.9712677001953,87449600
2022-09-08,151.67658920142858,153.36362955067995,149.75414265238146,151.5000457763672,84923800
2022-09-09,152.49066452851048,154.79563648166842,151.7844609924952,154.354248046875,68028800
2022-09-12,156.53173198406338,161.11223777090294,156.24729591423596,160.2981414794922,104956000
2022-09-13,156.8357744463717,157.46350930410847,150.43091231518306,150.89190673828125,122656600
2022-09-14,151.82370097735972,154.08944624806267,150.66632089509483,152.333740234375,87965400
2022-09-15,151.68639505914092,152.2651001071562,148.4790697119515,149.45008850097656,90481100
2022-09-16,148.31232430924803,148.44964084888636,145.52673670084437,147.8120880126953,162278800
2022-09-19,146.4487439883553,151.59813732109004,146.24277663621996,151.51966857910156,81474200
2022-09-20,150.4603364872082,155.05065980282333,150.14647654096675,153.8932647705078,107689800
2022-09-21,154.32483969180942,155.69802002410492,150.6565200858437,150.7742156982422,101696800
2022-09-22,149.45987128233378,151.50981598394938,148.01804042401267,149.81297302246094,86652500
2022-09-23,148.29270193451399,148.5673350111051,145.7130966439831,147.54725646972656,96029900
2022-09-26,146.79202323434507,150.82326264584486,146.77240230987616,147.88075256347656,93339400
2022-09-27,149.81299153282302,151.75504386028683,147.0764489671257,148.8517608642578,84442700
2022-09-28,144.81071412247172,147.75322390412563,142.06436866631904,146.9685516357422,146691400
2022-09-29,143.3002265150421,143.90834038923484,137.9840792223541,139.7495880126953,128138200
2022-09-30,138.5726147256006,140.35774479295515,135.35547138562947,135.5516357421875,124925300
2022-10-03,135.5614611189966,140.32832857992096,135.05142179088293,139.72019958496094,114311700
2022-10-04,142.2507447443845,143.41794280659562,141.49549629829846,143.3002471923828,87830100
2022-10-05,141.30916116839794,144.55572849466822,140.26946161653336,143.59449768066406,79471000
2022-10-06,143.01577382273572,144.7126168501461,142.43708385477177,142.64305114746094,68402200
2022-10-07,139.80844218113944,140.35772324812106,136.7776606833551,137.4053955078125,85925600
2022-10-10,137.7290802001953,139.17091126885134,135.91454138275128,137.7290802001953,74899000
2022-10-11,137.21904887976436,138.64127407342733,135.57125040118655,136.31668090820312,77033700
2022-10-12,136.46384967439388,137.67027493258615,135.5124366353625,135.68898010253906,70433700
2022-10-13,132.40316808901153,140.83835578471064,131.79503908177543,140.24986267089844,113224000
2022-10-14,141.54451814883853,141.75050040665323,135.54180333634727,135.72816467285156,88598000
2022-10-17,138.36662131640782,140.1615390587515,137.58194907165392,139.68093872070312,85250900
2022-10-18,142.70191550699425,143.8887193551449,137.91542833833753,140.99525451660156,99136600
2022-10-19,138.974780941184,142.1723038055395,138.78841953799576,141.1031951904297,61758300
2022-10-20,140.27927658716155,143.0942732786787,139.91635681145763,140.64218139648438,64522000
2022-10-21,140.13212478208789,145.0167019837592,139.916339525803,144.44781494140625,86548600
2022-10-24,144.36934369172494,147.35108041478094,143.20214572577777,146.58602905273438,75981900
2022-10-25,147.21377179556336,149.56778877679034,146.4977652190575,149.420654296875,74732300
2022-10-26,148.06706216315803,149.0773224075895,145.20300684722855,146.4879150390625,88194300
2022-10-27,145.23250204640354,146.1937178528811,141.36800292889203,142.02516174316406,109180200
2022-10-28,145.35997702745019,154.48176014348397,144.98726930709842,152.7554931640625,164762400
2022-10-31,150.22494584357278,151.28425122815005,149.00870300208484,150.4014892578125,97943200
2022-11-01,152.10814502054632,152.4710497811702,146.27217011734126,147.76303100585938,80379300
2022-11-02,146.0956414814595,149.2539372421044,142.22133903213634,142.25076293945312,93604600
2022-11-03,139.3376819611652,140.06350662558899,136.09111434862288,136.2186279296875,97918500
2022-11-04,139.59828641105477,140.1681172493776,132.0234984378513,135.95335388183594,140814800
2022-11-07,134.7055842324109,136.70980337190065,133.29083425573356,136.4838409423828,83374600
2022-11-08,137.94774130575934,138.9498435557623,135.0789489012502,137.05369567871094,89908500
2022-11-09,136.07121539704306,136.12034157773797,132.22977893126608,132.50486755371094,74917800
2022-11-10,138.7631880310501,144.29444885253906,137.0536956773793,144.29444885253906,118854000
2022-11-11,143.26289458275522,147.37940577392345,141.83830991998155,147.07484436035156,93979700
2022-11-14,146.3576203774582,147.64464544159856,144.84461786588682,145.67971801757812,73374100
2022-11-15,149.55062261259357,150.89659305740093,145.95480194485347,147.40884399414062,89868300
2022-11-16,146.51481993344615,147.24183349471545,144.70707528826344,146.18077087402344,64218300
2022-11-17,143.8621718356149,148.8236171893066,143.5870831617381,148.0769500732422,80389400
2022-11-18,149.63903422199823,150.022194440957,147.3400729082456,148.6369171142578,74829600
2022-11-21,147.52678083863384,147.73308985978306,145.12956655626695,145.4144744873047,58724100
2022-11-22,145.53236323934706,147.7821986794849,144.3533947208252,147.54640197753906,51804100
2022-11-23,146.82919031011303,149.1674586072914,146.72111870836432,148.42079162597656,58301400
2022-11-25,145.70918504900035,146.2691965387926,144.5400508786952,145.5126953125,35195900
2022-11-28,142.59481349853306,144.0685093862778,140.86568238708142,141.69094848632812,69246000
2022-11-29,141.75967888062996,142.2705641956943,137.88878454429147,138.69439697265625,83763800
2022-11-30,138.92037287256267,146.11201495746124,138.0852876520207,145.43411254882812,111380900
2022-12-01,145.61094536816785,146.51481013470644,144.03899751867118,145.7091827392578,71250400
2022-12-02,143.40043783526434,145.40465760065473,143.09586143280922,145.21798706054688,65447400
2022-12-05,145.17867816271277,148.27343309869434,143.21375058654476,144.0586700439453,68826400
2022-12-06,144.49093730068225,144.71689974436399,139.43124046996064,140.4038848876953,64727200
2022-12-07,139.69655531326703,140.8558556105538,137.54495680465763,138.46847534179688,69721100
2022-12-08,139.86351440208722,141.0031757409908,138.62561570092225,140.14842224121094,62128300
2022-12-09,139.84387422747133,143.0172426533997,138.42912415381502,139.6670379638672,76097000
2022-12-12,140.19754337716597,141.9659807375352,138.5863037802082,141.95616149902344,70462700
2022-12-13,146.87833415604433,147.34009332894186,141.71058010364294,142.91900634765625,93886200
2022-12-14,142.8011107216781,144.0881358235322,138.68458524913544,140.69863891601562,82291200
2022-12-15,138.63546667684503,139.3133690938159,133.64454880056923,134.10630798339844,98931900
2022-12-16,134.29299371012456,135.23615066480997,131.3848939522239,132.15121459960938,160156900
2022-12-19,132.7407240993603,132.82914226976905,129.01719178598367,130.04876708984375,79592600
2022-12-20,129.08593469778208,130.91331820064397,127.61223880809378,129.97998046875,77432800
2022-12-21,130.64800547841642,134.4108428696223,130.42204304769788,133.07469177246094,85928000
2022-12-22,131.99401195090732,132.20032094511618,128.0150307307424,129.9111785888672,77852100
2022-12-23,128.62415014924704,130.0978457490201,127.3665977700706,129.54766845703125,63814900
2022-12-27,129.07605703873548,129.10552974389384,126.46270057920476,127.74972534179688,69007800
2022-12-28,127.39606774936588,128.73221899747332,123.66271014073895,123.82972717285156,85438400
2022-12-29,125.74551863845643,128.19185099265815,125.49008349000029,127.33711242675781,75703700
2022-12-30,126.15817044916967,127.67115798862761,125.19535270118398,127.65150451660156,77034200
2023-01-03,127.9953746812147,128.6044974020352,121.99252063798394,122.87673950195312,112117500
2023-01-04,124.66483917038782,126.40380440814197,122.88658197418445,124.14413452148438,89113600
2023-01-05,124.90062068574457,125.52939692056383,122.57218626779334,122.82762145996094,80962700
2023-01-06,123.80025946812165,128.0051956310965,122.69989736764362,127.3469467163086,87754700
2023-01-09,128.18204084518473,131.07048653770673,127.6122100970975,127.86764526367188,70790800
2023-01-10,127.9757103650532,128.958174020526,125.87323874198964,128.43746948242188,63896200
2023-01-11,128.9484144016718,131.16877789281833,128.172274351121,131.14913940429688,69458900
2023-01-12,131.53222415316628,131.90555010610956,129.13501070565974,131.07046508789062,71379600
2023-01-13,129.71468306570503,132.55400260182785,129.35117628841525,132.3968048095703,57809700
2023-01-17,132.46561675484807,134.88246968730516,131.77789498509242,133.55615234375,63646600
2023-01-18,134.4207108763407,136.17931456809228,132.66209219338052,132.8389434814453,69672800
2023-01-19,131.7287538123279,133.86069855178562,131.42419241972087,132.89788818359375,58280400
2023-01-20,132.90769302903612,135.59964906296133,131.86628386729487,135.4522705078125,80223600
2023-01-23,135.6979103035641,140.80673462294286,135.48176704430378,138.63548278808594,81760300
2023-01-24,137.84950755371702,140.64953566811175,137.8396883115422,140.03057861328125,66435100
2023-01-25,138.41930821894437,139.93229570032543,136.37578195167205,139.37229919433594,65799300
2023-01-26,140.65936144448216,141.72042430582104,139.4116280346841,141.43551635742188,54105100
2023-01-27,140.64948220797868,144.64810096985272,140.57088332682684,143.3708953857422,70555800
2023-01-30,142.41792955695834,142.9975794810538,140.34493076851774,140.49229431152344,64015300
2023-01-31,140.19756045993424,141.8088002532181,139.78492752410364,141.75967407226562,65874500
2023-02-01,141.44529588395375,144.0389993752098,138.8417731528238,142.8796844482422,77663600
2023-02-02,146.28885767804982,148.52887400177488,145.57166328269082,148.17520141601562,118339000
2023-02-03,145.43410775063012,154.62014981197694,145.23761799882098,151.7906494140625,154357300
2023-02-06,149.8945101165513,150.41521473457135,148.13589150827315,149.06922912597656,69858300
2023-02-07,147.9983146799996,152.50781896271047,147.9983146799996,151.93798828125,83322600
2023-02-08,151.18149451181517,151.8692159923906,148.51901171912547,149.255859375,64120100
2023-02-09,151.08326181502397,151.62361983119905,147.78218328763404,148.2242889404297,56007100
2023-02-10,147.0632318137508,148.9130734935689,146.8270751036462,148.58836364746094,57450700
2023-02-13,148.52935383999073,151.78627208132363,148.49983612289876,151.3828582763672,62199000
2023-02-14,149.68055772689488,151.3041068890254,148.4407688328002,150.7432403564453,61707600
2023-02-15,150.65468023132328,153.00635283510616,150.42837278798947,152.83908081054688,65573800
2023-02-16,151.04826665403036,153.82305157694913,150.8908438680814,151.2450714111328,68167900
2023-02-17,149.90689371085574,150.54646418705764,148.43094798353164,150.1036834716797,59144100
2023-02-21,147.79134145705774,148.87370750867322,146.03005307934987,146.0989227294922,58867200
2023-02-22,146.4826819914061,147.54536466728035,144.80011234851025,146.5220489501953,51011300
2023-02-23,147.68313363952294,147.92912460701393,144.87884561858363,147.0041961669922,48394200
2023-02-24,144.75090982195374,144.82962872471046,143.38320079150859,144.35733032226562,55469600
2023-02-27,145.3413038601465,146.7778826433076,145.08546365545737,145.5479278564453,44998500
2023-02-28,144.69188448050687,146.68932985809187,144.47541123636594,145.04611206054688,50547000
2023-03-01,144.4754113339038,144.86899086128216,142.68458995191014,142.9797821044922,55479000
2023-03-02,142.0647267151534,144.3573646302391,141.59241318636302,143.5701904296875,52238100
2023-03-03,145.66597544130724,148.68675112203792,144.96736964186593,148.6080322265625,70732300
2023-03-06,151.32379221822697,153.79355106354063,150.99909736370918,151.3631591796875,87558000
2023-03-07,151.2352451910372,151.55995507278075,148.70646582947896,149.16893005371094,56182000
2023-03-08,150.35952840818192,151.00894821688513,149.39524794362458,150.41856384277344,47204800
2023-03-09,151.09748364556307,152.06176399701366,147.82088228318355,148.17510986328125,53833600
2023-03-10,147.80122193638456,148.5195113692859,145.24290982690115,146.11863708496094,68572400
2023-03-13,145.43968998615728,150.6842189540097,145.33145336527863,148.05703735351562,84457100
2023-03-14,148.85404568502526,150.94004418166887,147.6929755826584,150.14303588867188,73695900
2023-03-15,148.76549840164833,150.79246155107444,147.51586009545082,150.53663635253906,77167900
2023-03-16,149.71996989991683,153.95101821737325,149.20830440210594,153.35079956054688,76161100
2023-03-17,153.57707174404283,154.22649145558808,151.80593390078133,152.51438903808594,98944600
2023-03-20,152.5832927983786,155.28919358755078,151.6780327765039,154.87591552734375,73641400
2023-03-21,154.7971931327365,156.84382463636302,154.02968755125636,156.7257537841797,73938300
2023-03-22,156.7454546452784,159.5399085601911,155.27934300701256,155.2990264892578,75701800
2023-03-23,156.28297554136526,158.9593583364734,155.15140813839363,156.38136291503906,67622100
2023-03-24,156.31252740651905,157.76878997628896,155.31872913493615,157.68023681640625,59196500
2023-03-27,157.37517430078694,158.19186606543823,155.33836200567538,155.74179077148438,52390300
2023-03-28,155.4367475403247,155.9484128704115,153.4786543640599,155.1218719482422,45992200
2023-03-29,156.81432081388166,158.4673879613573,156.79465234617297,158.19187927246094,51305700
2023-03-30,158.9396863414281,159.8646148025582,158.68386113447403,159.75637817382812,49501700
2023-03-31,159.8350878653574,162.35403288236776,159.31358823359025,162.25563049316406,68749800
2023-04-03,161.63575413574327,163.62335040456196,161.58655293789977,163.50527954101562,56976200
2023-04-04,163.92838412805693,164.16452584406122,162.4622725801105,162.97393798828125,46278300
2023-04-05,162.0982064947886,162.40323287933546,159.20535043705326,161.1339111328125,51511700
2023-04-06,159.82526545905753,162.3147081943001,159.40216814543908,162.01951599121094,45390100
2023-04-10,158.8314525568901,159.43167114257812,157.51294452082058,159.43167114257812,47716900
2023-04-11,159.74649052019637,159.75632475075687,157.935986152869,158.22134399414062,47644200
2023-04-12,158.6346580327857,159.46118408911326,157.2177476424543,157.53262329101562,50133100
2023-04-13,159.03805912639,163.14118599216286,158.8314201412513,162.905029296875,68445600
2023-04-14,161.95057076563972,163.65283866101953,161.19292957831368,162.56063842773438,49386500
2023-04-17,162.44259843625022,162.73779061232008,161.39959909302152,162.58035278320312,41516200
2023-04-18,163.43639900098648,164.7253892225956,162.99360326395418,163.8004608154297,49923000
2023-04-19,163.1412083770297,165.46336364998885,162.8853681685066,164.94186401367188,47720200
2023-04-20,163.42656743390464,165.1780220485777,162.90506774605808,163.9775848388672,52456400
2023-04-21,162.4032359760057,163.78077935638615,161.85221862385353,162.37371826171875,58337300
2023-04-24,162.35403159020615,162.9444158925364,161.26183114076272,162.67874145507812,41949600
2023-04-25,162.54097982284455,163.64301445601814,161.1043860925183,161.1437530517578,48714100
2023-04-26,160.44513945575562,162.6295403559192,160.1893142654478,161.1339111328125,45498800
2023-04-27,162.54095594925062,165.85690860859063,162.54095594925062,165.70932006835938,64902300
2023-04-28,165.78806481489534,167.12625617335198,165.1878463008649,166.95896911621094,55275900
2023-05-01,166.56542643996343,167.71666253016707,165.93569007402044,166.87045288085938,52472900
2023-05-02,167.36241202489828,167.6182522416185,164.8533011388869,165.83726501464844,48425700
2023-05-03,166.7818533947913,168.17908009941613,164.47938185396285,164.7647247314453,65136000
2023-05-04,162.24581661627295,164.36133312270948,161.6751157183002,163.13137817382812,81235400
2023-05-05,168.23812815446027,171.504895212846,168.02165491497223,170.78660583496094,113453200
2023-05-08,169.7140651629481,171.06210572406735,169.35000337616833,170.71771240234375,55962800
2023-05-09,170.27492954930042,170.75706217667226,168.84818511789587,169.0154571533203,45326900
2023-05-10,170.24539961899495,171.23919752781075,169.14335009103814,170.7767333984375,53724500
2023-05-11,171.0621017201797,171.7902252766967,169.4090348343318,170.9636993408203,49514700
2023-05-12,171.07208510437357,171.50563041723674,168.49053896760506,170.03750610351562,45533100
2023-05-15,170.61881529397183,170.6680845320844,168.95361427584695,169.54481506347656,37266700
2023-05-16,169.4659872894686,170.5991045917547,169.27877320555717,169.54481506347656,42110300
2023-05-17,169.19014751327734,170.3922300756776,167.91906995533154,170.15576171875,57951600
2023-05-18,170.4611756877155,172.6683084617715,170.04734111161662,172.48109436035156,65496700
2023-05-19,173.80146880445517,173.80146880445517,172.37275062180032,172.5895233154297,55809500
2023-05-22,171.42679729660153,172.1460951955022,170.9045763773169,171.64356994628906,43570900
2023-05-23,170.58932589998525,170.83565715552854,168.76646859501835,169.0423583984375,50747300
2023-05-24,168.57924358561866,169.8897275849513,168.01761617725649,169.3182373046875,45143500
2023-05-25,169.87986475065702,171.34798918728478,169.17042964019168,170.45135498046875,56058300
2023-05-26,170.77650880236848,173.19055165787438,170.56958397024448,172.85552978515625,54835000
2023-05-30,174.36309800636275,176.36330631715728,173.9788219031772,174.69810485839844,55964400
2023-05-31,174.72766202276017,176.71802248155805,174.16601962684186,174.64883422851562,99625300
2023-06-01,175.0922328882,177.47671735788407,174.33352850038895,177.44715881347656,68901800
2023-06-02,178.37333767160567,179.11233123154489,176.62930866038764,178.2945098876953,61996900
2023-06-05,179.94990047733975,182.23584654381537,175.42724752914353,176.9446563720703,121946500
2023-06-06,177.328904296753,177.4766970018392,174.82617090162998,176.58006286621094,64848400
2023-06-07,175.82137635899298,178.55073052308683,174.71781728969785,175.21047973632812,61944600
2023-06-08,175.28927455408018,178.18613184931536,174.85574427470908,177.92010498046875,50214900
2023-06-09,178.83646640490514,179.5557493602978,177.97923856717878,178.3043975830078,48900000
2023-06-12,178.60984190485868,181.19138823156914,178.31424143935143,181.0928497314453,54274900
2023-06-13,180.1173932820357,181.44757286544584,179.7626757194867,180.61990356445312,54929100
2023-06-14,180.67899811094975,181.68403358526143,179.34881869349235,181.25048828125,57462900
2023-06-15,181.26036948430115,183.78279874291368,181.08300318978328,183.2802734375,65433200
2023-06-16,183.98970387223915,184.245897953939,181.56581317602513,182.20626831054688,101256200
2023-06-20,181.7037512704965,183.36895259993452,181.7037512704965,182.29493713378906,49799100
2023-06-21,182.1865534203878,182.68907870149724,179.91045548906328,181.26036071777344,49515700
2023-06-22,181.04359886716716,184.30502181445038,180.9746189088309,184.25575256347656,51245300
2023-06-23,182.82703803401998,184.80753566864925,182.29495416898448,183.94044494628906,53117000
2023-06-26,184.08825189117624,185.29034946556595,182.51172604562308,182.5511474609375,48088700
2023-06-27,183.1620179856705,185.6253298715582,182.94524533692336,185.3001708984375,50730800
2023-06-28,185.1720661878379,187.11315707618536,184.84692226306757,186.4727020263672,51216800
2023-06-29,186.3052137668684,187.2806907250245,186.16726889716722,186.80772399902344,46347300
2023-06-30,188.81777221441135,191.62593851624817,188.45319186108497,191.12342834472656,85213200
2023-07-03,190.93624105216273,191.0347795474039,188.9458807202263,189.6356201171875,31458200
2023-07-05,188.7587001877792,190.14799688410469,187.82262949557398,188.522216796875,46920300
2023-07-06,187.05405664400223,189.20207252866174,186.42344937265386,188.99514770507812,45094300
2023-07-07,188.60099643398274,189.8425000907618,187.4481683880748,187.88169860839844,46815000
2023-07-10,186.4825418141745,187.2018396490787,184.2951198418446,185.8420867919922,59922200
2023-07-11,186.38402246734722,186.52196732292174,183.86159365977753,185.3198699951172,46638100
2023-07-12,186.89640150427806,188.88676181703667,185.70416691161034,186.98509216308594,60750200
2023-07-13,187.70438329432415,188.38425984411805,186.99494820191867,187.74378967285156,41342300
2023-07-14,187.4383302857117,188.37438582770977,186.8471444335954,187.89158630371094,41616200
2023-07-17,189.0838630419081,191.46836279221105,188.99518739954638,191.14320373535156,50520200
2023-07-18,190.5125649317522,191.47817907078496,189.5962050071137,190.88697814941406,48288200
2023-07-19,190.26618250408472,195.32088737822784,189.82277441498206,192.23683166503906,80507300
2023-07-20,192.22701989757815,193.58677299126168,189.67503216410122,190.29579162597656,59581200
2023-07-21,191.25153499324207,192.10876269219432,188.42364281090323,189.12322998046875,71951700
2023-07-24,190.57167418096722,192.04966138875844,189.4286937985748,189.92135620117188,45377800
2023-07-25,190.49285737606127,191.58656857428397,190.08887057427083,190.77859497070312,37283200
2023-07-26,190.82783906853456,192.76892999363082,190.4829844332044,191.64566040039062,47471900
2023-07-27,193.14338839624878,194.30606454519102,189.72430983845956,190.3844757080078,47460200
2023-07-28,191.81319626670884,193.74443968391378,191.2909752730755,192.9561767578125,48291400
2023-07-31,193.1827862905988,193.60648379116893,192.39452340931743,193.5670623779297,38824100
2023-08-01,193.36016991822595,193.8429695122176,192.41425136889904,192.73941040039062,35175100
2023-08-02,192.17772026565052,192.31566512038475,189.03454714457348,189.7538299560547,50389300
2023-08-03,188.7586713954234,189.54691917513858,187.89158079590146,188.36453247070312,61235200
2023-08-04,182.79745486603875,184.6301595328746,179.25027969317492,179.3192596435547,115956800
2023-08-07,179.4572524678221,180.44257749750784,174.74740002871357,176.2253875732422,97576100
2023-08-08,177.05300588853657,177.62449604499406,174.97397007455905,177.16139221191406,67823000
2023-08-09,178.2156906972674,178.27480777933516,174.41233639065635,175.5750274658203,60378500
2023-08-10,176.84611157664116,178.097478428752,174.9937109597073,175.3582763671875,54686900
2023-08-11,174.95375100085724,176.23639103718068,174.19402209160106,175.41746520996094,52036700
2023-08-14,175.59506357405235,177.29211207450308,174.9438673937282,177.065185546875,43675600
2023-08-15,176.4929258073929,177.08491002448199,174.68734458769583,175.08200073242188,43622600
2023-08-16,174.76626971305478,176.15744233651847,174.14467201512105,174.2137451171875,46964900
2023-08-17,174.7761369036864,175.1411945839284,171.1649745274817,171.67803955078125,66062900
2023-08-18,170.0007213782545,172.76335939467492,169.6652621694116,172.1614990234375,61172200
2023-08-21,172.7337706675176,173.77962299820936,171.42151715942626,173.4934844970703,46311900
2023-08-22,174.69721483499137,175.30893640777694,173.89802631437342,174.8649444580078,42038900
2023-08-23,176.1377232252428,179.12728783194132,175.9502562936072,178.70301818847656,52722800
2023-08-24,178.25905172631101,178.68332143034684,173.6612333709249,174.02630615234375,54945800
2023-08-25,175.0129348306344,176.7593040006282,173.4737548580186,176.2265167236328,51449600
2023-08-28,177.6867593505913,178.1800870283186,176.1673167274641,177.78543090820312,43820700
2023-08-29,177.30196426395187,182.4325690983829,177.1046362040057,181.66297912597656,53003900
2023-08-30,182.47203136515444,185.34320186637345,182.27470331859433,185.14585876464844,60813900
2023-08-31,185.33336235534645,186.5962801694583,184.97816577917948,185.3629608154297,60794500
2023-09-01,186.961330634287,187.38558521498553,185.76747101772168,186.93173217773438,45766500
2023-09-05,185.76746926717502,187.44478036173828,185.10641198511868,187.16851806640625,45280000
2023-09-06,185.88585963952747,186.32986658571798,179.04834537431464,180.46913146972656,81755800
2023-09-07,172.84227669356144,175.83185624974686,171.22416252451072,175.19052124023438,112488800
2023-09-08,175.96997548136457,177.83475336123297,175.4174358773743,175.80223083496094,65551300
2023-09-11,177.6670388917848,177.89396541040293,174.97345890425444,176.9665069580078,58953100
2023-09-12,177.09475937210624,177.72621814105926,172.48708107979573,173.94732666015625,90370200
2023-09-13,174.15451849429098,174.93398459835862,171.6582818339781,171.88522338867188,84267900
2023-09-14,171.67803539320033,173.75001770449512,171.26364194197464,173.3948211669922,60895800
2023-09-15,174.12492983939754,174.14466716160445,171.50043808217407,172.67454528808594,109259500
2023-09-18,174.12494029407293,176.98624997924455,173.8190795297471,175.59506225585938,67257600
2023-09-19,175.15107052586188,177.23291401853146,174.7662755227223,176.68038940429688,51826900
2023-09-20,176.8678428874874,177.3019736755132,173.0593524132158,173.14816284179688,58436200
2023-09-21,172.2206842726111,173.94733103404198,171.5398897121348,171.60894775390625,63149100
2023-09-22,172.33911043282527,174.71695374662696,171.7273888544839,172.45750427246094,56725400
2023-09-25,171.87536866413782,174.60840835340898,171.82603288281885,173.73028564453125,46172700
2023-09-26,172.48708745695123,172.86200623492672,169.36925308333926,169.66525268554688,64588900
2023-09-27,170.3164478696235,170.73084132501634,166.7940959712009,168.15567016601562,66921800
2023-09-28,167.08022534636603,169.7343308371659,165.38317681816312,168.41221618652344,56294400
2023-09-29,169.72445084440017,170.7604419321708,168.06686209293406,168.92526245117188,51861100
2023-10-02,168.93514418826848,171.97404472395215,168.64900568223578,171.43138122558594,52164500
2023-10-03,169.96127983577614,171.31300817848214,168.54050848834052,170.0994110107422,49594600
2023-10-04,168.80686354725646,171.88523853747708,168.68846972057472,171.3425750732422,53020300
2023-10-05,171.47084810780015,173.10869980697885,170.3756599300563,172.57591247558594,48527900
2023-10-06,171.48069938400815,175.61478762599208,170.86896284182788,175.1214599609375,57266700
2023-10-09,174.45053908507856,176.66065260372454,173.45402254968238,176.60145568847656,42390800
2023-10-10,175.7233217666065,177.3216985969386,175.5753144327677,176.0094451904297,43698000
2023-10-11,175.82198018511957,177.4499705441094,175.22999600880442,177.400634765625,47551100
2023-10-12,177.6670336186698,179.906730392158,176.6507647716162,178.29849243164062,56743100
2023-10-13,178.99902980590412,179.5022186651883,175.76280113660414,176.4633331298828,51427100
2023-10-16,174.39132507709223,176.6902337432856,174.15452238414363,176.3350372314453,52517000
2023-10-17,174.29266779074965,176.03905203817294,172.467364361049,174.78599548339844,57549400
2023-10-18,173.23695950912395,175.21027033840411,172.77323025982977,173.4934844970703,54764400
2023-10-19,173.69080766680926,175.46679037407037,172.85215962113486,173.11856079101562,59302900
2023-10-20,172.9705790235715,173.07911173437196,170.33621055796252,170.57301330566406,64244000
2023-10-23,168.62928473640696,171.68790756499885,167.6623515662161,170.69139099121094,55980100
2023-10-24,170.74070856198063,171.35243005141567,169.1620540054936,171.12550354003906,43816600
2023-10-25,169.58633193718455,170.75057806188605,168.3727349771656,168.81674194335938,57157000
2023-10-26,168.0964746462511,169.0930062294273,163.459197305812,164.6629180908203,70625300
2023-10-27,164.6826577744484,166.70530437202822,164.60372353518264,165.9751739501953,58499100
2023-10-30,166.76449089816728,168.8857938712959,166.61648356307745,168.0175323486328,51131000
2023-10-31,167.09010101577766,168.61940486913602,165.65943861592592,168.49114990234375,44846000
2023-11-01,168.71806981976965,171.90496247869652,167.849808268541,171.6484375,56934900
2023-11-02,173.17776232760195,175.40759814141026,173.118565411641,175.20040893554688,77334800
2023-11-03,171.91486569633807,174.46043878115682,171.03674287311975,174.29269409179688,79829200
2023-11-06,174.02628274488598,177.0355696443862,173.85855313497558,176.83824157714844,63841300
2023-11-07,176.7889073081916,180.00541354681909,176.58171810512866,179.39369201660156,70530000
2023-11-08,179.91661457451394,181.00192645947115,179.16674685036813,180.44940185546875,49340300
2023-11-09,180.51849360423827,181.66300252138785,179.38383076688,179.975830078125,53763500
2023-11-10,181.75416743266703,184.3228576622084,181.31946461766734,184.15489196777344,66133400
2023-11-13,183.58186108306094,183.7893232540613,181.9912524470517,182.5741424560547,43627500
2023-11-14,185.43920547847273,185.8442707665973,184.05607409829287,185.18234252929688,60108400
2023-11-15,185.5874067506803,187.21752694473682,185.51824264456812,185.74546813964844,53790500
2023-11-16,187.28668991537342,188.65994715340477,186.37775779056014,187.4250030517578,54412900
2023-11-17,187.95848017105547,188.08691917335904,186.29872264128753,187.4052276611328,50922700
2023-11-20,187.60281994734135,189.598493753426,187.59294582194016,189.14402770996094,46505100
2023-11-21,189.10452557023848,189.21320125507725,187.45464204586924,188.3437957763672,38134500
2023-11-22,189.18356183514956,190.60620477415247,188.53150773289747,189.00572204589844,39617700
2023-11-24,188.57099258448812,188.6006300326625,186.97051008307392,187.6818389892578,24048300
2023-11-27,187.63243679384846,188.3734031425855,186.6247183385664,187.50399780273438,40552600
2023-11-28,187.49413155220094,188.77847629228074,187.1187037624085,188.10665893554688,38415400
2023-11-29,188.6006511365786,189.77632029571453,186.69390474066958,187.08908081054688,43014200
2023-11-30,187.55340318726755,188.02763251612237,185.92328320995222,187.66207885742188,48794400
2023-12-01,188.0375263099119,189.25270705783993,186.95076949469112,188.9365692138672,45704800
2023-12-04,187.69170901814908,187.76087311237956,185.19218377665425,187.14833068847656,43389500
2023-12-05,187.91895861640964,192.0584780958342,187.88930609245244,191.0902862548828,66628400
2023-12-06,192.1079050949125,192.41416882595195,189.79609331061306,190.00357055664062,41089700
2023-12-07,191.29779342674496,192.65128739108172,191.25826677194576,191.93008422851562,47477700
2023-12-08,191.86091528323507,193.629363703371,191.33730018286,193.3527374267578,53406400
2023-12-11,190.78403090604945,191.15945870925907,189.11438419177532,190.85317993164062,60943700
2023-12-12,190.75440470261375,192.3746507369947,189.4107849369075,192.36477661132812,52696900
2023-12-13,192.74018081786602,195.61513413450965,192.50308121236986,195.57562255859375,70404200
2023-12-14,195.63490356313392,197.21562292408947,193.79730618821,195.72381591796875,66831600
2023-12-15,195.1508114803035,196.01032777733312,194.62719637119332,195.19033813476562,128538400
2023-12-18,193.72816667410518,194.26167102083278,192.0486455445977,193.53057861328125,55751900
2023-12-19,193.79731295132126,194.5777909959987,193.53056080250687,194.5679168701172,40714100
2023-12-20,194.5283970820936,195.2990010280865,192.48333740234375,192.48333740234375,52242800
2023-12-21,193.73803856316968,194.70623052718972,191.16934877699248,192.3351287841797,46482500
2023-12-22,192.82909873139974,193.0563392932213,190.64572606781581,191.2681427001953,37149600
2023-12-26,191.27801448490152,191.55464074590694,190.5074106042434,190.72476196289062,28919300
2023-12-27,190.17150836602553,191.16933772508392,188.78836199381533,190.82354736328125,48087700
2023-12-28,191.80163510638113,192.31537606668746,190.84331729052167,191.24838256835938,34049900
2023-12-29,191.56452296375952,192.0585006042798,189.4206618129017,190.21102905273438,42672100
2024-01-02,184.89582930034302,186.17030008579113,181.6751004330507,183.40402221679688,82488700
2024-01-03,182.00107849721155,183.64108748001073,181.22058557437447,182.0307159423828,58414500
2024-01-04,179.95603270422265,180.88471299934187,178.70134046081682,179.71893310546875,71983600
2024-01-05,179.79798286255345,180.55869755734878,177.99989705667167,178.9977264404297,62379700
2024-01-08,179.89677561800764,183.36450834315934,179.313885613353,183.32498168945312,59144500
2024-01-09,181.7047275700206,182.9199083051763,180.52905841182087,182.9100341796875,42841800
2024-01-10,182.12955368013527,184.1548498527509,181.70472508990332,183.9473876953125,46792900
2024-01-11,184.29316874581366,184.7970355796361,181.4083411771675,183.3546142578125,49128400
2024-01-12,183.818931403084,184.49074873898914,182.95941525310155,183.6806182861328,40477800
2024-01-16,179.96594785640553,182.04064501968628,178.75075193755313,181.41824340820312,65603000
2024-01-17,179.08666971271487,180.72666412936158,178.1283518215105,180.47967529296875,47317400
2024-01-18,183.8485869578717,186.86185345428623,183.59172402252184,186.35800170898438,78005800
2024-01-19,187.04957995238564,189.63801803091337,186.5457281731689,189.25271606445312,68903000
2024-01-22,189.98379650311966,192.97729968749402,189.94426985134535,191.5546417236328,60133900
2024-01-23,192.67105542323813,193.392258603415,191.49538615178406,192.82911682128906,42355600
2024-01-24,193.06620457832125,194.0146482092326,191.999211146671,192.15728759765625,53631300
2024-01-25,192.86863967517039,193.90599578100486,190.78405333725613,191.83128356933594,54822100
2024-01-26,191.93006387634745,192.41415228379137,189.6281264159501,190.1023406982422,44594000
2024-01-29,189.69728055859,189.88499446653958,187.29655655692048,189.420654296875,47145600
2024-01-30,188.6401800108733,189.4898221386195,185.21197404804863,185.7751007080078,55859400
2024-01-31,184.78715652135838,184.84644650359252,182.12956937209933,182.178955078125,55467800
2024-02-01,181.77391734166875,184.69825684937862,181.60596673463837,184.60934448242188,64885400
2024-02-02,177.69359407931566,185.07361943336437,177.0909409019771,183.6114501953125,102551700
2024-02-05,185.8837890630235,186.97054595458332,183.6016146657499,185.41944885253906,69668800
2024-02-06,184.60929974417922,187.02978684421677,184.5203873987695,187.01991271972656,43490800
2024-02-07,188.3437817688575,188.74884702540382,186.33823388644547,187.12860107421875,53439000
2024-02-08,187.1088468471974,187.25703410679802,185.09342474162452,186.05174255371094,40962000
2024-02-09,186.61560601384656,187.94116702243676,185.97262160450546,186.81346130371094,45155200
2024-02-12,186.38803740610462,186.63534135369167,184.7756108376818,185.13172912597656,41781900
2024-02-13,183.76664838776776,184.2019058140478,181.53101071537256,183.0445098876953,56529500
2024-02-14,183.3215042025078,183.5292310959524,180.472557481369,182.1641082763672,54630500
2024-02-15,181.57058851615943,182.50045391335385,179.39431647047905,181.8772430419922,65434500
2024-02-16,181.44196326564102,182.85654973235168,179.7108355866275,180.34393310546875,49752500
2024-02-20,179.82955095197704,180.46264852115328,178.0588611409836,179.60203552246094,53665600
2024-02-21,179.9779901246902,180.91774245554046,178.71179465053052,180.35389709472656,41371400
2024-02-22,181.50132758611662,182.9653779737103,180.49233824441416,182.38172912597656,52292200
2024-02-23,183.0148347964746,183.04451006700117,180.2648157032703,180.55169677734375,45119700
2024-02-26,180.2746995194681,180.78908088671756,178.70183486744935,179.2063446044922,40867400
2024-02-27,179.14697779936824,181.9365583565945,177.62357709638727,180.6604766845703,54318900
2024-02-28,180.54180381169616,181.145226165725,178.18748003378263,179.46356201171875,48953900
2024-02-29,179.31516246277232,180.6011460945577,177.59392143922238,178.80076599121094,136682600
2024-03-01,177.6137198257161,178.5831471920378,175.46712311031385,177.7225341796875,73563100
2024-03-04,174.25036500096815,174.9922768844708,171.91581500377694,173.21170043945312,81510100
2024-03-05,168.91849794898403,170.1846930657021,167.7907924514621,168.285400390625,95132400
2024-03-06,169.21526961759642,169.39333632878757,166.86093094295472,167.2961883544922,68587700
2024-03-07,167.32585131213037,168.88881413208614,166.67298033709926,167.17747497558594,71765100
2024-03-08,167.17750030588184,171.82681238429842,167.11814976227143,168.8888397216797,76267000
2024-03-11,171.07502316349817,172.49949666610803,170.19462149789052,170.88706970214844,60139500
2024-03-12,171.28273835287425,172.1532532324886,169.16581679091567,171.36187744140625,59825400
2024-03-13,170.90685960163916,171.32232852748163,168.9185256992457,169.2845458984375,52488700
2024-03-14,171.04532782778392,172.43022407386235,170.19460153541087,171.1343536376953,72913500
2024-03-15,169.32407812222547,170.75843811035156,168.4535633292171,170.75843811035156,121752700
2024-03-18,173.6766898596146,175.79361185534813,171.64879369638257,171.8466339111328,75604200
2024-03-19,172.45989598897214,174.70542030322298,171.16402557801365,174.18113708496094,55215200
2024-03-20,173.82502584048726,176.7432098388672,173.2018149693641,176.7432098388672,53423100
2024-03-21,175.14068113790177,175.57593855649498,168.99764365136926,169.5219268798828,106181300
2024-03-22,169.90770741812418,171.18380430580046,168.22604350725265,170.42210388183594,71160100
2024-03-25,168.73057383883838,170.085794876263,167.6226416976105,169.00755310058594,54288300
2024-03-26,168.16671829054096,169.57140318495337,167.75124938607289,167.87985229492188,57388400
2024-03-27,168.57230438056465,171.7279058767874,168.27553655784754,171.44102478027344,60273300
2024-03-28,169.89782982249778,170.37264922530974,168.67119667981044,169.6307373046875,65672700
2024-04-01,169.3438900607447,169.40324060587884,167.6523240532299,168.19639587402344,46240500
2024-04-02,167.25662806803024,167.51381877100314,166.41578850586058,167.0192108154297,49329500
2024-04-03,166.96973884210524,168.83935621904524,166.76201196368757,167.82046508789062,47691700
2024-04-04,168.4535689105981,170.06599565718972,166.9994354248047,166.9994354248047,53704400
2024-04-05,167.76110742740823,168.55248310289795,167.12800990586356,167.751220703125,42104800
2024-04-08,167.20716991074772,167.37533481002382,166.4256959559663,166.6334228515625,37425500
2024-04-09,166.88068478769264,168.24580727743856,166.53446835085828,167.84022521972656,42373800
2024-04-10,166.97966188332379,167.26652787853376,165.30788444762385,165.9706573486328,49709300
2024-04-11,166.52458559261675,173.56781241373886,166.34653399230652,173.15232849121094,91070300
2024-04-12,172.3807444342083,176.43653535919364,172.33129571828837,174.64605712890625,101670900
2024-04-15,173.46887143042125,174.72517963690404,170.63971383210225,170.82766723632812,73531800
2024-04-16,169.8978273072319,171.88614579113815,166.45536027289515,167.5533905029297,73711200
2024-04-17,167.780901063059,168.80967890645843,166.18826293945312,166.18826293945312,50901200
2024-04-18,166.21796146542746,166.8213838226369,164.7539260277304,165.23863220214844,43122900
2024-04-19,164.41756936525925,164.60550769336635,162.31053482208006,163.22061157226562,68149400
2024-04-22,163.734987753996,165.45621342076493,162.99307597508283,164.05152893066406,48116400
2024-04-23,163.56682536539628,165.24848907081372,163.14145475672774,165.10009765625,49537800
2024-04-24,164.74401450706145,167.47426013692973,164.41758653276062,167.19728088378906,48251800
2024-04-25,167.7017887376114,168.7701438382538,166.33666581552853,168.0579071044922,50558300
2024-04-26,168.04799015720317,169.49223681731962,167.35552700029277,167.4742431640625,44838400
2024-04-29,171.50034913417457,174.1316669492416,171.2332717193323,171.6289520263672,68169400
2024-04-30,171.46078102452523,173.10288291918897,168.16669051085722,168.49313354492188,65934800
2024-05-01,167.75122238913238,170.84747276952126,167.28628974114312,167.4742431640625,50383100
2024-05-02,170.64962025703286,171.5498103000238,169.04709541575278,171.1640167236328,94214900
2024-05-03,184.637145231003,184.98337684032407,180.69018337477516,181.4024200439453,163224100
2024-05-06,180.383540128798,182.2135806366563,178.47434543693257,179.7504425048828,78569700
2024-05-07,181.4716631656838,182.90602327557747,179.36464345444207,180.4329833984375,77305800
2024-05-08,180.87813197889614,181.09576068278213,179.4932206728727,180.76931762695312,45057100
2024-05-09,180.5912561815798,182.66861565405213,180.14611203583203,182.57958984375,48983000
2024-05-10,183.15410154420678,183.34230991411323,180.4102677646858,181.3215789794922,50759500
2024-05-13,183.68899242379732,185.33332156582821,182.87672798687535,184.52105712890625,72044800
2024-05-14,185.73943318211036,186.52198207892377,184.5309518112327,185.66018676757812,52393600
2024-05-15,186.13566691836786,188.84978484549154,185.6007573941714,187.92857360839844,70400000
2024-05-16,188.6715262803227,189.29558246787192,187.86917696187996,188.04747009277344,52845200
2024-05-17,187.72057759120682,189.00830557822601,187.39369174809892,188.07717895507812,41282900
2024-05-20,187.54225437261144,190.10779468490833,187.2252687157197,189.23609924316406,44361300
2024-05-21,189.28565540299905,190.91016932460286,189.11726241831752,190.5337677001953,42309400
2024-05-22,190.45451683728567,190.99932654838926,188.47340160760692,189.09744262695312,34648500
2024-05-23,189.17667916140735,189.1964945447871,184.86776283091424,185.1154022216797,51005900
2024-05-24,187.0370913918068,188.7804673088457,186.26444256610336,188.18612670898438,36327000
2024-05-28,189.70169698060212,191.17763337385156,187.31446444482384,188.19606018066406,52280100
2024-05-29,187.81960747886188,190.43467866451712,187.7205456833483,188.49317932128906,53068000
2024-05-30,188.9587703074631,190.36536034504638,188.83000809203267,189.4837646484375,49889100
2024-05-31,189.6323431713606,190.7516780595243,188.1167913020161,190.4346923828125,75158300
2024-06-03,191.07855630297723,193.14883318833753,190.7021546904014,192.19789123535156,50080500
2024-06-04,192.80213237542046,193.47571940906454,191.2073340206378,192.51487731933594,47471400
2024-06-05,193.5549597642067,195.04079624688396,193.02996541617088,194.02052307128906,54156800
2024-06-06,193.8422276391208,194.64457691185422,192.33657578915964,192.64364624023438,41181800
2024-06-07,192.8120444256859,195.08042995429523,192.3068654552658,195.03089904785156,53103900
2024-06-10,195.04080033594326,195.43703247512377,190.33565137548777,191.29649353027344,97010200
2024-06-11,191.82147267998263,205.20391549352811,191.8016724106265,205.19400024414062,172373300
2024-06-12,205.4119153142898,218.12077055688877,204.94635205432962,211.05810546875,198134300
2024-06-13,212.71235034689784,214.70336573665497,209.60200000148347,212.21707153320312,97862700
2024-06-14,211.83075578674166,213.13828400218216,209.3048308005582,210.4835968017578,70122700
2024-06-17,211.35527186274084,216.88258512602053,210.71141546378874,214.62411499023438,93728300
2024-06-18,215.5354139875743,216.56560230529576,210.9887584540523,212.26657104492188,79943300
2024-06-20,211.90998899500866,212.2170745602359,206.87796947703916,207.7001190185547,86172500
2024-06-21,208.40341856791886,209.88925500861833,205.1543907600995,205.5308074951172,241805100
2024-06-24,205.75863496180304,210.69160779538842,204.63929998769706,206.17466735839844,80727000
2024-06-25,207.1751175381149,209.38407188516823,206.64022308060072,207.09588623046875,55549700
2024-06-26,209.5029286499739,212.8312027309874,208.65104852463386,211.2364044189453,66213200
2024-06-27,212.6628097453943,213.70289822966825,210.3449086305272,212.07838439941406,49772700
2024-06-28,213.7326216506115,214.0297919592074,208.31427026634478,208.63124084472656,82542700
2024-07-01,210.0873668962765,215.4561875080808,209.91897391071575,214.703369140625,60402900
2024-07-02,214.1090169642201,218.29908645117231,213.0689435868198,218.19012451171875,58046200
2024-07-03,217.92265588190668,219.45802307128906,216.96181387179615,219.45802307128906,37369800
2024-07-05,219.55710192478037,224.3117817727132,219.55710192478037,224.20281982421875,60412400
2024-07-08,224.94572057418634,225.69855401964364,221.14198303770854,225.66883850097656,59085900
2024-07-09,225.77780318070188,227.23392416937492,224.23253562897796,226.52072143554688,48076100
2024-07-10,227.13486087511765,230.8791673967792,227.0853299721382,230.7801055908203,62627700
2024-07-11,229.20515687131274,230.19571462003094,223.6382271602243,225.42123413085938,64710600
2024-07-12,226.75846058686048,230.44333633793113,226.52072130415218,228.3631591796875,53046500
2024-07-15,234.24706826366577,234.9899864993383,230.88907844301437,232.18670654296875,62631300
2024-07-16,232.7810305355119,234.03904289009895,230.13624361936286,232.6027374267578,43234300
2024-07-17,227.28346685481674,229.27449755440023,224.50000206743292,226.71885681152344,57345900
2024-07-18,228.10560948409145,228.26410233218343,220.17124832102243,222.06320190429688,66034600
2024-07-19,222.6971801635164,224.65848009632384,221.1717129043359,222.19198608398438,49151500
2024-07-22,224.86647978572938,225.62921338494564,220.98349573063444,221.8452911376953,48201800
2024-07-23,222.25140445670337,224.7971447504236,220.57735968997056,222.88536071777344,39960300
2024-07-24,221.88492258576645,222.67737176080064,215.07979609138368,216.47647094726562,61777600
2024-07-25,216.86276105080302,218.7646448818125,212.59346035218633,215.43637084960938,51391200
2024-07-26,216.6349499920164,217.41749898154802,213.9703475571551,215.90194702148438,41601300
2024-07-29,214.91137828370984,217.22927938341869,213.7127969665886,216.17929077148438,36311800
2024-07-30,217.1203409396055,218.24957609355639,214.07932159795172,216.73402404785156,41643800
2024-07-31,219.34909118598728,221.70662325926872,218.54674189777583,219.98304748535156,50036300
2024-08-01,222.25141811315143,222.36038006072013,214.97082835556836,216.2981719970703,62501000
2024-08-02,217.0807092384795,223.46981835778237,215.6543188775265,217.7840118408203,105568600
2024-08-05,197.21012147966275,211.4840610296135,194.14930192882554,207.29400634765625,119548600
2024-08-06,203.3614702980554,208.00718767754023,199.1714160471065,205.2732391357422,69660500
2024-08-07,204.94639470682978,211.62275945732517,204.4412156900116,207.83883666992188,63516400
2024-08-08,211.097744151489,212.17744837655164,206.8581585633277,211.2958526611328,47161100
2024-08-09,210.09728825409005,214.7330909034816,209.96851092003678,214.1981964111328,42201600
2024-08-12,214.27753840147545,217.68898821235913,213.81143620679725,215.7254180908203,38028100
2024-08-13,217.19311098226797,220.04922365215182,217.19311098226797,219.4343719482422,44155300
2024-08-14,218.7402072098891,221.17979111862692,217.8774142480331,219.8806610107422,41960600
2024-08-15,222.73677426147512,223.48055242779947,220.9120269929499,222.85577392578125,46414000
2024-08-16,222.0623634604379,224.94822580489443,221.79459913667324,224.17469787597656,44340200
2024-08-19,223.84746435464618,224.11522871504155,221.18968933533225,224.01605224609375,40687800
2024-08-20,223.8970537532744,225.28543353253482,223.57970115675508,224.6309051513672,30299000
2024-08-21,224.64085012661386,226.08872985229075,223.1830436738614,224.52183532714844,34765500
2024-08-22,225.90027790842765,226.44571820828537,222.04254943445835,222.66732788085938,43695300
2024-08-23,223.78797197411373,226.32673228874265,222.46900358067504,224.9581756591797,38677300
2024-08-26,224.8788199493514,225.39451032680955,222.0326339780686,225.2953338623047,30602200
2024-08-27,224.12514736512034,226.95151036486342,223.02435510684418,226.1383056640625,35934600
2024-08-28,226.02922904592305,227.95313769677003,223.80780609600177,224.61109924316406,38052200
2024-08-29,228.19113851748892,230.98773644426686,226.98125820388418,227.88369750976562,51906300
2024-08-30,228.28039594132485,228.4886453526855,225.59287085733376,227.1002655029297,52990800
2024-09-03,226.65400042223428,227.10026429068756,219.335218503661,220.9219512939453,50190600
2024-09-04,219.82113066927974,219.94013031693453,215.67579973359827,219.01785278320312,43840200
2024-09-05,219.79142381839864,223.60947620664672,219.68233574260833,220.5352020263672,36615400
2024-09-06,222.0921370424939,223.37144384512357,217.9468210396507,218.9881134033203,48423000
2024-09-09,218.98814282610013,219.4344067184307,214.91223769602945,219.077392578125,67180000
2024-09-10,217.10388142289187,219.6426417511051,214.9320468059923,218.2840118408203,51591000
2024-09-11,219.62285452134475,221.23932234043374,216.0824626878881,220.81289672851562,44587100
2024-09-12,220.6541869199912,221.69547936785247,217.9964268983011,220.9219512939453,37455600
2024-09-13,221.72521710949164,222.18139254741286,220.06907298412548,220.6541748046875,36766600
2024-09-16,214.7436126542421,215.41797935337752,212.14535259122513,214.52545166015625,59357400
2024-09-17,213.96018092212807,215.1006346980314,212.72055067344832,214.99154663085938,45519300
2024-09-18,215.74527154351298,220.86246931704028,215.73534481599032,218.85922241210938,59894900
2024-09-19,223.12351184232415,227.9134444812765,222.76649775953877,226.9713134765625,66781300
2024-09-20,228.0622053540531,231.1563174701668,225.73169454082358,226.306884765625,318679900
2024-09-23,225.45404067299683,227.54653724680347,223.93673438033483,224.5912628173828,54146000
2024-09-24,226.75316007712865,227.44736512534206,223.85738561877668,225.48377990722656,43556100
2024-09-25,223.06402418257602,225.40444676008957,222.1615848378298,224.49208068847656,42308700
2024-09-26,225.41436171300208,226.60440369502516,223.54004142995942,225.63253784179688,36636700
2024-09-27,226.56475422029098,227.6159582791164,225.41437368594384,225.90029907226562,34026000
2024-09-30,228.13162655878588,231.06707763671875,227.74486252768645,231.06707763671875,54541900
2024-10-01,227.61597385138083,227.74488511973175,221.88392424124012,224.33343505859375,63285000
2024-10-02,224.0160654907427,225.48378349827837,221.16987922367838,224.898681640625,32880600
2024-10-03,223.2722952944607,224.92843958391967,221.46740141968138,223.7978973388672,34044200
2024-10-04,226.00936828631617,226.1085447535635,222.27065455992025,224.9185028076172,37245100
2024-10-07,222.63759275105315,223.81772316941647,219.49389225502094,219.8509063720703,39505400
2024-10-08,222.43925780658088,224.10531361949606,221.3979653574062,223.89706420898438,31855700
2024-10-09,223.36153007501719,227.84403724277382,222.96485445261254,227.63577270507812,33591100
2024-10-10,225.89039642732237,227.59612897487835,225.28545621996582,227.1399383544922,28183500
2024-10-11,227.39777482080956,227.5068628874906,225.4540279414576,225.66229248046875,31759200
2024-10-14,226.80272780199272,229.80759005626183,226.703566469934,229.38116455078125,39882100
2024-10-15,231.67201972311165,235.51983687729248,230.44230106244424,231.9100341796875,64751400
2024-10-16,229.67869350471682,230.19436878170097,227.93328446814013,229.85719299316406,34082200
2024-10-17,231.49351658619665,231.91004568892726,228.6076687095473,230.22413635253906,32993800
2024-10-18,234.2206950473064,234.2206950473064,232.0686987091599,233.0504913330078,46431500
2024-10-21,232.5050303027995,234.8851292946414,232.5050303027995,234.5181884765625,36254500
2024-10-22,231.9496772340994,234.26034966164363,230.67038557078126,233.90333557128906,38846600
2024-10-23,232.13813805749322,233.18934216580075,225.8705597881939,228.84567260742188,52287000
2024-10-24,228.07212485007065,228.90516786821388,226.51515714412935,228.65724182128906,31109500
2024-10-25,227.83412074973037,231.28524701350278,227.665532857223,229.49026489257812,38802300
2024-10-28,231.38439159353035,232.78268277566139,230.62077525324707,231.46371459960938,36087100
2024-10-29,231.1662428522856,232.38603471678388,230.39271482775456,231.73150634765625,35417200
2024-10-30,230.68031899274527,231.53318522639518,227.64570650368097,228.19114685058594,47070900
2024-10-31,227.43744214117888,227.92338265648337,223.50037517792762,224.03590393066406,64370100
2024-11-01,219.13688241025088,223.4805517303345,218.44269248362247,221.060791015625,65276700
2024-11-04,219.15671602208408,220.94177147156717,217.88733586004025,220.16824340820312,44944500
2024-11-05,219.9599772111233,222.0921350198155,219.30544885909725,221.59628295898438,28111300
2024-11-06,220.76327216240406,224.19457534628128,219.35505401685137,220.8723602294922,54561100
2024-11-07,222.76650205936048,225.98954046008802,222.70700223311508,225.5928497314453,42137700
2024-11-08,225.53330763226646,227.01257809039103,224.77878865400953,225.3248291015625,38328800
2024-11-11,223.37895863100835,224.07391236142266,219.90417483008153,222.614501953125,42005600
2024-11-12,222.93220374351736,223.9647042645822,221.7507748273854,222.614501953125,40398300
2024-11-13,222.39605879884869,225.01703765642938,221.15506473467502,223.49806213378906,48566200
2024-11-14,223.39881774279925,227.22107081675753,223.37895759377815,226.5757598876953,44923900
2024-11-15,224.76884409236825,225.28510187679902,222.65420045885568,223.37893676757812,47923700
2024-11-18,223.62713486361545,228.08479108540536,223.54770942404784,226.37718200683594,44633700
2024-11-19,225.34466282087314,228.50175961033486,225.02697621656037,226.6352996826172,36211800
2024-11-20,226.4168829534927,228.27340522879027,224.26251907255318,227.35011291503906,35169600
2024-11-21,227.230987838277,228.50176458087773,224.0838286281757,226.8735809326172,42108300
2024-11-22,226.41689485035167,229.05773399756174,226.41689485035167,228.21385192871094,38168300
2024-11-25,229.79240040372403,231.5694972757357,228.08479132337303,231.19223022460938,90152800
2024-11-26,231.64893863936055,233.87280565588551,231.64893863936055,233.36647033691406,45986200
2024-11-27,232.78070364946953,233.99191506726265,232.12545514826604,233.2373809814453,33498400
2024-11-29,233.1182385238603,236.0966241243161,232.28429419145726,235.62008666992188,28481400
2024-12-02,235.5605532676808,239.0551819380818,235.45134517492735,237.86383056640625,48137100
2024-12-03,238.08222901174219,241.01097200063165,237.17878168890522,240.90176391601562,38861000
2024-12-04,241.12017980186528,242.35125137710352,239.51185632927692,241.25917053222656,44383900
2024-12-05,242.2321233137982,242.77814859306412,240.38552350615552,241.28895568847656,40033900
2024-12-06,241.1598807416467,242.86748966267425,240.33585892461636,241.0903778076172,36870600
2024-12-09,240.08767817050534,245.45870413211114,240.0082527322972,244.97222900390625,44649200
2024-12-10,245.11122909402775,246.42172615122828,243.5723933612922,245.98489379882812,36914800
2024-12-11,246.17352158557497,248.9930565140259,244.48575750906295,244.714111328125,45205800
2024-12-12,245.11122473397327,246.9479020514793,243.9099357862414,246.17352294921875,32777500
2024-12-13,246.0345210589055,247.49391610940148,244.46590277835176,246.34228515625,33155300
2024-12-16,246.2033247964557,249.5689004337868,245.86576286364547,249.23133850097656,51694800
2024-12-17,248.27824960945253,252.00123197197036,247.98040799068028,251.65374755859375,51356400
2024-12-18,250.34326772719038,252.4479889260113,245.95511429725673,246.26287841796875,56774100
2024-12-19,245.71683140567848,250.184410158509,245.3097817058068,247.99032592773438,60882300
2024-12-20,246.25292226826556,253.16278373693368,243.9198625662762,252.65646362304688,147495300
2024-12-23,252.9344343151273,253.8080837794399,251.6239373953799,253.4308319091797,40858800
2024-12-24,253.64920994120632,256.3495985100622,253.450638814347,256.3396911621094,23234700
2024-12-26,256.32980188696064,258.2260444048055,255.77383898408218,257.15380859375,27237100
2024-12-27,255.97238682838486,256.836144148833,251.2367643772991,253.74853515625,42355300
2024-12-30,250.4127477342041,251.67360197393796,248.9434149702759,250.38296508789062,35557500
2024-12-31,250.6212497119267,251.4551941340452,247.63292614272083,248.6157989501953,39480700
2025-01-02,247.1365264348607,247.3053149666319,240.07776640397734,242.0931396484375,55740700
2025-01-03,241.60667419433594,242.42075849453866,240.147263834766,241.60667419433594,40244100
2025-01-06,242.5498168429892,245.54806288478193,241.4478134561986,243.23484802246094,45045600
2025-01-07,241.22939201717418,243.78088314896328,239.61114601786818,240.46495056152344,40856000
2025-01-08,240.17703689438372,241.9541489627904,238.32051453305579,240.951416015625,37628900
2025-01-10,238.28077607985776,238.42970445265777,231.32128701842691,235.1435546875,61710900
2025-01-13,231.84750029737077,232.97928640713008,228.06495238182922,232.7112274169922,49630700
2025-01-14,233.05869925952226,234.41882398797216,230.79512716232853,231.5992889404297,39435300
2025-01-15,232.94947976770305,237.2383625727966,232.74098609709984,236.1562042236328,39832000
2025-01-16,235.6399687194268,236.29520209930612,226.3871093224655,226.61544799804688,71759100
2025-01-17,230.44762501944012,230.61639839146835,226.83385097126646,228.3230438232422,68488300
2025-01-21,222.38612124582832,222.80309340530198,217.79941234276583,221.03591918945312,98070400
2025-01-22,218.2064751614249,222.5052806842356,218.2064751614249,222.21737670898438,64126500
2025-01-23,223.12080464680741,225.39429904989126,220.69838187044374,222.048583984375,60234800
2025-01-24,223.16053267311034,224.00441476166836,219.8148172645265,221.17494201660156,54697900
2025-01-27,222.4059977899183,230.47741293083342,222.36627749626697,228.20391845703125,94863400
2025-01-28,229.1868093297106,238.45951413038736,229.1470890329199,236.5434112548828,75707600
2025-01-29,232.43320013108274,238.13184985503437,232.3239920565328,237.6354522705078,45486100
2025-01-30,236.95044029141235,239.05516137192973,235.50096771104396,235.8782196044922,55658300
2025-01-31,245.40903209543677,245.40903209543677,231.7580989752265,234.29965209960938,100959800
2025-02-03,228.33299411580026,230.15973381299622,224.0738938399255,226.36724853515625,73063300
2025-02-04,225.61272492539547,231.45036595591674,225.01704170433482,231.12274169921875,45067300
2025-02-05,226.8835194075747,230.9936915376493,226.62539807097704,230.79513549804688,39620300
2025-02-06,229.62361584180033,232.11554171369926,228.7698112868805,231.5397186279297,29925300
2025-02-07,230.92416830424466,232.3140755170278,225.6226304523949,225.98997497558594,39707200
2025-02-10,228.16660736242451,229.1803610121675,225.81108525741098,226.25833129882812,33115600
2025-02-11,226.8049592810601,233.7919821040532,226.7353950927951,231.19793701171875,53718400
2025-02-12,229.78663009476247,235.51142789245534,229.26980470124647,235.42196655273438,45243300
2025-02-13,235.4617298072221,240.85852795215618,234.1299251101732,240.05348205566406,53614100
2025-02-14,239.77520922194773,244.0489258287467,239.5168040933544,243.104736328125,40896200
2025-02-18,242.6574585849239,243.6811607859394,240.36158248040348,242.9755096435547,48822500
2025-02-19,243.16436963880025,244.50610783818917,241.67353930691675,243.37307739257812,32204200
2025-02-20,243.44265077076676,245.2713989598738,242.7966152101895,244.32720947265625,32316900
2025-02-21,244.44645306890683,247.1697083342209,243.72091995824803,244.0489044189453,53197400
2025-02-24,243.43269920852308,247.33868242018207,242.92582237394555,245.58944702148438,51326400
2025-02-25,246.48393846255715,248.47171215983582,243.41283173998391,245.52980041503906,48013300
2025-02-26,242.83637220684057,243.48239258336395,237.66816369812489,238.89064025878906,44433600
2025-02-27,237.94645181292123,240.9778097055873,235.61081167459415,235.84934997558594,41153600
2025-02-28,235.50149647860906,240.61007450668035,228.79275994472408,240.36160278320312,56833400
2025-03-03,240.3119148031628,242.53822699216576,234.6666443044386,236.5749053955078,47184000
2025-03-04,236.25683384188991,238.60240725621293,233.24534293735957,234.48770141601562,53798100
2025-03-05,233.98082285378285,235.1039197629907,227.82866128733946,234.2988739013672,47227600
2025-03-06,233.00682927336524,236.4059203890797,231.73465535282332,233.89138793945312,45170400
2025-03-07,233.67273718007357,239.89446338205195,233.32487071745646,237.60853576660156,46273600
2025-03-10,234.10011191080184,234.71633209649934,222.84932017741133,226.08938598632812,72071200
2025-03-11,222.44182022291236,224.45940937640347,216.12069905845206,219.48997497558594,76137400
2025-03-12,218.7942505386503,220.39440897367027,213.5962265598192,215.653564453125,62547500
2025-03-13,214.6298526174969,215.5144112677834,207.14588618522245,208.39817810058594,61368300
2025-03-14,209.9585940343847,212.64208545758027,208.2988048386841,212.18490600585938,60107600
2025-03-17,212.00598815128762,213.904315554563,208.6864099217596,212.6917724609375,48073400
2025-03-18,212.8507852105428,213.8347233648863,210.1971094678613,211.3897705078125,42432400
2025-03-19,212.91044076829724,217.4226803637017,212.443312738742,213.92420959472656,54385400
2025-03-20,212.6818400591608,216.16044383082547,210.9226561911479,212.79116821289062,48862900
2025-03-21,210.26669685360034,217.5021918152461,209.9884097524224,216.93568420410156,94127800
2025-03-24,219.64899945464327,220.1260609084734,217.24379503613238,219.38064575195312,44299500
2025-03-25,219.4204082670252,222.73005335992565,218.73462390108503,222.38218688964844,34493600
2025-03-26,222.1436424317859,223.64442126802376,219.12223310716143,220.17575073242188,34466100
2025-03-27,220.03661426059983,223.61461307047793,219.21168633594712,222.48158264160156,37094800
2025-03-28,220.31490521146458,222.44182255065115,216.34929105853038,216.5679473876953,39818600
2025-03-31,215.6833836525119,224.24075018814546,214.90815310911736,220.7720947265625,65299300
2025-04-01,218.46626491168394,222.31260214779184,217.5618242432653,221.8256072998047,36412700
2025-04-02,219.9670202377264,223.81335706264446,219.6688511830836,222.52130126953125,35905900
2025-04-03,204.2835010267849,206.22159255986557,200.01973301812973,201.9478759765625,103419000
2025-04-04,192.70471987275084,198.65810753704542,186.19475800144227,187.22840881347656,125910900
2025-04-07,176.11674047268428,192.96311894309866,173.55251067175698,180.3507080078125,160466300
2025-04-08,185.55866963100107,189.17641711488596,168.175598539417,171.365966796875,120859500
2025-04-09,170.89883496621582,199.38363475051753,170.83920418374143,197.6343994140625,184395900
2025-04-10,187.9141974958541,193.5892830219747,181.88129692496375,189.2559356689453,121880000
2025-04-11,184.96235041538483,198.32017705332044,184.92258644836306,196.9386749267578,87435900
2025-04-14,210.14742002868311,211.63825017625834,199.93026529720834,201.28195190429688,101352900
2025-04-15,200.6259945192588,202.26590170954893,198.57859009217825,200.90428161621094,51343900
2025-04-16,197.1474065096439,199.47309822086447,191.19401850640656,193.08241271972656,59732400
2025-04-17,195.9944894564487,197.61452992177487,193.2314851467638,195.7758331298828,52164700
2025-04-21,192.08851517151226,192.6152739871965,188.64966000796989,191.97918701171875,46742500
2025-04-22,194.92108593270402,200.3576482646354,194.77200897005906,198.5189666748047,52976400
2025-04-23,204.74067860292737,206.7284521815966,201.56024391015845,203.3492431640625,52929200
2025-04-24,203.63746952607698,207.55338601533765,201.69939326414854,207.09619140625,47311000
2025-04-25,205.10841141990002,208.46775361357263,204.9394524859384,208.00062561035156,38222300
2025-04-28,208.71621839949725,210.2070485309222,206.19175271644127,208.85536193847656,38743100
2025-04-29,207.4142395090872,210.94254069563792,207.09618845243054,209.91883850097656,36827600
2025-04-30,208.02053835450616,212.27437321950518,205.40661086468026,211.2009735107422,52286500
2025-05-01,207.80187477964563,213.2483707428857,207.62296725165953,212.01596069335938,57365700
2025-05-02,204.83013207172814,205.72463931330321,200.92416412992952,204.09466552734375,101010600
2025-05-05,201.85841873478097,202.85230555244996,196.99831280299983,197.6741485595703,69018500
2025-05-06,196.99832434112832,199.42339557924856,195.81559653234874,197.29647827148438,51216500
2025-05-07,197.9524407308952,198.2207944248892,192.0686324392914,195.05029296875,68536700
2025-05-08,196.51128929096475,198.82704723676696,193.4898650803139,196.28269958496094,50478900
2025-05-09,197.78345792922866,199.3140368102294,196.33237664044202,197.3163299560547,36453900
2025-05-12,209.9552498967622,210.25380995429242,205.75554659425106,209.77610778808594,63775800
2025-05-13,209.4178625594749,212.3735786127325,207.99474788922345,211.9058380126953,51909300
2025-05-14,211.40822571910564,212.9109724892217,209.56713314477625,211.3087158203125,49325800
2025-05-15,209.9353730316401,211.93571508448807,208.53215118256114,210.43296813964844,45029500
2025-05-16,211.33859654598928,211.54759317457453,208.76105751069144,210.24388122558594,54737900
2025-05-19,206.909976827966,208.4724173847277,203.27752386063855,207.77578735351562,46140500
2025-05-20,206.67113760639387,207.46729276724128,204.04383620537516,205.8650360107422,42496600
2025-05-21,204.18315305948536,206.04415370597744,199.74461367242378,201.1179656982422,59211800
2025-05-22,199.7446272097534,201.77480849030061,198.7394754118135,200.39149475097656,46742400
2025-05-23,192.7384848883374,196.74910019358438,192.5295034494263,194.33079528808594,78432900
2025-05-27,197.34622283817185,199.77448939448533,196.4803970243206,199.24703979492188,56288500
2025-05-28,199.6252046868552,201.75491117265972,198.93852099816252,199.45602416992188,45339700
2025-05-29,202.60079553265004,202.8296849960031,197.55517460719432,198.98825073242188,51396800
2025-05-30,198.41103419314425,200.98858794774708,195.83349562393636,199.88392639160156,70819900
2025-06-02,199.31665984736324,201.15776749414482,199.1574257965875,200.72982788085938,35423300
2025-06-03,200.38154929416936,202.78990771325485,199.99342573046133,202.2923126220703,46381600
2025-06-04,201.9340306292736,205.24801554678163,201.1279290627925,201.84446716308594,43604000
2025-06-05,202.52119947175674,203.76518718349973,199.18730633012683,199.66500854492188,55126100
2025-06-06,202.02362051888113,204.71063115372752,201.07819281954235,202.93919372558594,46607700
2025-06-09,203.40692547634254,205.0091823144686,199.05794913802782,200.48106384277344,72862600
2025-06-10,199.63515466910712,203.36711781582227,199.60530017876516,201.6951904296875,54672600
2025-06-11,202.5211970741936,203.51638723180633,197.45568281643992,197.8238983154297,60989900
2025-06-12,198.12246436103902,198.71956936233477,196.4107360236097,198.24188232421875,43904600
2025-06-13,198.7693188209708,199.4062398916536,194.758703844025,195.50509643554688,51447300
2025-06-16,196.3510290449251,197.73434281232372,195.61458283187793,197.46563720703125,43020700
2025-06-17,196.2515147499311,197.43579358003367,194.27109586617135,194.6990203857422,38856200
2025-06-18,194.9975546383106,196.6197193940347,194.13174409281177,195.6344757080078,45394700
2025-06-20,197.28649906078425,200.72984844555882,195.9131318065836,200.03321838378906,96813500
2025-06-23,200.6602023375907,201.3269779408771,198.00304635957568,200.53082275390625,55814300
2025-06-24,201.61557243039425,202.46149014710028,199.23706853700068,199.3365936279297,54064000
2025-06-25,200.48105886821313,202.690382284235,199.65504919597097,200.5905303955078,39525700
2025-06-26,200.4611428555203,201.66532960796235,198.50063224789568,200.03321838378906,50799100
2025-06-27,200.91894034324127,202.24254507531293,199.03803155248616,200.1128387451172,73188600
2025-06-30,201.03834688076608,206.39247448465787,198.30157410241034,204.1831512451172,91912800
2025-07-01,205.6759415551798,209.17901505124104,205.1484920031366,206.82041931152344,78788900
2025-07-02,207.90517762155153,212.3138626915596,207.13887695509675,211.41819763183594,67941800
2025-07-03,211.12958235725722,213.61755770997246,210.7912213537831,212.52285766601562,34955800
2025-07-07,211.65705062020388,215.18997897032483,207.7957228576545,208.940185546875,50229000
2025-07-08,209.08944131875765,210.41303075844314,207.447368579945,208.99986267089844,42848900
2025-07-09,208.52219391164948,210.31353924447487,206.22330706177223,210.12445068359375,48749400
2025-07-10,209.49748097232364,212.45319704499605,209.0197939340788,211.3883514404297,44443600
2025-07-11,209.55718962168862,211.1096837700706,208.85059795908091,210.14434814453125,39765800
2025-07-14,208.92027389637033,209.89557123752414,206.54176989733165,207.6165771484375,38840100
2025-07-15,208.21367378884585,210.8708295317098,207.91511372197888,208.1042022705078,42296300
2025-07-16,209.28849593835915,211.37838618562168,207.63647661047767,209.149169921875,47490500
2025-07-17,209.55721484346458,210.78129457926272,208.5819174807461,209.00985717773438,48068100
2025-07-18,209.85575432940058,210.77132749863404,208.6913836081342,210.1642608642578,48974600
2025-07-21,211.07984586548804,214.74213848423943,210.61210526026528,211.4580078125,51377400
2025-07-22,212.1148250502387,213.91611676733493,211.20919838168209,213.36875915527344,46404100
2025-07-23,213.96588230147148,214.11515474984876,211.38834345684663,213.11996459960938,46989300
2025-07-24,212.87118332406595,214.65258233290422,212.50296779967493,212.7318572998047,46022600
2025-07-25,213.6673206036272,214.2047317845148,212.37357038101962,212.8512725830078,40268800
2025-07-28,213.00053872316795,213.8166019050196,212.03520309848784,213.02044677734375,37858000
2025-07-29,213.14983725799084,213.77681196541135,209.80601264614248,210.25384521484375,51411700
2025-07-30,210.88077731884883,211.36842593737322,206.72088996610802,208.04449462890625,45512500
2025-07-31,207.48719786288635,208.83069544134486,206.16359315375274,206.57162475585938,80698400
2025-08-01,209.85574027592583,212.5527122409286,200.53081350952442,201.40658569335938,104434500
2025-08-04,203.5263267271778,206.88012777005082,200.70993685491413,202.37191772460938,75109300
2025-08-05,202.42168730403617,204.35235878558626,201.18766113385618,201.94400024414062,44155100
2025-08-06,204.64094523363173,214.3440487139093,204.60112912578842,212.2242889404297,108483100
2025-08-07,217.8272171299369,219.78774287041324,215.5382768294147,218.9716796875,90224800
2025-08-08,219.76784743364436,229.88892965735022,218.19544514014734,228.2468719482422,113854000
2025-08-11,227.08116933177635,228.71513292468896,223.9327956372812,226.34388732910156,61806100
2025-08-12,227.17083074525974,229.95057099439725,226.23430307406312,228.80479431152344,55626200
2025-08-13,230.2195756343437,234.1351043372746,229.58191650034667,232.47125244140625,69878500
2025-08-14,233.1985666998313,234.25466305951576,230.0003892485326,231.92327880859375,51916300
2025-08-15,233.13877413921495,233.41774239633352,228.49592139875156,230.73764038085938,56038700
2025-08-18,230.8472385776313,232.26201052585682,229.26309412883964,230.04022216796875,37476200
2025-08-19,230.4287923573085,232.01293684851592,228.50590285589897,229.71144104003906,39402600
2025-08-20,229.13359777829044,229.62179989876017,224.9391004018284,225.17820739746094,42263900
2025-08-21,225.43724912794482,225.68632903786573,222.9564077521854,224.07228088378906,30621200
2025-08-22,225.3376235225593,228.24687520672327,224.58042602754637,226.92176818847656,42477800
2025-08-25,225.6464693442017,228.45609804536198,225.3973894325087,226.323974609375,30983100
2025-08-26,226.03502689374838,228.6453946309622,223.86305742355088,228.46604919433594,54575100
2025-08-27,227.7686378094015,230.05020313892598,227.41991984776428,229.6417236328125,31259500
2025-08-28,229.9704999102399,232.55096405412047,228.4959359400532,231.70408630371094,38074700
2025-08-29,231.65426265633033,232.52107103838586,230.51845893056873,231.28562927246094,39418400
2025-09-02,228.4062860305561,230.00040359535532,226.13467838242784,228.8745574951172,44075600
2025-09-03,236.33698891571112,237.9709525201245,233.49747185558658,237.59234619140625,66427800
2025-09-04,237.57241502764154,239.01707546456905,235.86871695735925,238.89752197265625,47549400
2025-09-05,239.1167027112504,240.43185187342493,237.61226559630578,238.80784606933594,54870400
2025-09-08,238.41928864081726,239.2661511981365,235.47017586985078,237.0045166015625,48999500
2025-09-09,236.12775932745953,237.90120710535396,232.5011563745861,233.48751831054688,66313900
2025-09-10,231.33545739080094,231.56460664903227,225.118417424808,225.955322265625,83440800
2025-09-11,226.04500979013486,229.60186307827533,225.81584532196928,229.18341064453125,50208600
2025-09-12,228.37638560886936,233.6469097348115,228.17712472443904,233.2085418701172,55824200
2025-09-15,236.12775635652346,237.31337916896246,234.16500543557729,235.828857421875,42699500
2025-09-16,236.30706734003456,240.33220689969463,235.45024710789585,237.27349853515625,63421100
2025-09-17,238.09051246512186,239.21635855568803,236.85507060288438,238.11044311523438,46508000
2025-09-18,239.08682096339746,240.31228984200703,235.77903252032195,237.0045166015625,44249600
2025-09-19,240.34217704154452,245.3935247988757,239.32594197772087,244.59646606445312,163741300
2025-09-22,247.38616206443075,255.69547916115815,247.2068166293636,255.13751220703125,105517400
2025-09-23,254.93828225227924,256.3929004583055,252.64674396870498,253.4936065673828,60275200
2025-09-24,254.28068708944184,254.7987775332095,250.11606329601622,251.3813934326172,42303700
2025-09-25,252.27808820484515,256.22352044118514,250.7836088309123,255.9246063232422,55202100
2025-09-26,253.16481067495934,256.6519291955366,252.84598111295833,254.51980590820312,46076300
2025-09-29,253.6231329894407,254.06151607705354,252.07883445903423,253.4936065673828,40127700
2025-09-30,253.9220050782957,254.97810138533342,252.1784458386236,253.69285583496094,37704300
2025-10-01,254.10134722927504,257.83756097799323,253.9917514638179,254.5098419189453,48713900
2025-10-02,255.63569123318152,257.22980880920034,253.21464169746508,256.1836853027344,42630200
2025-10-03,253.73271197999827,258.2858846694617,253.01536064819075,257.07037353515625,49155600
2025-10-06,257.0404730386864,258.11651518827176,254.11130630837613,255.74526977539062,44664100
2025-10-07,255.86484387966763,256.45266881763376,254.48991791397023,255.53607177734375,31955800
2025-10-08,255.5758888188916,257.56852798749276,255.16739414069707,257.1102294921875,36496900
2025-10-09,256.8611709050607,257.05047407420307,252.20835988470006,253.10504150390625,38322000
2025-10-10,254.00171816056968,255.436420799504,243.10197943699816,244.3673095703125,61999100
2025-10-13,248.46219085423505,248.7710475029622,244.6562426215344,246.74851989746094,38142900
2025-10-14,245.69243161385845,247.9341508249242,243.79941515849077,246.85812377929688,35478000
2025-10-15,248.57177456170203,250.89320098009676,246.55920477705152,248.4223175048828,33893600
2025-10-16,247.33635013275978,248.1234359576197,244.22783772705108,246.53929138183594,39777000
2025-10-17,247.1072067041429,252.4474806979352,246.3599669580113,251.36148071289062,49147000
2025-10-20,254.94822099113512,263.4069798400544,254.68918336894043,261.27484130859375,90483000
2025-10-21,260.916147926868,264.313600971564,260.8663137101643,261.8028564453125,46695900
2025-10-22,261.6833028295614,261.88257888575197,254.48987503678674,257.498779296875,45015300
2025-10-23,258.98329410338334,259.66078406832133,257.06040475940137,258.6246032714844,32754900
2025-10-24,260.2287466983284,263.1579290692685,258.2261343576155,261.8527526855469,38253700
2025-10-27,263.90517991319996,268.12956591820625,263.67601542509226,267.8207092285156,44888200
2025-10-28,268.00000632210845,268.89671830922975,267.1631014853557,268.0099792480469,41534800
2025-10-29,268.28896033752676,270.41112610592455,266.126933268734,268.7074279785156,51086700
2025-10-30,270.98897852374654,273.131090148023,267.49191714200913,270.4011535644531,69886500
2025-10-31,275.9705701844509,276.29937269597025,268.16940070155243,269.37493896484375,86167100
2025-11-03,269.424736694289,269.8531467885877,265.2700709373508,268.05975341796875,50194600
2025-11-04,267.3424445625432,270.49081837885313,266.6350661079627,269.0461730957031,49274800
2025-11-05,267.6214146886098,270.7000692568828,265.94760492323326,269.14581298828125,43683100
2025-11-06,266.90407480138714,272.3937751745226,266.90407480138714,268.7771301269531,51204000
2025-11-07,268.80702532983145,271.2878818962731,265.7881780523408,267.48193359375,48227400
2025-11-10,268.22988302493957,272.9869540449525,266.7339548671466,268.6986083984375,41312400
2025-11-11,269.0776024957972,275.1610502271484,269.06761990152603,274.5028381347656,46208300
2025-11-12,274.25347600982695,274.9815052844664,270.9624464716027,272.7276306152344,48398000
2025-11-13,273.36590026791555,275.9488963676571,271.3513946141157,272.2090759277344,49602800
2025-11-14,270.31420819279356,275.21088338895913,268.8681625557137,271.6705322265625,47431300
2025-11-17,268.09027174019775,269.7557213346742,265.00866346949266,266.73394775390625,45018300
2025-11-18,269.2570854665072,269.9751321987233,264.59977951795884,266.7140197753906,45677300
2025-11-19,264.80918960656476,271.47104873805114,264.77927226211665,267.8309631347656,40424500
2025-11-20,270.09480618650156,274.68232536305425,265.1981613886433,265.5272521972656,45823600
2025-11-21,265.22808167538,272.5880228442522,264.9488429624803,270.7530212402344,59030800
2025-11-24,270.164627965921,276.24807542504453,270.164627965921,275.1710205078125,65585800
2025-11-25,274.52274228722064,279.6188865292943,274.5028075356392,276.2181396484375,46914200
2025-11-26,276.2081750495132,278.7712060098946,275.8790842359358,276.79656982421875,33431400
2025-11-28,276.5073375714406,278.2426042891834,275.2407657367699,278.093017578125,20135600
2025-12-01,277.255303275414,282.650620542313,275.390384584981,282.33148193359375,46587700
2025-12-02,282.231773534172,286.619823290159,281.86278279875575,285.4131164550781,53669500
2025-12-03,285.4231155973949,287.8365294074879,282.5309633672564,283.378662109375,43538700
2025-12-04,283.32881389666403,283.9571086251454,277.8337611056945,279.93804931640625,43989100
2025-12-05,279.77848663840757,280.37686403379615,277.29522501275557,278.02325439453125,47265800
2025-12-08,277.374989388386,278.9108174051644,275.4003533668138,277.1356506347656,38211800
2025-12-09,277.40493251311347,279.2698514894354,276.16830825817004,276.4275817871094,32193300
2025-12-10,276.99605153243056,278.9906225605669,275.6896099437804,278.02325439453125,33038300
2025-12-11,278.342340640522,278.83100071126506,273.06669274298736,277.2752380371094,33248000
2025-12-12,277.14562382282355,278.4620479370953,276.0685689150702,277.52459716796875,39532900
2025-12-15,279.3894873363706,279.3894873363706,272.0993337942639,273.3658752441406,50409100
2025-12-16,272.07941349564567,274.752131096348,271.0522107383373,273.8645324707031,37648600
2025-12-17,274.2634587890498,275.41033087528734,270.9026119684932,271.10205078125,50138700
2025-12-18,272.86723904028526,272.8872042261758,266.22534517191764,271.45111083984375,51630700
2025-12-19,271.4112306527045,273.8545921928022,269.1673383776201,272.9271240234375,144632000
2025-12-22,272.1193204151364,273.1365711538121,269.775723721713,270.2344665527344,36571800
2025-12-23,270.1048034873943,271.7603010837797,268.8282792538215,271.62066650390625,29642000
2025-12-24,271.60073103225574,274.68233959340455,271.46112688748974,273.0667419433594,17910600
2025-12-26,273.4157529954652,274.6224597374741,272.11926379011726,272.6578063964844,21521800
2025-12-29,271.9497734782625,273.61522314661676,271.6107000753325,273.0168762207031,23715200
2025-12-30,272.06942798009953,273.3359694836473,271.54086793463244,272.33868408203125,22139600
2025-12-31,272.3187639976345,272.9370761103812,271.0123224859311,271.12200927734375,27293600
2026-01-02,271.52092924369913,277.0857683126949,268.2697691424855,270.2743225097656,37838100
2026-01-05,269.9053450243044,270.7729784841199,265.41756056202854,266.5345153808594,45647200
2026-01-06,266.27521573774703,266.82371056256306,261.40845786144683,261.6477966308594,52352100
2026-01-07,262.48552563718374,262.964203143993,259.1047135716701,259.623291015625,48309800
2026-01-08,256.32231677215987,258.5861744106298,255.00590778144198,258.33685302734375,50419300
2026-01-09,258.3767027680543,259.5036402038468,255.52448097015204,258.6659240722656,39997000
2026-01-12,258.45648066308013,260.5906555331263,256.1028713590674,259.54351806640625,45263800
2026-01-13,258.0176775418968,261.0992857475004,257.6885867541948,260.3413391113281,45730800
2026-01-14,258.78560808748875,261.10930037675524,256.0131555781144,259.25433349609375,40019400
2026-01-15,259.9424426175537,260.3313985459844,256.35220896361545,257.5090637207031,39388600
2026-01-16,257.1999111311508,258.1971965798445,254.23797213114116,254.8363494873047,72142800
2026-01-20,252.04394930256512,254.09835490933511,242.75922413209136,246.0303192138672,80267500
2026-01-21,248.02490552393743,250.8771427168815,244.51445623630568,246.97775268554688,54641700
2026-01-22,248.52352576906395,250.31864258405668,247.47637302553753,247.67584228515625,39708300
2026-01-23,246.6486524137701,248.7329754164565,244.01580413580567,247.36668395996094,41689000
2026-01-26,250.7973351598156,255.86354695988197,249.12190294519746,254.7166748046875,55969200
2026-01-27,258.4664593428383,261.23891141767155,257.50904348719195,257.5688781738281,49648300
2026-01-28,256.9505880888889,258.1572949521919,253.81911240916085,255.74388122558594,41288000
2026-01-29,257.29964922744847,258.94516415300217,253.7193980705993,257.5788879394531,67253000
2026-01-30,254.47732177254832,261.1890484668085,251.49543285360957,258.775634765625,92443400
2026-02-02,259.3241487899344,269.7557466562268,258.50636737104884,269.2770690917969,73913400
2026-02-03,268.4692659190308,271.1419837262723,266.88355520832346,268.7485046386719,64394700
2026-02-04,271.5508603406617,278.19278500760885,271.5508603406617,275.73944091796875,90545700
2026-02-05,277.3749854862336,278.7412615768201,272.48829324857786,275.1610107421875,52977400
2026-02-06,276.3677353153735,280.14745564173626,276.1782486476445,277.3650207519531,50453400
2026-02-09,277.41494619870406,277.70443813431814,271.2160169672847,274.13079833984375,44623400
2026-02-10,274.40031021957236,274.87943562430115,272.4537718732244,273.19244384765625,34376900
2026-02-11,274.2106536370846,279.6808719096702,273.9610989943363,275.00921630859375,51931300
2026-02-12,275.0990585104662,275.22883180172755,259.71650632997444,261.2637634277344,81077200
2026-02-13,261.5432690161623,261.7628783299504,254.9949421084194,255.32435607910156,56290700
2026-02-17,257.5903108294174,265.8156532326085,255.08478749757862,263.4099426269531,58469100
2026-02-18,263.13045584681157,266.3447212846438,261.9825104325609,263.8791198730469,34203300
2026-02-19,262.13220471573277,264.00886051677537,259.5867290635135,260.11578369140625,30845300
2026-02-20,258.50868117461044,264.2783836675007,257.7001265171608,264.1086730957031,42070500
2026-02-23,263.0206001676805,268.95002088588865,262.91081074777924,265.705810546875,37308200
2026-02-24,267.38283777638213,274.4003442568012,267.233111068832,271.6552429199219,47014600
2026-02-25,271.29586819299504,274.45024283739696,270.567157599074,273.74151611328125,33714300
2026-02-26,274.4602128097023,275.61811956353745,270.31758130113775,272.4637756347656,32345100
2026-02-27,272.3240439665745,272.3240439665745,262.4217314181026,263.70941162109375,72366500
2026-03-02,261.94253069595567,266.05518620599753,259.73647625260065,264.2484130859375,41827900
2026-03-03,263.0106738027697,265.08695529305965,259.6666350681776,263.2801818847656,38568900
2026-03-04,264.17854815272653,265.67587606267574,260.95432154975975,262.0523376464844,39803100
2026-03-05,260.3254337562426,261.09405110124777,256.79173142961054,259.8263244628906,49658600
2026-03-06,258.16927189629365,258.3090066542827,253.916851068475,257.0013427734375,41120000
2026-03-09,255.2345148744848,260.68477987096253,253.22808575123491,259.41705322265625,38218500
2026-03-10,257.19102845716964,262.01244158439727,256.4922936817907,260.3653564453125,30590800
2026-03-11,260.624897946549,261.6630538494394,259.08763272962494,260.34539794921875,26218900
2026-03-12,258.1992408199258,258.48873275942157,253.7272102811576,255.3043975830078,40794000
2026-03-13,255.024890934378,255.87336762960538,249.07551643845036,249.6744384765625,36930000
2026-03-16,251.66090222791988,253.43773019062647,249.4348789230203,252.36964416503906,32074200
2026-03-17,252.5093881906664,254.67552076289968,251.7307636559193,253.77711486816406,32361600
2026-03-18,252.1799767808244,254.48585937367065,248.55643828829037,249.49476623535156,35757900
2026-03-19,248.95572868612365,251.38140795985734,246.85947863088072,248.5165252685547,34864100
2026-03-20,247.53824109812177,248.75606899357115,245.56177255944445,247.54823303222656,88331100
2026-03-23,253.51758537106093,254.14646797882926,249.83415620831627,251.04200744628906,40546100
2026-03-24,249.90403139868116,254.37604644028636,249.10545347620703,251.1917266845703,45152300
2026-03-25,253.6473574345128,254.5457480998694,251.15181088451408,252.16998291015625,28476700
2026-03-26,251.67088153367666,256.5421934269488,250.32329549316128,252.43951416015625,41796700
2026-03-27,253.4477020992108,255.03488128462607,247.6281009352486,248.35679626464844,47900000
2026-03-30,249.62453299565456,250.4230956915925,245.07264337813007,246.19065856933594,39446200
2026-03-31,247.4683905467953,255.02489784868362,246.65983587287727,253.33790588378906,49598100
2026-04-01,253.6273948962928,255.72364490973627,252.8787309132899,255.1746368408203,40059400
2026-04-02,253.74717405681358,255.6737439434535,250.20349485503914,255.464111328125,31289400
2026-04-06,256.0530752925303,261.6930045642991,256.0031460821725,258.39886474609375,29329900
2026-04-07,255.70368128016966,255.7436185540334,245.2623079794448,253.0484161376953,62148000
2026-04-08,257.9896321241455,259.28730423338584,256.07303883918246,258.4388122558594,41032800
2026-04-09,258.5386343954405,260.6548530924392,255.61386101634736,260.0259704589844,28121600
2026-04-10,259.5168819122501,261.7229364827484,258.5585701252562,260.0159912109375,31291500
2026-04-13,259.2673359057164,259.71651601158027,256.2027973984465,258.73828125,36234700
2026-04-14,258.7881922504944,261.4634109961452,256.7318642110386,258.3689270019531,48370700
2026-04-15,257.7001261657452,266.08515659729386,257.35074355126085,265.95538330078125,49913500
2026-04-16,266.3247234477873,266.68409800240715,260.80457553569033,262.9307861328125,43323100
2026-04-17,266.4844323486072,271.8149160854778,266.24486962975914,269.7486267089844,61436200
2026-04-20,269.84841238867654,273.7913879220191,269.80850557942483,272.5635681152344,36590200
2026-04-21,271.0163536236942,272.3140256362382,264.9272139873882,265.69586181640625,50209800
2026-04-22,267.3429346055621,273.2523721409737,266.39461467279705,272.68341064453125,43249200
2026-04-23,274.56001085217736,275.2787294551341,271.1660737405759,272.9429016113281,33399600
2026-04-24,272.2741016414235,272.5735550213531,269.16962610782736,270.5771179199219,38157100
2026-04-27,265.6159889280984,267.88193422863776,264.59781690250213,267.1332702636719,41466800
2026-04-28,271.8548539018017,272.7432830913257,268.181416710472,270.2277526855469,40018900
2026-04-29,267.07336249706583,270.55716597281076,266.56429174844374,269.688720703125,30047900
2026-04-30,270.018146234023,275.50834883767226,267.6623648300734,270.86663818359375,91848200
2026-05-01,278.3632420760759,286.70836594964845,277.8741246788477,279.6409912109375,79915400
2026-05-04,279.16179801165765,280.13007120517506,274.3703307853319,276.3368225097656,46668400
2026-05-05,276.43668191704,284.0630869835518,276.00745521106614,283.67376708984375,49311700
2026-05-06,281.4178249779708,287.5169265187869,280.5693330033821,286.99786376953125,58336100
2026-05-07,288.75470528792926,291.6096265406606,285.2709318587503,286.927978515625,45224300
2026-05-08,289.49338424193445,294.2349225642168,289.48339230776435,292.7974853515625,52692800
2026-05-11,291.72841688276577,293.6267735875138,289.979924827367,292.42779541015625,42247300
2026-05-12,292.3078994315659,295.0155556946294,292.3078994315659,294.54595947265625,45748100
2026-05-13,293.24708951115105,300.6607090744109,293.24708951115105,298.6124572753906,52684300
2026-05-14,299.5616620172475,300.1911240450107,295.12548538387824,297.9530334472656,35324900
2026-05-15,297.643304079477,302.93875555297063,296.26448829773227,299.9713134765625,54862800
2026-05-18,299.98126929450746,300.4009207908792,294.6558756451712,297.5833435058594,34483000
2026-05-19,296.7140952726279,300.2510533099592,296.09463441963413,298.7123718261719,42243600
2026-05-20,297.9230626302997,302.5390768782648,297.82314269813475,301.98956298828125,38229800
2026-05-21,300.80056674721834,305.27671719779084,300.1411318265125,304.7271728515625,42965100
2026-05-22,305.85620846339293,311.13165741506583,305.57645096183757,308.55389404296875,43670200
2026-05-26,309.29325163060713,311.5513139598484,307.4048960873393,308.0643005371094,48000500
2026-05-27,308.0643052358437,312.9900803339556,308.0343323058515,310.5821533203125,50430900
2026-05-28,310.412282475935,312.5304508120942,309.30325358892543,312.24072265625,48220400
2026-05-29,311.5113496628706,314.7285763294451,309.2632884033746,311.7911071777344,70026800
2026-06-01,309.363197507879,310.67206624496237,304.7571540774977,306.0460510253906,48849900
2026-06-02,307.1950545511415,315.1781903378333,306.42572903356995,314.92840576171875,44534700
2026-06-03,313.9092501546009,316.6668815001487,308.5838566628498,309.9926452636719,50836700
2026-06-04,312.96009909963743,313.26982953176514,309.38316692864953,310.9618225097656,44869100
2026-06-05,312.5903972939029,314.8984348439246,306.8853260765596,307.0751647949219,65310500
2026-06-08,308.4739595974908,317.1265012321255,300.9105055796523,301.2801818847656,77949100
2026-06-09,300.0212482417878,300.4908444635933,287.5320194610898,290.29962158203125,70108800
2026-06-10,290.4894628291428,294.4960172141002,287.1323727394638,291.3287353515625,52793300
2026-06-11,293.4668864344149,296.7440586571729,289.3404406054596,295.375244140625,42572500
2026-06-12,295.7749221682621,296.88398158337014,289.3704417369658,290.879150390625,38742100
2026-06-15,293.8665449684006,297.5233947188816,291.4486474146935,296.1645812988281,45732600
2026-06-16,294.99559499590845,300.2210994929347,293.71669913987887,298.9821472167969,39874400
2026-06-17,300.59074812548096,301.8096980081642,294.10632015937927,295.6949768066406,42745100
2026-06-18,297.8530937792582,300.31099586682666,295.3652492546472,297.7532043457031,85962200
2026-06-22,297.05381866220307,302.1594314563154,296.5043047694293,296.75408935546875,44879900
2026-06-23,297.2836155142734,301.3800886038737,293.9264950024863,294.04638671875,52010900
2026-06-24,295.1054570720635,299.4417438827621,292.68755959702736,292.8274230957031,53081900
2026-06-25,287.1523472601469,288.55113481081804,273.5141152813601,274.91290283203125,107013700
2026-06-26,274.7630284991681,285.70360492137456,273.9737007161028,283.53546142578125,261775500
2026-06-29,286.4829438934296,288.12151489662153,279.6088673150861,281.4972229003906,66427000
2026-06-30,280.9277417485351,289.69017405322865,280.45814550695326,289.11065673828125,65100200
2026-07-01,293.1871503157195,296.33442991747245,288.95081360688545,294.1263427734375,50164200
2026-07-02,293.866538367699,309.15337194761725,293.4269150966668,308.3640441894531,75352800
2026-07-06,307.0951430290638,313.9292760509671,306.7354678654279,312.3905944824219,53590000
2026-07-07,315.0183186077797,315.20815732134815,309.88273318392555,310.3923034667969,42490000
2026-07-08,311.6412289475945,314.5487250421545,306.7854009831778,313.1199645996094,41323500
2026-07-09,310.24243869469103,316.2572401947346,307.8944576262147,315.947509765625,48124500
2026-07-10,314.4488202226986,316.6369356310425,311.9010296470402,315.0483093261719,34132300
2026-07-13,316.7468014245228,323.171283634363,315.5078797345754,317.03656005859375,43257800
2026-07-14,313.48965629761443,315.91755515351207,311.64124426456783,314.58868408203125,36336800
2026-07-15,317.34631234952286,328.44675508114506,317.0465830462295,327.2178039550781,60957600
2026-07-16,327.72736328456057,334.3915986652446,326.50841333986017,332.97283935546875,62970600
2026-07-17,331.693929977533,334.7013154010385,328.71648699084636,333.452392578125,63407100
2026-07-20,333.2226134619852,333.4224228207836,323.4010672140761,326.3085632324219,53468000
2026-07-21,322.85156758462244,329.3159936819017,321.94234806189104,327.45758056640625,41338900
2026-07-22,327.58746619388995,328.7164973399543,323.0613709608057,325.60919189453125,38755900
2026-07-23,321.4527900194849,323.0214140443725,319.0748358849152,321.3828430175781,40840800
2026-07-24,321.5127284115298,334.0818750563203,321.3428614810286,332.7330322265625,47489400
2026-07-27,334.2517370375488,339.277401491225,333.73216560461384,336.61968994140625,49604300
2026-07-28,339.73698155301014,342.59453283396704,335.31080637618777,339.78692626953125,51859000
2026-07-29,339.43727163464206,344.2730974331505,337.0593175600121,337.8985900878906,56090800
2026-07-30,332.8129674612056,334.4615395264105,329.30598233808786,333.1426696777344,74817800
2026-07-31,304.54735603914753,310.4222943774597,299.7415030462749,308.6438293457031,132489100
2026-08-03,309.313234694189,311.5313230344714,302.29929450581176,303.1585693359375,75052000
2026-08-04,302.46913991298527,310.1525156602479,301.0603512911937,309.1134033203125,68001000
2026-08-05,309.09342362565195,311.4414048335362,305.40663118634393,310.7320251464844,49438800
2026-08-06,314.06913775686996,316.0174696892129,308.96355554648414,312.14080810546875,46139900
2026-08-07,311.1816431226555,314.53873325457766,310.47223295908327,313.05999755859375,34437200
2026-08-10,306.8299865722656,308.260009765625,304.6099853515625,308.260009765625,44812500
2026-08-11,307.75,309.9700012207031,302.7900085449219,304.9100036621094,37476700
2026-08-12,305.1000061035156,305.6600036621094,300.57000732421875,302.25,41657800
2026-08-13,304.2099914550781,306.0,302.04998779296875,305.260009765625,40349300
2026-08-14,306.0,307.489990234375,304.29998779296875,305.92999267578125,28229400
2026-08-17,306.2099914550781,307.6600036621094,302.94000244140625,305.5899963378906,38169300
2026-08-18,307.5799865722656,311.489990234375,305.739990234375,310.0299987792969,53424500
2026-08-19,310.1400146484375,319.2799987792969,309.6000061035156,316.8299865722656,50505600
2026-08-20,317.4599914550781,320.2799987792969,310.6499938964844,311.29998779296875,40959200
2026-08-21,312.04998779296875,312.3800048828125,307.010009765625,309.3500061035156,46876800
2026-08-24,311.4700012207031,313.3599853515625,309.9700012207031,310.3399963378906,34673600
2026-08-25,310.7900085449219,313.5899963378906,308.2099914550781,309.8999938964844,25869800
2026-08-26,310.29998779296875,315.42999267578125,308.79998779296875,313.45001220703125,34024500
2026-08-27,310.54998779296875,315.3999938964844,309.3999938964844,314.5799865722656,32419200
2026-08-28,316.8500061035156,322.3699951171875,315.45001220703125,319.70001220703125,38649400
2026-08-31,319.6000061035156,321.239990234375,312.79998779296875,316.8500061035156,41242700
2026-09-01,316.9800109863281,327.29998779296875,314.7300109863281,325.1300048828125,53167400
2026-09-02,326.8699951171875,328.3999938964844,323.5299987792969,324.9599914550781,33776400
2026-09-03,324.8699951171875,330.80999755859375,324.1099853515625,328.2099914550781,37225800
2026-09-04,328.30999755859375,328.92999267578125,317.8599853515625,319.9700012207031,39606900
2026-09-08,317.1000061035156,320.70001220703125,314.8999938964844,316.2200012207031,35477100
2026-09-09,315.489990234375,319.1499938964844,309.8999938964844,315.3399963378906,65640000
2026-09-10,316.6700134277344,326.739990234375,316.510009765625,326.57000732421875,70011900
2026-09-11,327.45001220703125,336.2200012207031,326.29998779296875,332.2699890136719,50716900
2026-09-14,334.7900085449219,335.5,331.3399963378906,333.0799865722656,39269100
2026-09-15,330.1400146484375,331.7799987792969,328.3500061035156,331.3399963378906,31694100
