Date,Open,High,Low,Close,Volume
2000-01-03,92.89507962215801,92.89507962215801,90.15365653044172,91.13273620605469,8164300
2000-01-04,89.93825860782684,90.27114569607701,87.50035022622997,87.56888580322266,8089800
2000-01-05,87.68639985152653,88.6850613951683,86.00238234656197,87.7255630493164,12177900
2000-01-06,87.49055410340131,88.66544963746668,86.31565856933594,86.31565856933594,6227200
2000-01-07,87.92132559198866,91.32852172851562,87.7646728960564,91.32852172851562,8066500
2000-01-10,91.6418685913086,92.0530821042183,90.87818635304768,91.6418685913086,5741700
2000-01-11,91.36770731190084,91.54394163804896,89.91866951912745,90.54528045654297,7503700
2000-01-12,90.60403700195685,90.60403700195685,89.52704931336649,89.64453887939453,6907700
2000-01-13,90.52574770861658,91.32859340536183,89.78164681895025,90.85863494873047,5158300
2000-01-14,91.81807423550448,92.40552192735032,91.46560562039699,92.09221649169922,7437300
2000-01-18,91.07399003003935,91.87683535174041,90.97608206397824,91.36771392822266,6488500
2000-01-19,91.05442543419039,92.11183166503905,90.85860946551472,92.11183166503906,6157900
2000-01-20,92.09224334940804,92.09224334940804,90.11450221007351,90.70195007324219,5800100
2000-01-21,91.17191596301487,91.17191596301487,90.27116249774453,90.50614166259766,6244800
2000-01-24,91.26981983851601,91.38730941565206,87.35350060064792,87.94094848632812,7896900
2000-01-25,88.04865823407259,88.93962097167969,87.09895070057931,88.93962097167969,9942500
2000-01-26,88.3521315654648,88.69480938071206,87.78426547162648,88.2346420288086,5158100
2000-01-27,88.88085582039572,89.11583495012579,86.55064611723928,87.88219451904297,10922700
2000-01-28,87.37311863131553,87.76475071841243,84.92541808696,85.14081573486328,11916200
2000-01-31,85.10158715117848,87.51991343124533,84.59246582905914,87.45137786865234,10768700
2000-02-01,87.56894823569152,88.78300789369976,86.80526554758956,88.31304931640625,8419900
2000-02-02,88.52840572149287,89.13543526747083,87.96053937202964,88.3913345336914,6205900
2000-02-03,88.27383181748043,89.76203306373786,87.72554714780664,89.72286987304688,7997500
2000-02-04,89.72284212766601,90.23196344921105,89.05706809179944,89.35079193115234,4925400
2000-02-07,89.331242324387,89.46831349849282,88.62630485755713,89.21375274658203,5845800
2000-02-08,90.21241311213318,90.58446343753594,89.99701555532106,90.42781066894531,4936400
2000-02-09,90.52569601847466,90.52569601847466,88.51858292267245,88.52837371826172,8511500
2000-02-10,88.7437759163627,89.33122368279935,88.27381770321338,88.7046127319336,6690600
2000-02-11,88.88083971014105,88.93958448192566,86.4918856575662,86.9030990600586,9849800
2000-02-14,87.5884810724566,87.5884810724566,86.6681460377136,87.41224670410156,8528800
2000-02-15,87.25559957844169,88.48924023675448,86.34505528302034,88.401123046875,11078300
2000-02-16,87.96052820219411,88.31299692606756,86.9716576157714,87.09893798828125,8845400
2000-02-17,87.99968190338652,87.99968190338652,86.60938875360004,86.64855194091797,7584200
2000-02-18,87.02060904205533,87.02060904205533,84.3575120956738,84.7883071899414,9409200
2000-02-22,84.70999293891498,85.43451206483728,83.67216824502628,84.57292175292969,16415400
2000-02-23,84.98413864589665,86.13945297311045,84.27920109030856,85.57158660888672,12119000
2000-02-24,85.6498875945375,85.86528511706605,83.3980044044662,83.84838104248047,17375000
2000-02-25,84.71001195868476,85.66951047601614,83.41762620064657,83.54490661621094,10559900
2000-02-28,83.57427392824732,85.64992365561241,83.16306030301462,85.29745483398438,13397800
2000-02-29,85.25826757829154,86.11985778808594,85.06245162152008,86.11985778808594,8242500
2000-03-01,86.23736127935199,87.09895162819201,85.98280049446743,86.7464828491211,6868000
2000-03-02,86.90312954493685,87.17727190943192,86.06112085398772,86.80522155761719,7600200
2000-03-03,87.99967828485372,88.80252359185839,87.54930164921696,88.43047332763672,12770300
2000-03-06,88.234659979723,88.56754706797318,86.94227481357527,87.56888580322266,11967100
2000-03-07,87.72555242418196,87.82346040679823,84.72956815612396,85.87509155273438,20062000
2000-03-08,85.51282665130755,86.37441684426783,84.61207326775816,85.76738739013672,11808500
2000-03-09,86.00236167332294,88.2738265991211,85.297424282558,88.2738265991211,5500900
2000-03-10,87.84301144602468,88.97874364929473,87.43179806208207,87.80384826660156,7924600
2000-03-13,85.64987571742112,88.01924813667306,85.02326482968508,86.84435272216797,10540500
2000-03-14,87.2752308230387,87.7843526541805,85.31706993403178,85.61079406738281,8263900
2000-03-15,85.76738520397583,87.99968701065465,85.2582637392947,87.6080551147461,10300800
2000-03-16,88.74382343899101,92.01395108998649,88.27386497417729,91.70064544677734,25601400
2000-03-17,91.59997234076755,92.9741682395789,91.36439590097133,92.30670166015625,10272900
2000-03-20,92.26740787762155,92.56187832829481,90.95210653128099,91.83551788330078,12502300
2000-03-21,91.4232762372289,94.0735107856562,90.77544112539111,93.72014617919922,13612600
2000-03-22,93.9557183746395,94.76060438662451,93.40604012255218,94.2894515991211,8260000
2000-03-23,93.70048796264273,96.40961583585553,93.70048796264273,95.89920043945312,11654500
2000-03-24,96.03664630770344,97.8427320518385,95.31028573669259,96.46853637695312,11462900
2000-03-27,96.35074332710747,96.60595108245637,95.36917503730402,95.44770050048828,8798600
2000-03-28,95.01581371151124,96.10535455055853,94.6035550156555,94.89802551269531,6334400
2000-03-29,95.21209975366972,95.79122489650132,94.01458674645862,94.99615478515625,6747500
2000-03-30,94.32866432026385,95.43783591945115,92.42442281369453,93.40599060058594,9491900
2000-03-31,93.99495756001842,95.68325462563278,93.2489658333516,94.46611022949219,9249100
2000-04-03,94.30907138162408,95.01580047607422,93.40602864982668,95.01580047607422,8508200
2000-04-04,95.32989763677567,96.115152147787,88.82210087676926,94.30906677246094,19585500
2000-04-05,92.89562876413295,94.74097726451936,92.73857782792984,93.72014617919922,8387200
2000-04-06,94.38757772904147,95.2906202780298,93.60232333861683,94.5348129272461,6378500
2000-04-07,95.21210088348074,95.565465381605,94.54463460924603,95.13357543945312,6023600
2000-04-10,95.32986075284937,96.18382470316834,94.42681841458102,94.76055145263672,9624200
2000-04-11,94.23057101210263,95.25140219806708,93.20973982613819,94.48577880859375,9006400
2000-04-12,94.46613338986312,94.95691754089108,91.81589897431209,91.89442443847656,10779200
2000-04-13,92.64043160906284,93.07232173311442,90.3239300346044,90.61840057373047,12225800
2000-04-14,89.59755679439097,89.71534499350716,83.8651977707358,85.43570709228516,29604000
2000-04-17,84.92527972233232,88.41966247558594,84.61117790181514,88.41966247558594,23918200
2000-04-18,88.30189261662349,90.75581359863281,87.81110842022163,90.75581359863281,11069200
2000-04-19,90.77540856240618,91.16803576207057,89.53863288346336,89.91162872314453,6553700
2000-04-20,90.18651593078586,90.42209237640394,89.4405238529953,90.34356689453125,8537600
2000-04-24,88.89080866862265,90.02942768425432,88.2626050737914,89.3619613647461,12893100
2000-04-25,90.85398926218961,93.07233428955077,90.73620103064832,93.07233428955078,14102000
2000-04-26,92.9545236328125,93.44530781249999,91.71774749999999,92.02203369140625,7711100
2000-04-27,89.83313176403307,92.5618916668304,89.83313176403307,91.71774291992188,15595300
2000-04-28,92.34593543455874,92.88579793975653,91.12879087738557,91.14842224121094,8743400
2000-05-01,92.07108346442187,93.27841217083167,91.61956215958568,92.38518524169922,7328300
2000-05-02,91.40361291599191,92.42444364443512,90.53983306884766,90.53983306884766,9411900
2000-05-03,90.4613243089476,90.4613243089476,87.8110901983339,88.41966247558594,12630700
2000-05-04,89.20490822722702,89.4306688884535,88.41965375339579,89.08712005615234,5963600
2000-05-05,88.61599209862494,90.46134062704115,88.53746662933064,90.1668701171875,7862400
2000-05-08,89.6760991523176,90.06872655666226,89.10678941601786,89.4896011352539,5064100
2000-05-09,89.87238958966991,90.08833460615885,88.11538241005535,88.77303314208984,5620300
2000-05-10,88.26260580347675,88.55707624098834,86.5350459034087,86.77062225341797,10293900
2000-05-11,88.02701949145093,88.89079934373099,87.39881596251996,88.75337982177734,7091100
2000-05-12,89.08712839339442,90.12759066859272,88.9693402112965,89.71533203125,5960800
2000-05-15,89.67603447566009,91.4723035550215,89.20488193025382,91.26617431640625,4441300
2000-05-16,92.07107173365434,92.7974320010627,91.28581739051016,92.14959716796875,8192200
2000-05-17,91.52139331172947,91.83549504767707,90.75577033035722,91.18766021728516,5907200
2000-05-18,91.48216097897411,91.91405100934695,90.0687026977539,90.0687026977539,4325600
2000-05-19,89.55828569545695,89.98036003619616,88.20372153215433,88.65524291992188,6518400
2000-05-22,88.73376957809536,88.87118913275171,86.06390394477214,87.98777770996094,10839400
2000-05-23,88.22331580908403,88.45889208627784,86.41723101726477,86.69207000732422,7979200
2000-05-24,86.69208710206384,88.38038408820005,85.7497818074762,88.10554504394531,11081500
2000-05-25,88.38041031136315,89.087139491996,86.51543052913757,86.59395599365234,8278900
2000-05-26,87.2024852745775,87.7521632546964,86.26999584401864,86.69207000732422,4814000
2000-05-30,87.94848846970943,89.79383621885066,87.61475536614134,89.51899719238281,5362700
2000-05-31,89.55828112178611,90.4613238512035,89.2638106665413,89.71533203125,6056500
2000-06-01,90.26500442012663,91.36436071580455,89.8331144468246,91.28583526611328,8961600
2000-06-02,93.56308194009075,93.66123876126164,92.65022350320149,92.87598419189453,8962200
2000-06-05,92.64036048461344,93.11151298548879,92.2673647547538,92.4244155883789,6998100
2000-06-06,92.11032566781081,92.8366858659585,91.65880446355683,92.01216888427734,4858900
2000-06-07,92.11036026610422,92.97414028564997,91.71773298449253,92.65022277832031,4919500
2000-06-08,92.66001363988381,92.81706451045989,91.75697113407138,92.28701782226562,5723100
2000-06-09,92.66006134690265,92.95453188084407,91.48217921113694,92.09075164794922,3085300
2000-06-12,92.32633390582976,92.32633390582976,91.01103210449219,91.01103210449219,3678900
2000-06-13,90.97175666313163,92.81710520139973,90.85396845856133,92.71894836425781,6558700
2000-06-14,93.13119192693884,93.5238192116224,92.4637255429768,92.87598419189453,6420500
2000-06-15,93.05270291762723,93.44533035609822,92.24781666876167,93.07233428955078,5881200
2000-06-16,93.38983882268947,93.38983882268947,91.85498685720911,92.30757141113281,5567900
2000-06-19,92.22882448139002,93.92109649022287,92.09108141090363,93.48818969726562,5106900
2000-06-20,93.31109191739816,93.7439987124599,92.56334381683698,93.15367126464844,6480000
2000-06-21,92.52399138243442,93.46851532678934,92.49447500917333,93.11431884765625,3115000
2000-06-22,92.91755047581226,92.99626081081931,91.30398860816791,91.69754028320312,7490500
2000-06-23,91.81563052222843,92.01240641276043,90.59562000093007,90.91046142578125,4863300
2000-06-26,91.54014225293459,92.09111473425062,91.22530083503972,92.0812759399414,5201300
2000-06-27,91.92380720534803,92.3862302962879,91.31380227687413,91.40235137939453,4159500
2000-06-28,91.69753540222509,92.55351024986389,91.50075957518169,91.6581802368164,5347700
2000-06-29,91.14651655933791,91.7761988844456,90.36925243928312,90.79232025146484,6345700
2000-06-30,90.63492039553093,91.67783198497146,90.60540402979204,91.4810562133789,7420200
2000-07-03,91.57947814345688,92.83884354981298,91.42205746766237,92.7404556274414,1436600
2000-07-05,92.16979278195183,92.34689101744233,90.91042755179706,91.0678482055664,2748200
2000-07-06,91.26462038344421,92.22882184933226,90.81203602190492,91.77623748779297,5963200
2000-07-07,92.36656120060415,93.68495907031878,92.09107507857422,93.2520523071289,3034800
2000-07-10,93.11433548363891,93.76369581139886,92.89788204105226,93.09465789794922,2816100
2000-07-11,92.8585587255916,93.90147112492544,92.66178280118899,93.29146575927734,5431600
2000-07-12,93.99982377729393,94.53111857360688,93.62594966137,93.90143585205078,5883000
2000-07-13,94.44253285434085,94.6885025721613,93.94075462998713,94.31462860107422,5356000
2000-07-14,94.72789238228285,95.23950958251952,94.2457915589829,95.23950958251953,5341900
2000-07-17,95.07221534946896,95.70189782720527,94.88527836389099,95.0820541381836,4208300
2000-07-18,94.84595840923724,94.84595840923724,94.03917743521676,94.30482482910156,4262100
2000-07-19,94.1178835129407,94.3933696867189,93.35045774312997,93.54723358154297,8506800
2000-07-20,93.82276580937176,94.84600067138672,93.70470024837003,94.84600067138672,4538900
2000-07-21,94.29496666338805,94.29496666338805,92.99624633789064,92.99624633789062,5656900
2000-07-24,93.27174675213476,93.73416996915485,92.28786756698567,92.4649658203125,5628500
2000-07-25,93.03562566654429,93.09465842394692,92.42562050671712,92.76013946533203,4757100
2000-07-26,92.54364992679443,92.6617153955507,91.70735285643747,91.85493469238281,12062500
2000-07-27,91.89430418859139,92.32721097491881,91.10720094072337,91.54010772705078,7652600
2000-07-28,91.756575922298,91.87464142852441,89.10994082438913,89.4739761352539,6229500
2000-07-31,90.00523103033746,90.75297890509759,89.45425891209315,90.04458618164062,5265500
2000-08-01,90.43820610676094,91.12692177554611,90.12336465817344,90.59562683105469,3946600
2000-08-02,90.59562556800817,91.55982749086492,90.43820484590913,91.04821014404297,7439800
2000-08-03,89.96592923647653,91.81562244475055,89.80850853790002,91.6778793334961,4607100
2000-08-04,92.13046751665723,92.38627616204735,91.5598174615562,92.1698226928711,3686600
2000-08-07,92.38627520694007,93.46854254163266,92.16982174000155,93.27176666259766,4159800
2000-08-08,92.87815999964698,93.70461820303368,92.87815999964698,93.62590789794922,3658700
2000-08-09,93.91123407419681,93.96042801556622,92.79945099924824,92.83880615234375,5383800
2000-08-10,92.89784750648963,93.10446207942293,92.11074437150559,92.38623046875,4193400
2000-08-11,92.32722846769745,93.19304220439368,91.65819058025038,92.81916809082031,5089400
2000-08-14,93.0553457504889,94.17696865338122,92.60276107037444,93.99987030029297,2966700
2000-08-15,94.03919284707865,94.33435666643547,93.54725314815065,93.92112731933594,5564600
2000-08-16,94.0194775009476,94.41302910203989,93.09463123838073,93.5865707397461,5191600
2000-08-17,93.62594864520241,94.72789339596562,93.40949521201678,94.57047271728516,5652200
2000-08-18,94.68854501998996,94.68854501998996,93.96047432885538,94.2556381225586,4626400
2000-08-21,94.47205586132416,94.90496259511903,94.07850428514702,94.76721954345703,2380600
2000-08-22,94.80662391269068,95.27888604924208,94.51146007734607,94.60984802246094,3075300
2000-08-23,94.33429783927203,95.25914389651979,93.99977905260793,94.98365783691406,5483200
2000-08-24,95.18048170074754,95.39693514269672,94.7672524024809,95.27886962890625,4529000
2000-08-25,95.18047682864606,95.47564059801337,95.04273373627464,95.23950958251953,2822200
2000-08-28,95.23955158307085,96.28246402809208,95.23955158307085,95.5642318725586,5518700
2000-08-29,95.35760053869258,95.63308679695541,95.02308151080199,95.58389282226562,3561900
2000-08-30,95.27886652386479,95.39693203380762,94.66886138916016,94.66886138916016,3964800
2000-08-31,95.12146440241887,96.40050767634466,95.02307645827074,95.9282455444336,4863100
2000-09-01,96.49885035030178,96.71530372588362,95.71174716636783,96.0265884399414,3191200
2000-09-05,95.63304457480295,95.83965917727937,94.96400681440309,95.25917053222656,3470800
2000-09-06,95.20014469642494,95.68224547051804,94.15723281777457,94.17691040039062,4322200
2000-09-07,94.60978389887774,95.13123965455999,94.34413662711508,94.98365783691406,4265500
2000-09-08,94.62952969280143,94.76727282190303,94.02936320171587,94.33436584472656,3518200
2000-09-11,94.29499743262188,95.2001664396963,93.62595947087122,94.19660949707031,3937500
2000-09-12,94.29496146051169,94.60980273416949,93.46850311715995,93.50785827636719,4769100
2000-09-13,93.19304167705164,94.03917782403501,92.9765882441024,93.75385284423828,7691600
2000-09-14,94.37368660654269,94.41304177193325,93.29141955830252,94.22610473632812,3397100
2000-09-15,93.54553380731033,93.58498784940537,92.16464233398438,92.16464233398438,4085700
2000-09-18,92.40132323401257,92.77613645806171,91.03029591446435,91.31633758544922,5109300
2000-09-19,91.61227558113936,92.3619022977809,91.34596082654302,92.14490509033203,6588200
2000-09-20,91.96736394313885,92.18436115535991,90.36947538042023,91.46432495117188,6508100
2000-09-21,91.1980026285219,91.88844824651851,90.03410858675622,90.07356262207031,5972300
2000-09-22,90.03410295702662,91.73062636945087,89.90587735027363,91.71089935302734,7791300
2000-09-25,92.12518030890558,92.20408838625796,90.72456193590081,91.05992126464844,9726300
2000-09-26,91.13886749689479,91.5334080488294,89.89606475830078,89.89606475830078,5302400
2000-09-27,90.62594287391835,90.88239417068824,89.71849982380945,90.36949157714844,7186200
2000-09-28,90.3892113685608,92.37177700420906,90.2018046666836,91.53337860107422,7036400
2000-09-29,91.82928427288697,92.14491661410419,90.66539001464844,90.66539001464844,9333600
2000-10-02,91.07965271042504,91.47419311636146,90.35961646959105,90.80347442626953,5517800
2000-10-03,91.23747955288803,92.0068334345232,89.81713392525388,89.9552230834961,9347200
2000-10-04,90.1919390731088,91.05992798807311,89.48176632450165,90.70484161376953,6148900
2000-10-05,90.52724864051928,91.43469109801849,90.46806761068237,91.02042388916016,4566900
2000-10-06,90.82321498940146,91.30652705874124,88.21924792193818,89.04778289794922,10014900
2000-10-09,89.20555636882781,89.20555636882781,87.98248151370457,88.37702178955078,4508000
2000-10-10,88.43620886436875,89.16610842448065,86.91722869873047,86.91722869873047,6104700
2000-10-11,86.87777770730663,87.50904221380841,85.2996164410522,86.18733215332031,10346000
2000-10-12,86.66080316534624,86.85807337514672,83.82011214421948,84.037109375,12336900
2000-10-13,83.91872709656455,86.89750654921646,83.87927306407909,86.83832550048828,11778800
2000-10-16,86.73965863694114,87.26242437582651,86.28593742960668,87.23283386230469,5659000
2000-10-17,87.39069255694389,87.4696006314874,84.8459071529155,85.06290435791016,7831700
2000-10-18,83.72147128568682,85.93089748361258,82.16303673536419,84.74727630615234,10897300
2000-10-19,86.38461963624471,88.03182578824892,86.12816837904646,87.94305419921875,8767300
2000-10-20,87.35126217758386,89.12669433566484,87.35126217758386,88.31788635253906,7373500
2000-10-23,88.33757379729933,89.02801932720229,87.70630931281661,88.71238708496094,5290000
2000-10-24,88.98857900987996,89.60011657345927,87.74577686454136,88.12059020996094,5750700
2000-10-25,87.5879628261477,88.10086531116568,85.93089325916652,86.04925537109375,9137600
2000-10-26,86.56214318015992,86.89750244042946,84.60916866447263,86.28596496582031,9345800
2000-10-27,87.0356087208543,87.92332458496092,86.24652795275952,87.92332458496094,9762900
2000-10-30,87.39067707057525,89.06747335748246,87.2131339343145,88.71238708496094,10154100
2000-10-31,89.01818142339614,90.70484170299733,88.41650728856764,90.24125671386719,7752400
2000-11-01,89.79738146193483,90.42864600648271,89.14638990036984,89.93547058105469,6753600
2000-11-02,90.36949980382941,90.84294839481214,89.96509579903166,90.08345794677734,11395100
2000-11-03,90.56674589080711,90.74428906506485,89.87630021313814,90.13275146484375,5187100
2000-11-06,90.3695051992906,91.08954164106622,90.29059709608231,90.76404571533203,4042500
2000-11-07,90.35959352659142,90.90208644701087,89.9946437437638,90.74427032470703,5231300
2000-11-08,90.9415659177245,90.9415659177245,88.73213958740234,88.73213958740234,6123300
2000-11-09,88.37704727251172,89.1464010322501,86.64106955823024,88.39677429199219,10635300
2000-11-10,87.74582090665743,88.04172632788041,86.18738568821634,86.24656677246094,8569500
2000-11-13,85.61526733370297,86.4733927090523,83.96806115343473,85.57581329345703,17285300
2000-11-14,86.7791748046875,88.14033940153303,86.48326945754718,87.82470703125,7668900
2000-11-15,87.78522071206298,88.44607574438974,86.95668604466823,88.1008529663086,8837700
2000-11-16,87.47949937346634,88.29817097657805,86.68055479693565,86.72000885009766,6684100
2000-11-17,86.68055502279205,87.74581446094197,85.69420369117174,86.25642395019531,6551100
2000-11-20,85.6941637220626,86.08870407069088,84.78672092021756,85.02344512939453,5458500
2000-11-21,85.1418337482935,85.9703687384298,84.28370822279517,85.45746612548828,7684300
2000-11-22,84.80645770898056,85.14181704395443,83.40583930997204,83.41570281982422,5736900
2000-11-24,84.35273940350477,85.20100128244553,84.35273940350477,85.1220932006836,3411600
2000-11-27,86.14788999060174,86.28597912042409,85.41799030439788,85.87171173095703,5992000
2000-11-28,85.29963963006132,86.22680962604025,84.36260612348688,84.39219665527344,5336100
2000-11-29,84.82618559718969,85.79280957259954,84.12587639051522,84.234375,6914100
2000-11-30,83.64256759921118,84.2738322603373,81.90658978111435,83.50447845458984,11201600
2000-12-01,84.07657988441665,84.62893658004397,82.69568814534833,83.46504211425781,7587200
2000-12-04,83.24803894343353,84.51056844399744,83.0113146620778,84.17520904541016,6996600
2000-12-05,85.14180735360205,87.272325239188,84.8459020917151,86.93696594238281,8883400
2000-12-06,86.97643552287755,87.33152190060761,85.24045767619731,85.54622650146484,12888000
2000-12-07,85.14182084382124,85.77308550253353,84.37246704101562,84.37246704101562,6529100
2000-12-08,86.52273101486303,88.04171192871266,84.51057447963366,84.56975555419922,10276300
2000-12-11,86.71999045424465,88.1008820219874,86.30572298392184,87.50907135009766,6405600
2000-12-12,87.2328972016521,87.62743766841669,86.71999459485812,87.13426208496094,5022900
2000-12-13,87.90361954097864,88.00225466164851,85.87173605517954,85.94078063964844,6070500
2000-12-14,85.77308672878583,86.16762714612155,84.60919249764545,84.84591674804688,7678400
2000-12-15,84.29488218248787,84.29488218248787,82.67230463813013,82.9295425415039,9065300
2000-12-18,83.62210528519901,84.51254417252366,83.43412374231937,84.03764343261719,7235400
2000-12-19,83.87934040573408,85.46234281961912,82.32601928710938,82.32601928710938,9616600
2000-12-20,81.44545658224881,81.64333184119499,79.84266698478473,79.94160461425781,9994300
2000-12-21,79.78328522538716,81.59384340944543,79.48647240832844,80.49563598632812,14331500
2000-12-22,81.68289494844495,83.01855275101764,81.58395733343957,82.90972137451172,10182900
2000-12-26,82.8503621269145,83.80016326904297,82.49418669861632,83.80016326904297,4665300
2000-12-27,83.42422067576935,84.68072874334794,83.10762021779679,84.4135971069336,4854100
2000-12-28,84.09698390046914,84.76975977167288,83.95847122110365,84.67082214355469,8358700
2000-12-29,84.88853042042784,85.0270431740276,83.06807708740234,83.06807708740234,8774600
2001-01-02,83.58249039073871,83.68142799773533,80.7726623520349,81.56416320800781,8737500
2001-01-03,81.24758591828522,86.11531756365741,80.83204785099736,85.48211669921875,19431600
2001-01-04,85.44257995384095,85.77896806389543,84.21575272893632,84.5620346069336,9219000
2001-01-05,84.51252691216324,84.61146454610396,81.8016357421875,81.8016357421875,12911400
2001-01-08,82.23696968272736,82.43484497070312,80.85184266689701,82.43484497070312,6625300
2001-01-09,82.9789904680493,83.26590959569607,81.95003911372987,82.21717071533203,5702400
2001-01-10,81.68289175908748,83.6616439819336,81.56416662571672,83.6616439819336,8746100
2001-01-11,83.00866814777396,84.52241382436625,83.00866814777396,83.74080657958984,7245100
2001-01-12,84.01782981554666,84.67081813017526,83.12739120468949,83.58250427246094,7244000
2001-01-16,83.58251987583805,84.33444595426651,83.27581318595274,84.11678314208984,8542200
2001-01-17,85.38317707268558,85.51179599527481,83.98815645075643,84.50263214111328,7851400
2001-01-18,84.4927338163012,85.92732941388476,84.17613340855861,85.34359741210938,8107000
2001-01-19,86.2340823308396,86.2340823308396,84.76980465932007,84.85884857177734,7782500
2001-01-22,85.00722191381819,85.9768108043622,84.5718962894923,85.42276000976562,7050900
2001-01-23,85.14569619769914,86.5308225592699,84.94782100318903,86.09549713134766,8463100
2001-01-24,86.27364832583531,86.94642448250467,86.01641038357938,86.35279846191406,6199900
2001-01-25,86.27360635972587,86.90680714034771,85.89764339623166,86.13509368896484,10818300
2001-01-26,85.58105781962264,86.19447118202919,85.1358384436824,86.03617095947266,7136800
2001-01-29,85.79872959974836,86.68520707403441,85.71641038360757,86.49525451660156,6705900
2001-01-30,86.30532515681787,87.33110800502685,85.982386362468,87.255126953125,7069100
2001-01-31,87.00183270228456,87.8249961160086,86.49527952019218,86.76122283935547,9706900
2001-02-01,86.81185405801736,87.35006906806878,86.27362938608623,87.33740234375,8239100
2001-02-02,87.00177723660569,87.37537301376426,85.32379915143929,85.35546112060547,8276600
2001-02-05,85.35549802396167,86.07734678840936,85.32383604110647,85.98236083984375,4352900
2001-02-06,85.67209443091005,86.55857193717016,85.62143719314088,85.72908020019531,7106700
2001-02-07,85.30482289007126,85.7353948485664,84.64628856758874,85.28582763671875,5748700
2001-02-08,85.35548482630064,85.73539957617876,84.27904520882727,84.29170227050781,5943300
2001-02-09,84.4373715453312,84.4373715453312,83.11397388769704,83.48123168945312,9913000
2001-02-12,83.39253748129812,84.5323007724025,83.39253748129812,84.43732452392578,5804400
2001-02-13,84.65895743801052,84.95656263058747,83.58251785258781,83.74714660644531,6587600
2001-02-14,83.99409248527127,83.99409248527127,82.73402892340397,83.6205062866211,8400100
2001-02-15,84.11443733202925,84.54501913250002,83.57622215879414,84.43103790283203,5929800
2001-02-16,82.94932139340834,83.13294541091491,81.8728817504499,82.56939697265625,6434900
2001-02-20,82.97463986030573,83.03796381366493,81.11303737121744,81.29666137695312,5760000
2001-02-21,80.98638351757698,81.58158898623924,79.4667006270473,79.54268646240234,10910800
2001-02-22,80.00491574842674,80.12522543976256,77.89635604005284,79.6629867553711,21281600
2001-02-23,79.20076458976386,79.49203640514195,77.12386654554503,79.1247787475586,20173000
2001-02-26,79.6566493306662,80.80907440185547,78.83348649512904,80.80907440185547,11503700
2001-02-27,80.28990347191632,80.94842838158024,79.47307345225065,80.06195068359375,11415000
2001-02-28,80.25820909330291,80.31519485191481,78.05466797246525,78.48524475097656,14825800
2001-03-01,78.54860809524976,78.89686584472656,77.09224345288031,78.89686584472656,14672000
2001-03-02,77.56712027853678,79.56170433760145,77.4404820145397,78.26997375488281,12564300
2001-03-05,78.61189503894828,79.01080987867299,78.39660421445743,78.98548126220703,5293200
2001-03-06,80.00495416755075,80.89143663106566,79.46040086128906,79.83399200439453,6917000
2001-03-07,80.35322001121851,80.44186777814201,79.6313711485895,80.40387725830078,6371700
2001-03-08,80.16324072938849,80.56848895812,79.87196886692146,80.49250793457031,6055000
2001-03-09,79.84662514190197,79.84662514190197,77.95335597859989,78.11165618896484,10020300
2001-03-12,77.46579632716413,77.56711079072134,74.5594064947546,74.76836395263672,13972900
2001-03-13,75.60418369508669,76.26271316959047,74.42009634704539,75.99676513671875,12888000
2001-03-14,74.11614377906216,75.53451199270947,73.2929809376678,74.49606323242188,19883400
2001-03-15,75.00261517101849,75.26222975675238,74.31242878034807,74.51505279541016,10370300
2001-03-16,74.36653591149546,74.53796323920879,72.8935542273371,73.02053833007812,58514600
2001-03-19,73.49668963991483,74.72205790889183,72.89987669570382,74.50618743896484,10067800
2001-03-20,74.85537947161332,75.21092509679731,72.44908640072401,72.5062255859375,15083900
2001-03-21,72.49353875186483,73.17923812463056,71.04595441643487,71.27452087402344,19004600
2001-03-22,71.12214682846836,71.4903933614556,68.59522441288702,70.55073547363281,28624800
2001-03-23,71.90308469980553,72.79830423838114,70.7919995057688,72.68402099609375,12861700
2001-03-26,73.45861152626864,73.82050769961872,72.86814883880824,73.61099243164062,9943800
2001-03-27,73.40779909223998,75.33156259644845,73.19192863446341,75.11569213867188,12880700
2001-03-28,74.22047574606015,74.25221812402843,72.95066437262523,73.03955078125,10953300
2001-03-29,72.8236933570445,73.9665257351666,71.19833605833475,73.31892395019531,12060300
2001-03-30,73.36338109958405,74.08717346191406,72.69672794504169,74.08717346191406,9183600
2001-04-02,73.83953136826916,74.52522581056031,72.25226719306085,72.5062255859375,10561000
2001-04-03,72.36658769286528,72.47452054984268,69.87775250241742,70.08727264404297,12836000
2001-04-04,70.20152252948385,71.17292746817736,69.39519442785894,70.3792953491211,14884300
2001-04-05,71.93485860775243,73.32529958666227,71.42693182166329,73.04594421386719,21522800
2001-04-06,72.3729267756081,72.63324053621572,71.14755811712,71.93484497070312,14937800
2001-04-09,72.37926416299626,73.00781957442237,71.60467828025547,72.73480987548828,9034300
2001-04-10,73.29989276173463,74.7601784395341,73.12211986404388,74.06178283691406,17873600
2001-04-11,75.4141259730444,75.54745563774723,73.73797469685489,74.1125717163086,12722300
2001-04-12,73.8395426987348,75.51569353743965,73.62367221892993,75.45854949951172,9233200
2001-04-16,75.10299584592367,75.48393829719356,74.22682772360835,74.66490936279297,7350000
2001-04-17,74.48079526744452,75.97282772090841,74.29667201055011,75.71886444091797,10924700
2001-04-18,76.86170760166621,79.99814433436241,76.62679551604896,78.72833251953125,32481600
2001-04-19,78.88703284987119,79.89653058297664,78.46164719544107,79.7759017944336,13809900
2001-04-20,79.29975497750024,79.61720795591782,78.5124729473301,79.04579162597656,7626700
2001-04-23,78.50610514610142,78.65848118569238,77.40137038215971,77.61088562011719,8451800
2001-04-24,77.78864153954837,78.50608805583518,76.88707663930843,77.19183349609375,10044700
2001-04-25,77.09026970604903,78.51880791601725,76.79186317160186,78.20135498046875,8249000
2001-04-26,78.55687226291032,79.50288025353883,78.41084184312159,78.55052185058594,10590400
2001-04-27,79.31244003749367,79.89655227475448,78.85530703652526,79.85845947265625,7938700
2001-04-30,80.28385603858932,80.80447872771364,79.15372421419373,80.41719055175781,10766900
2001-05-01,79.40770166512401,80.72830744801615,79.10929503837976,80.6648178100586,10578000
2001-05-02,80.89336532094315,81.07113820291518,79.99814565165119,80.51876831054688,9572900
2001-05-03,80.08067134963014,80.09337217896032,78.86800372174125,79.4965591430664,9926200
2001-05-04,78.50608598627313,80.85523499543716,78.37275637867747,80.84888458251953,12145300
2001-05-07,80.54414073018214,80.87428957612929,80.14415186690931,80.15049743652344,7185200
2001-05-08,80.54413995258942,80.69651596894424,79.71876057977055,80.1124038696289,6952600
2001-05-09,79.52193854685204,80.34731789050558,79.40130491436294,79.7759017944336,9507400
2001-05-10,80.7981204883172,80.95049653725857,79.85210727643583,80.01083374023438,6872400
2001-05-11,79.99814992519049,80.30925248526079,78.98230137112053,79.45848083496094,7734400
2001-05-14,79.2997118062222,79.6425614175374,79.02035178723678,79.6171646118164,7914000
2001-05-15,79.71241058908626,80.31556905149938,79.26797370377759,79.98542022705078,9782200
2001-05-16,79.26166768580411,82.0298584069272,79.121992425961,81.87113189697266,14909000
2001-05-17,81.90283778045632,82.58853711977002,81.62347771393306,81.9980697631836,11824600
2001-05-18,81.95995572323517,82.37265014648438,81.33140542439226,82.37265014648438,6683100
2001-05-21,82.43617201524233,83.70598369639355,81.99808543518208,83.5853500366211,11531500
2001-05-22,83.69960731215939,83.86467928229692,83.21708253860226,83.47738647460938,8342700
2001-05-23,83.20439378009404,83.20439378009404,82.06156158447266,82.06156158447266,12330800
2001-05-24,82.20124631439892,82.53774557903589,81.61713420054056,82.3028335571289,7902800
2001-05-25,82.31552466675791,82.34727189108612,81.20444447446552,81.33142852783203,7425000
2001-05-29,81.40761478819014,81.49015563454661,80.56953940483547,80.68382263183594,9003900
2001-05-30,80.3726967433408,80.69014954004051,79.36319917492942,79.55367279052734,10041800
2001-05-31,79.63623599760169,80.4806618880379,79.52830317237367,79.96638488769531,9874200
2001-06-01,80.12509716839237,80.6965132655126,79.43940269579417,80.46160125732422,8848300
2001-06-04,80.50603978809968,80.9060286108867,80.04890693694553,80.84888458251953,5623500
2001-06-05,80.94411115439753,82.04884550888292,80.80443115156527,81.77584075927734,9115400
2001-06-06,81.79489179186712,81.79489179186712,80.86157975994614,81.09649658203125,12064900
2001-06-07,80.66478049826028,81.4901599417727,80.63303327199186,81.3885726928711,7355300
2001-06-08,81.07744284482915,81.18538047777815,80.08699166301572,80.63301086425781,8170600
2001-06-11,80.44890022322527,80.62667304321607,79.62352572413279,80.06160736083984,7012200
2001-06-12,79.27437212340867,80.46799378871312,78.75374934084569,79.9219741821289,9364400
2001-06-13,80.10606974338089,80.36638346636278,79.14101498498944,79.23625183105469,7629400
2001-06-14,78.84259072590436,78.91878115440734,77.29976966732838,77.45849609375,12603000
2001-06-15,76.98478463349002,77.93348334470018,76.66006043010613,77.58329010009766,16821100
2001-06-18,77.45595105607761,77.95895369873952,76.98478592990585,77.20763397216797,11368300
2001-06-19,77.92077015249578,78.24549445488488,76.97207115203675,77.54511260986328,7732300
2001-06-20,77.16304736791633,78.22635411945275,77.1057408224009,77.95256805419922,8787200
2001-06-21,77.81890868442997,79.14963387298081,77.77433905748629,78.837646484375,12259100
2001-06-22,78.62751917042324,78.691189362965,77.78069637994146,78.22002410888672,12212000
2001-06-25,78.49382574643025,78.59570196071289,77.36047958002477,77.50055694580078,8406800
2001-06-26,76.97843992025891,77.927138924311,76.76832390863933,77.39230346679688,8005800
2001-06-27,77.42411955831513,77.83161454090704,76.98479191448146,77.34771728515625,10105100
2001-06-28,77.67879955866312,78.91402136841158,77.63422994994657,77.77430725097656,10269300
2001-06-29,78.18820494497682,78.95862558055373,77.84438001660176,78.06085968017578,9824200
2001-07-02,78.18819608017691,79.15599569431205,78.07358778371258,79.03501892089844,8522200
2001-07-03,78.93951262781634,79.01591491699219,78.34737059808158,79.01591491699219,3303100
2001-07-05,78.36007271819929,78.72936650036256,77.46231215973758,77.47504425048828,5517900
2001-07-06,77.23946332089946,77.35407157454038,75.80049896240234,75.80049896240234,11665900
2001-07-09,76.08066188472796,76.74921095650713,75.89601495197253,76.21437072753906,8339300
2001-07-10,76.59000861037079,76.81285661055807,75.26564784108344,75.2974853515625,8630700
2001-07-11,75.1956457685323,75.69864856081284,74.55256563438574,75.3739242553711,15328600
2001-07-12,76.08704922423054,77.34137206817559,75.96607244505061,77.16309356689453,12002800
2001-07-13,76.9401994865034,77.88253444987727,76.80012706583148,77.83159637451172,10433800
2001-07-16,77.53237279308449,77.85709708348088,76.59004230410467,76.85746002197266,6915300
2001-07-17,76.5327282355751,77.64697347528111,76.29714806526617,77.57693481445312,7469800
2001-07-18,76.76190841312707,77.44955774391889,76.44355278121103,77.04843139648438,7709300
2001-07-19,77.79341970369644,78.30279090204466,76.88929044146593,77.72338104248047,10082900
2001-07-20,77.13761116832458,77.64061391431754,76.99116536319792,77.25858306884766,6705800
2001-07-23,77.55147896697025,77.60241220582158,75.73684692382812,75.73684692382812,8065200
2001-07-24,75.76869846030014,75.89603886756352,74.33609701882388,75.00464630126953,12269000
2001-07-25,75.081016683791,76.07428989753666,74.78812998541828,75.83233642578125,12088500
2001-07-26,75.80689901521266,76.94661362484669,75.48854314183083,76.62825775146484,12898200
2001-07-27,76.93387190239834,77.26495983189523,76.34809833451374,76.92113494873047,8478800
2001-07-30,77.163055751077,77.26492704857364,76.59638299640757,76.94657135009766,8547700
2001-07-31,77.04208269710512,78.11175808919201,76.91474235474442,77.26493072509766,11918100
2001-08-01,77.65972397410654,78.12452077771056,77.39230623578167,77.74886322021484,11940800
2001-08-02,78.4619395935369,78.47467168278146,77.60874388249164,78.06717681884766,11070100
2001-08-03,77.90805805517711,77.90805805517711,76.97845938840513,77.64064025878906,10816300
2001-08-06,77.26495696975408,77.36683316442515,76.46906741535257,76.5964126586914,8550100
2001-08-07,76.57731218741047,77.16945424853638,76.34810045000735,76.89566802978516,8865100
2001-08-08,76.48180303771265,77.14398371837923,75.40575882441392,75.46942901611328,15183800
2001-08-09,75.57764486098841,75.74955966755661,75.04280959104894,75.69225311279297,14118500
2001-08-10,75.64135125289158,76.30352714040185,74.71174790408449,75.95333862304688,11173300
2001-08-13,76.1506828957452,76.30986074663838,75.64768030399611,75.97240447998047,7431600
2001-08-14,76.49450000180741,76.6282088002857,75.64130913788247,75.94055938720703,13178100
2001-08-15,75.91510734645371,76.15705594556783,75.18288821680788,75.28475952148438,8520600
2001-08-16,75.0046259026803,75.6094999592649,74.4952546967073,75.54582977294922,10734700
2001-08-17,74.90910851797318,75.04918582440749,73.86490205256517,74.33606719970703,11604600
2001-08-20,74.3678925719031,75.0682741319656,74.2087147238106,75.0237045288086,10417400
2001-08-21,75.00462569082177,75.47579089749544,73.73120253721002,73.74393463134766,14480800
2001-08-22,74.33610081988937,74.76906502753907,73.71848961185852,74.50801086425781,11752300
2001-08-23,74.46979428123419,74.82635125210378,74.17053902737246,74.2405776977539,8744100
2001-08-24,74.62895629701869,75.85144124335257,74.32970110690373,75.78140258789062,11687700
2001-08-27,75.74953931912403,75.89598018848345,75.29747490781052,75.32930755615234,7425100
2001-08-28,75.31022886243154,75.44393768282177,74.22782135009766,74.22782135009766,12046600
2001-08-29,74.57801994342242,74.60985746309005,73.33006592448193,73.5656509399414,16180000
2001-08-30,73.12629771709784,73.69297043107382,71.33714037461563,72.15213012695312,17692600
2001-08-31,72.20308466382934,73.07537630496083,72.0311698394751,72.68061828613281,15985400
2001-09-04,72.48962178038353,73.96679264259167,72.18400290280915,72.21583557128906,24473400
2001-09-05,72.39411926269531,72.70611149720385,71.27987377360012,72.39411926269531,21477100
2001-09-06,71.72550816581467,72.13937136262527,70.52848815917969,70.52848815917969,21653000
2001-09-07,70.05101941830704,70.83417695030255,69.16599053986057,69.22329711914062,33133900
2001-09-10,68.5738379764804,70.26112470277786,68.5738379764804,70.07011413574219,23408700
2001-09-17,64.30786193356502,67.74610502829037,63.671150429272295,66.40901184082031,32388700
2001-09-18,66.42811824233725,67.04572923297464,65.81050725169985,66.24983978271484,22029200
2001-09-19,66.28169683258115,66.53638252191347,62.75431290830097,64.91276550292969,42771800
2001-09-20,63.925809325263735,64.82356964565052,62.75425812025622,62.84976577758789,36210900
2001-09-21,60.25440160798647,63.26456473997183,59.947636061616876,62.17170333862305,49782100
2001-09-24,63.731106081710095,64.65141241171172,63.30929738847597,64.357421875,25549600
2001-09-25,64.38937998403789,65.18825566622198,63.84614549534274,65.02848052978516,25466200
2001-09-26,65.41195989359296,65.44391688103704,64.18488764058674,64.79842376708984,18587500
2001-09-27,64.70895914152113,65.37362459090389,63.91008310273693,65.36083984375,20536800
2001-09-28,65.8145791537956,70.05820656849357,65.50780873333352,66.74766540527344,21687200
2001-10-01,66.40254350191353,66.67096454401687,65.71870615601222,66.63900756835938,20457400
2001-10-02,66.4664694691985,67.47624969482422,66.24278521059816,67.47624969482422,19833100
2001-10-03,66.84992564119142,68.94617494996596,66.69015048197446,68.60745239257812,32045800
2001-10-04,69.20817417670092,69.64276258895448,68.22395909965762,68.6649398803711,32674100
2001-10-05,68.54353395493129,68.78000291366101,67.43788785853853,68.53075408935547,29796100
2001-10-08,67.9172141425122,68.57549181294645,67.66157782011283,68.08338165283203,12970300
2001-10-09,68.13448662458444,68.22396028077843,67.48899392551475,67.71907043457031,15976300
2001-10-10,67.61686978668621,69.37439706976598,67.43791745842718,69.22740173339844,19987400
2001-10-11,69.63000598072222,70.49279566126219,69.63000598072222,70.30106353759766,23006300
2001-10-12,69.75785256277335,70.23078578454123,68.57551707037763,69.98153686523438,31360500
2001-10-15,69.42548245013664,69.94954464162625,69.0611953764908,69.85368347167969,16873000
2001-10-16,70.17326716136071,70.69093722966167,69.6300276009513,70.29469299316406,15877100
2001-10-17,70.98490191164579,71.03603112876807,68.79917907714844,68.79917907714844,28542300
2001-10-18,68.90784005700044,69.12513683925553,68.22400247546939,68.6521987915039,16510000
2001-10-19,68.38376814486455,68.96535206487077,67.75105987963158,68.60745239257812,21912500
2001-10-22,68.57551665398788,70.02627330052785,68.51799504744598,69.96236419677734,17540600
2001-10-23,70.27555301426993,70.48006516146351,69.26577215427166,69.60449981689453,22062500
2001-10-24,69.64922039800429,69.94959373456483,69.16350233360029,69.41914367675781,16065200
2001-10-25,68.67138593288183,70.68455463103446,68.21762490424913,70.6653823852539,27467900
2001-10-26,70.26911571691697,71.44506346848999,70.09016831201372,70.50558471679688,18623300
2001-10-29,70.40333090657194,70.65257977340204,68.6713638305664,68.6713638305664,18727500
2001-10-30,68.60746567639383,68.83114996741729,67.46347472978603,67.84693908691406,26178600
2001-10-31,68.31985384902718,68.93338982854253,67.6168441772461,67.6168441772461,28124200
2001-11-01,68.12815376813631,69.66838925053943,67.552961993049,69.34883880615234,29806800
2001-11-02,69.30409957243032,69.9048510717161,68.93981227330657,69.82176971435547,17575900
2001-11-05,70.37774677019641,70.99767014138382,70.26909598263185,70.73564147949219,15929500
2001-11-06,70.52474187722471,71.8860291145128,70.20519161509326,71.83489990234375,23245800
2001-11-07,71.43225855462954,72.29504810399864,71.34917724751277,71.73902893066406,19716000
2001-11-08,72.13531325248148,72.90862468040464,71.51538466022468,71.96275329589844,22563500
2001-11-09,71.73907340693073,72.19283444425668,71.22140325712768,72.0394515991211,15895800
2001-11-12,70.94019189326939,71.99470923444089,70.30109106540209,71.59846496582031,26068800
2001-11-13,72.49956712374232,73.20896911621094,72.33339961737529,73.20896911621094,15296200
2001-11-14,73.60521943145191,73.7522147238564,72.67213308352397,73.27928161621094,17571300
2001-11-15,73.09393238782866,73.61160227818745,72.81272658272003,73.41348266601562,19470200
2001-11-16,73.54770820628327,73.56048807460056,72.4740188574342,73.08755493164062,18134900
2001-11-19,73.44545099019787,74.03981483394108,73.14507288220541,73.98868560791016,13625400
2001-11-20,73.73303100901849,74.00784443608458,73.26648546969226,73.36874389648438,16209700
2001-11-21,73.1770271064946,73.28567305074758,72.54431880507596,72.88304138183594,11470200
2001-11-23,72.88305790931652,73.97591972357428,72.8574932914684,73.93118286132812,6717100
2001-11-26,73.97591168237132,74.35297878375118,73.54132297809772,74.09095001220703,13726000
2001-11-27,73.89280058777953,74.71084843680521,72.91497273991779,73.77136993408203,19261400
2001-11-28,73.3304031515186,73.60521661082556,72.37814460106222,72.43566131591797,20195500
2001-11-29,72.6401715779172,73.44543476826415,72.21836287025427,73.41348266601562,16354700
2001-11-30,73.1131114254067,73.43905410474292,72.87025007078526,72.8894271850586,13680300
2001-12-03,72.63381195827468,72.90862551646919,72.22478780783901,72.45486450195312,15220400
2001-12-04,72.80636824453549,73.6883305452046,72.44208095215772,73.68193817138672,17239900
2001-12-05,73.8864727088592,75.41392382680027,73.8545157060086,75.03046417236328,25204000
2001-12-06,74.9920654296875,75.37552970766043,74.73003670742023,74.9920654296875,17972900
2001-12-07,74.7108575200535,74.83228331256397,73.94393391138799,74.49356079101562,18857800
2001-12-10,74.03980522164197,74.38492013861872,73.08115429980124,73.10032653808594,13862700
2001-12-11,73.43266410036526,73.9567264271953,72.79356346394076,72.95333862304688,20833300
2001-12-12,73.2089520487446,73.3559424087642,72.28864592151253,73.03639221191406,16171500
2001-12-13,72.50596422810311,72.66573938495301,71.60483487896413,71.61761474609375,19026700
2001-12-14,71.79018263288305,72.53153690764987,71.57927823214928,72.30146026611328,16721900
2001-12-17,72.21199947309901,73.08756934197896,72.15448274040402,73.04922485351562,13925900
2001-12-18,73.26011364306173,73.59244874738128,73.07477384948957,73.48380279541016,13663700
2001-12-19,72.91499833063217,74.08455381086222,72.85748160666259,74.00147247314453,20143400
2001-12-20,73.81614580162044,74.00787800083677,73.20900196402269,73.27291107177734,14867900
2001-12-21,73.76859786228495,73.79425040060516,73.2363187007637,73.71729278564453,14037700
2001-12-24,73.64039237272722,73.77506462502964,73.49930575810805,73.57626342773438,5728800
2001-12-26,73.52493341118263,74.52535831384888,73.52493341118263,73.98025512695312,10304800
2001-12-27,73.94176219110078,74.44197453040339,73.90969529028511,74.42914581298828,9407300
2001-12-28,74.57662509503054,74.87162190470202,74.33934281883532,74.3906478881836,10593800
2001-12-31,74.4868549614152,74.6407653000704,73.25556246673067,73.30045318603516,14619500
2002-01-02,73.81992714381444,74.23035810607163,72.98623649957281,74.08927154541016,18651900
2002-01-03,74.16620198593256,74.99988743170584,74.09565873147282,74.9293441772461,15743000
2002-01-04,75.14099323900876,75.66044869096183,74.7433910401794,75.42958068847656,20140700
2002-01-07,75.48084174327875,75.66681892066093,74.74976174541496,74.89726257324219,13106500
2002-01-08,74.89731271508165,75.07046129671745,74.37144771732434,74.72415924072266,12683700
2002-01-09,74.82676381604642,75.53219170262331,73.96742065431896,74.11492156982422,16610300
2002-01-10,74.19186466799258,74.61511935990418,73.94175851078982,74.44197082519531,12823400
2002-01-11,74.52533140038709,74.57022211973826,73.5569688627016,73.71088409423828,13708400
2002-01-14,73.52491182978493,73.64675528042042,73.08241407146366,73.24915313720703,12301100
2002-01-15,73.46081022169473,73.99949909049224,73.043964848807,73.84558868408203,20219900
2002-01-16,73.3004889548281,73.36461788616762,72.26799701427319,72.35136413574219,17067000
2002-01-17,72.95418858068905,73.26200941549243,72.72332050822453,72.89646911621094,17283400
2002-01-18,72.46680006475714,73.01190333448706,72.25517018234967,72.56299591064453,17028000
2002-01-22,72.94775012304325,73.06318412114466,71.83830086947299,72.06275939941406,11689300
2002-01-23,72.22949742477513,72.81949616456423,71.83830468226476,72.6142807006836,12438900
2002-01-24,72.87721385995238,73.26840661931578,72.67199838723083,72.83873748779297,12142800
2002-01-25,72.543722215534,73.22349737971992,72.49241713714068,72.8194808959961,12810700
2002-01-28,73.04393256781565,73.22990980253562,72.41545760590947,73.01828002929688,10589200
2002-01-29,73.01186377473185,73.19142664697696,70.57493139141471,70.72242736816406,27720800
2002-01-30,70.79297160446991,72.71686793554757,69.51678840815038,71.74209594726562,34711800
2002-01-31,71.92166966895326,72.65916435230348,71.58178204870438,72.58220672607422,19909200
2002-02-01,72.5244853696584,72.65916243518667,71.9344915956341,72.24231719970703,15838500
2002-02-04,71.97298036078818,71.97298036078818,70.18375577651015,70.44668579101562,24243400
2002-02-05,70.1580904780457,70.85710382930583,69.60015875446695,70.01058959960938,33614000
2002-02-06,70.31843497192703,70.37614953230648,69.29876703738296,69.70919799804688,29486000
2002-02-07,69.72199859374574,70.45307875332546,69.26026272606991,69.27308654785156,23445400
2002-02-08,69.66429023161571,71.02384551435385,69.45266533591058,70.6005859375,19277800
2002-02-11,70.57493417980558,71.59459691293597,70.4274333045072,71.46633911132812,18792400
2002-02-12,71.15850761998423,71.63948167509719,70.56209959593534,71.24187469482422,13942500
2002-02-13,71.49200487401889,72.17178015517669,71.40863288410317,71.99862670898438,16781100
2002-02-14,72.15256305531408,72.44756005395969,71.562564165299,71.86397552490234,20453800
2002-02-15,71.9216547263596,71.97936926449907,70.99818297435935,71.11361694335938,18366800
2002-02-19,70.63908588333608,70.72886735198786,69.65148483544327,69.7476806640625,15988100
2002-02-20,69.93364577714804,70.9212417602539,69.14484599116665,70.9212417602539,29242800
2002-02-21,70.4979825978029,70.9468898345781,69.42701469526641,69.45266723632812,26288600
2002-02-22,69.48470538370579,70.50437274671106,69.17688478210738,70.31198120117188,26572900
2002-02-25,70.37611995254323,71.70360810326764,70.35046741669336,71.47274017333984,17458700
2002-02-26,71.5689940733928,71.85116730414408,70.90845664024764,71.32530212402344,22346500
2002-02-27,71.79982955036843,72.37699958146518,70.95972949510258,71.60102844238281,28597900
2002-02-28,71.71645606064537,72.30644986533758,71.20341499142991,71.2803726196289,23755400
2002-03-01,71.64590842959655,73.01187322109529,71.51123625798867,72.94132995605469,26273600
2002-03-04,73.04398224642048,74.38429526972875,72.88365744117931,74.23038482666016,27184600
2002-03-05,73.96100287119525,74.64719249440363,73.7301348771511,73.9930648803711,22718900
2002-03-06,73.81348390930793,75.12814828186202,73.79424572996577,74.87162780761719,20143200
2002-03-07,75.26283639388224,75.3526178450032,74.11491082001042,74.71131896972656,19330800
2002-03-08,75.27561107256861,75.60908900991541,74.69844637581726,75.02550506591797,19930100
2002-03-11,74.96142132259176,75.60913452360144,74.66642444211256,75.18587493896484,15621800
2002-03-12,74.45480914088343,75.19230393198046,74.3522038503094,75.14099884033203,17153600
2002-03-13,74.79467711402751,74.87163473123381,74.15979267342063,74.41631317138672,17175300
2002-03-14,74.41632324389417,74.66642941776543,74.15338835239135,74.31371307373047,11168100
2002-03-15,74.58448736476734,75.21475793637025,74.53946803822427,75.02182006835938,21220100
2002-03-18,75.31122427314534,75.6070662429795,74.66808827609587,75.03467559814453,17548900
2002-03-19,75.43984183050149,75.72281828541053,75.13113444445649,75.53630828857422,17912000
2002-03-20,74.92533524416876,74.97678729577324,74.08282875278096,74.11498260498047,17114500
2002-03-21,74.15360375621569,74.53948448411418,73.39470286509481,74.14717102050781,25846800
2002-03-22,74.28219292433351,74.56517427705833,73.7676822660588,73.9863510131836,15235400
2002-03-25,74.01850397707626,74.19215340752982,72.86729510241804,73.06666564941406,17499600
2002-03-26,73.00873725898226,73.97344047539275,72.9765834291425,73.4910888671875,19947600
2002-03-27,73.33681082654459,73.96708638180371,73.1631662334697,73.6841049194336,19020300
2002-03-28,73.9413382442271,74.45584404131101,73.63906357373722,73.65192413330078,17532900
2002-04-01,73.46544099432155,74.02496627724895,72.99594946872924,73.6841049194336,17711000
2002-04-02,73.3046338013052,73.92847151762655,73.16957094113278,73.2789077758789,15669500
2002-04-03,73.32392667716407,73.4525518968272,72.13412622169847,72.76439666748047,25658500
2002-04-04,72.41711598911564,72.9316267757575,72.17915879835304,72.4621353149414,23549000
2002-04-05,72.7965894685792,73.07956606551762,72.14702052001752,72.47502136230469,19404900
2002-04-08,71.5939069218481,72.69366900975506,71.5360270309398,72.62935638427734,16470100
2002-04-09,72.79012354155016,72.79012354155016,71.98620364243723,72.12126159667969,15122700
2002-04-10,72.09551527455693,73.02163230776787,72.08908254328844,72.93802642822266,17199300
2002-04-11,72.60360403186154,72.70650812071125,71.06650977851231,71.1243896484375,25453700
2002-04-12,71.40097818332605,71.8061571263385,70.77070746023519,71.65823364257812,14950600
2002-04-15,71.78682875594862,71.9411799933996,70.873572076415,71.11153411865234,17394900
2002-04-16,71.83829729559521,72.88017949889165,71.81900399850915,72.8030014038086,15040900
2002-04-17,72.92518451728031,73.10526179706468,72.41710653118139,72.64863586425781,12920100
2002-04-18,72.61006770514055,72.97022235611179,71.4845795141163,72.3335189819336,25204800
2002-04-19,72.80297888129267,72.82870490502836,72.39137231499639,72.59717559814453,10499200
2002-04-22,72.27558700838503,72.30774575554942,71.28515745790021,71.3880615234375,13922900
2002-04-23,71.44597114953177,71.69679868710686,70.85428724636407,71.07938385009766,16967000
2002-04-24,71.1051037658316,71.90902364345447,70.3590686709011,70.3655014038086,18902700
2002-04-25,70.23688177731704,70.57774307129803,69.92174651207361,70.40409851074219,25451500
2002-04-26,70.60987193841763,70.75136258319952,69.00203262359821,69.06634521484375,19769800
2002-04-29,69.41368034172355,69.62591643500849,68.57760143851934,68.72552490234375,17724400
2002-04-30,68.82840795897332,69.87028997573593,68.5840180617397,69.36864471435547,19473500
2002-05-01,69.43938879764875,70.26260202253725,68.68692091928077,70.21758270263672,24575600
2002-05-02,70.16615080642143,70.68709440833953,69.31721131103329,69.9474868774414,15666800
2002-05-03,69.84456463889067,69.94746874826156,68.94417330884755,69.18856811523438,18185500
2002-05-06,69.22716224239494,69.45225887273644,67.72865410696093,67.83155822753906,23630400
2002-05-07,68.23671035175902,68.37820101896024,67.46494932105392,67.59357452392578,21910000
2002-05-08,68.84770756633526,70.33335008720579,68.68049084021183,70.1082534790039,27917400
2002-05-09,69.8767360508174,70.16614532402853,69.18858064170884,69.29791259765625,18085600
2002-05-10,69.43938832555237,69.49084037844257,67.91515437916081,67.9923324584961,18958900
2002-05-13,68.3138859758131,69.42650817042396,68.03733738345987,69.37506103515625,14677700
2002-05-14,70.50055592128206,70.98290782436673,70.1018099149733,70.88643646240234,34201200
2002-05-15,70.42339140100046,71.33021550852166,70.2883334309578,70.60990142822266,29535300
2002-05-16,70.55204444470668,71.05369483982125,70.31408717325431,70.97651672363281,28092000
2002-05-17,71.16942499444737,71.54887284124771,70.80926553390074,71.32377624511719,27823700
2002-05-20,71.1565589270831,71.18871768628924,70.41695162598171,70.55200958251953,13833800
2002-05-21,70.81569081135275,71.05365284891577,69.66447701893264,69.90886688232422,16877200
2002-05-22,69.60018132873589,70.17900473190295,69.45869061832411,70.06324005126953,15844200
2002-05-23,70.26901816666202,70.976466558114,69.76737303284582,70.80924987792969,13879800
2002-05-24,70.73207339668781,70.87355914293515,69.85097563466637,69.90242767333984,11877000
2002-05-28,70.1339770897394,70.18542423645688,69.10495564758365,69.52299499511719,24236900
2002-05-29,69.21427952586632,69.4715299314912,68.89913943752299,69.00847625732422,14773300
2002-05-30,68.52615011883486,69.14356015630395,68.10811069261155,68.81555938720703,18217900
2002-05-31,69.0727882648361,69.81882326686033,68.7190616000378,68.95702362060547,19826300
2002-06-03,68.87344884884166,69.20144966351758,66.96976640875819,67.1241226196289,26056300
2002-06-04,66.98259547212665,67.65788512736749,66.59671496816947,67.29129791259766,25856200
2002-06-05,67.49709785602327,67.96015640069595,67.11121737104156,67.92156982421875,19695900
2002-06-06,67.87654956423437,67.91513614017046,66.33945547078439,66.53882598876953,22998500
2002-06-07,65.45837936166261,66.83468996847535,65.41979277295849,66.461669921875,24011600
2002-06-10,66.39734989207892,67.1819764863828,66.25585920697658,66.71891784667969,18759900
2002-06-11,66.96971515654661,67.23340313492793,65.42619348301912,65.57411193847656,19990700
2002-06-12,65.4133626688372,66.12081129503461,64.81524598618863,65.97289276123047,31266000
2002-06-13,65.68346275767999,66.24299271499903,65.175384846106,65.3104476928711,21043900
2002-06-14,64.51298358389964,65.31690374582338,63.348908759590635,65.21400451660156,39267500
2002-06-17,65.54840834792951,67.10479601501251,65.50338903216223,66.96331024169922,17647200
2002-06-18,66.71891989646103,67.54856583362842,66.64817455173637,67.50997924804688,21628500
2002-06-19,66.56460185565754,67.16271876425334,65.75424880700577,65.934326171875,21540700
2002-06-20,65.76707625072952,66.27515418310055,64.93099764672912,65.09178161621094,25691000
2002-06-21,64.84203248915941,65.13890991742616,63.6867891716513,64.07402038574219,31190700
2002-06-24,63.641587499808345,64.98399311497404,62.76386113019309,64.40959930419922,37169700
2002-06-25,64.73230710719075,65.11308300922882,62.95103791015216,62.96394348144531,33355000
2002-06-26,61.44084820667925,63.34474305199241,61.43439788107954,63.06722640991211,37913600
2002-06-27,63.57061210640577,64.20954378339931,62.32501514431872,64.17082214355469,31616400
2002-06-28,64.0481925849396,64.86138143233866,63.81585291425415,63.86748504638672,28184200
2002-07-01,64.00947776073343,64.40961944148381,62.53154105753242,62.62189483642578,20270200
2002-07-02,62.51214630469548,62.731575384639214,61.163285753827786,61.29236602783203,34213900
2002-07-03,61.06650575341678,61.85387357734626,60.48565660141067,61.640899658203125,30565800
2002-07-05,62.46054797085141,64.23536207589751,62.383104688480124,64.09337615966797,19013500
2002-07-08,63.880399091860234,64.3450735351467,62.96394592925938,63.293094635009766,19118600
2002-07-09,63.07369058619414,63.46737223173871,61.318236687741695,61.699012756347656,28620400
2002-07-10,61.957156296490595,62.00233319266695,59.401424190129845,59.45305633544922,50522500
2002-07-11,59.220711871071835,60.24687482671874,58.291353025269366,59.93709182739258,59476500
2002-07-12,60.23396048288449,60.59537557077774,59.06580684709591,59.278785705566406,39018600
2002-07-15,59.14327039061088,59.63376593993318,56.72306889080768,59.59503936767578,77317200
2002-07-16,58.80763647489596,59.62082015229826,58.00090311912488,58.44621658325195,53282400
2002-07-17,59.672474750857965,60.214602330619776,57.923476767467335,58.562408447265625,48880600
2002-07-18,58.536592363550746,58.794748119372144,56.63270289670201,56.664974212646484,32656700
2002-07-19,55.99378759298929,56.50364400577323,54.40613587764443,54.67074203491211,77572600
2002-07-22,54.277048106382125,55.44520197610511,52.56677149625382,53.050811767578125,78134000
2002-07-23,53.27668839981497,53.72200199446122,51.46960318367632,51.59867858886719,74484100
2002-07-24,50.42409642432544,54.93535616302267,50.133674175426364,54.67720031738281,107022800
2002-07-25,54.386761482465474,55.40647414593453,52.6635793374832,54.21250915527344,87176600
2002-07-26,54.63200160725529,55.458096044435585,54.08342373168193,55.2451171875,41206800
2002-07-29,56.471356135339704,58.3042526452835,56.3422807194521,57.93638229370117,53492900
2002-07-30,57.64598778024554,58.98839441420811,57.258756423040836,58.6915168762207,47532200
2002-07-31,58.4010640194242,59.08517753811189,57.60078557610966,58.83347702026367,44669900
2002-08-01,58.65276259132996,58.95609523711191,57.00702886953204,57.29745101928711,66571900
2002-08-02,57.11675676630767,57.38136783344887,55.25804374245334,56.013145446777344,51772900
2002-08-05,55.8195016086271,56.10347336943766,53.92206781059497,54.064048767089844,47191300
2002-08-06,55.00633808554318,56.729520253608165,54.928889870246955,55.88405990600586,64730000
2002-08-07,56.71013390792102,57.116725776433796,55.3548178317251,56.85857009887695,43289400
2002-08-08,57.06508667919419,58.79472310627157,56.66495010561747,58.697914123535156,48339800
2002-08-09,58.14935410197805,59.336868464405484,57.66531396529581,58.91736602783203,41879200
2002-08-12,58.078373142731074,58.904467692025136,57.79440621885619,58.48497009277344,25841700
2002-08-13,58.18165440927199,59.1561904154883,57.21357365345686,57.42009735107422,49690500
2002-08-14,57.452362956506484,59.78221100368996,56.80697579493573,59.51760482788086,57423600
2002-08-15,59.917731149849246,60.659927239546924,59.504683833200744,60.34368896484375,45551500
2002-08-16,59.904838525076514,60.71802775972749,59.375621228474905,60.162994384765625,36517300
2002-08-19,60.317870992027544,61.795807875694294,60.0855312682425,61.569923400878906,33669900
2002-08-20,61.19561514738141,61.56994091148428,60.421152463780814,60.91809844970703,30508300
2002-08-21,61.350488267333176,61.81516770745188,60.388862990589416,61.795806884765625,39628900
2002-08-22,61.62799552843286,62.6993401776558,61.35693420413963,62.3960075378418,38399800
2002-08-23,61.96363305603933,62.05398687975799,60.763212342161005,61.05363464355469,33716400
2002-08-26,61.253695412824506,61.72482526449463,60.34369718800834,61.47957992553711,33830100
2002-08-27,61.76352576234358,62.11849053496508,60.34367651968037,60.76963424682617,35335700
2002-08-28,60.20167728468938,60.33720791589592,59.246507619830844,59.440120697021484,38970600
2002-08-29,58.9044540656447,60.05324676416269,58.607576713413344,59.4659423828125,42965700
2002-08-30,59.169074351879225,60.27268541900414,58.988366798045185,59.233612060546875,30366700
2002-09-03,58.555931658053936,58.730183883275444,56.89083295522944,56.9747314453125,76586400
2002-09-04,57.187730992445445,58.24616506621785,56.83276624408412,57.787940979003906,51099500
2002-09-05,57.11028821818949,57.716953509753395,56.471356534381435,57.29745101928711,67250900
2002-09-06,57.92350350485907,58.45272083296084,57.6588923788513,58.0848503112793,38622200
2002-09-09,57.50399588873096,58.9561170219005,57.3103826919897,58.51080322265625,33998400
2002-09-10,58.82056881551369,59.233616087763046,58.44624318631524,59.181983947753906,41416600
2002-09-11,59.67895021229782,60.233983552085704,58.794768049167544,58.81412887573242,27711200
2002-09-12,58.56887110971232,58.62695357708711,57.43298859434372,57.72986602783203,43601700
2002-09-13,57.23937257983397,58.02029023132626,56.955400734232455,57.871849060058594,41131000
2002-09-16,57.639487532027914,58.01381301879883,57.09090979391743,58.01381301879883,28167600
2002-09-17,58.659228023969696,58.85284610669743,56.632713100112284,56.68434524536133,47609700
2002-09-18,56.155116791388856,57.11674191499126,55.68398217743345,56.116390228271484,54719400
2002-09-19,55.49680656763959,56.019573195774484,54.66425704956055,54.66425704956055,48510500
2002-09-20,55.05193823765049,55.23345585230943,54.48793778438648,54.68241882324219,46325600
2002-09-23,54.228607980005116,54.49440013452853,53.60625994577435,54.23509216308594,46893800
2002-09-24,53.44422298402507,54.22864145765363,53.0617350818509,53.35994338989258,69507000
2002-09-25,54.04710717193587,54.95469524523061,53.184893556321825,54.68241882324219,59294400
2002-09-26,55.116747165195186,55.73261595111393,54.74722787203691,55.577030181884766,53638000
2002-09-27,55.10382176886152,55.5122365496523,53.64519119262695,53.64519119262695,64648300
2002-09-30,53.158961544176755,53.6775875376355,52.445854512659,53.022823333740234,73096400
2002-10-01,53.437751750686466,55.60300583890214,52.81540318139118,55.570594787597656,67198100
2002-10-02,54.902839488959586,55.44739236156613,53.54793160090592,53.90448760986328,56749100
2002-10-03,53.8980171601786,54.84450568900278,53.12656211473203,53.35994338989258,55547000
2002-10-04,53.677587252454096,53.755377688870794,51.590124811549856,52.38102722167969,68483700
2002-10-07,51.90128997171979,52.640328701347826,50.92239083176367,51.29838943481445,53188000
2002-10-08,51.73923940029852,52.71165966686312,50.69550791850703,52.10227966308594,79531000
2002-10-09,51.27248379117711,51.667935148555344,50.42323822663659,50.63068771362305,79956400
2002-10-10,50.5269763928444,52.556092281723295,49.96297065944315,52.27084732055664,76749000
2002-10-11,53.22381197642153,54.92879234160395,53.04229428263471,54.55927276611328,82308300
2002-10-14,53.93691923492,55.0065827241409,53.833196958345674,54.86396026611328,40631900
2002-10-15,56.393883057403535,57.51540977766642,56.303124241426715,57.50244140625,82320300
2002-10-16,56.666167691983524,56.91899654323284,55.700226751585056,56.108646392822266,62977800
2002-10-17,57.61263521825443,57.89139576692318,56.95138696514112,57.223663330078125,68534100
2002-10-18,56.821731988569816,57.76822001181267,56.354969687577075,57.46352767944336,47448700
2002-10-21,57.12645007353153,58.66935508981397,56.76989400343142,58.455421447753906,45859100
2002-10-22,57.729358608284734,58.35170705872707,57.38576591897004,58.0340461730957,40966800
2002-10-23,57.54785046801073,58.52027109396958,56.84122718722109,58.474891662597656,54905800
2002-10-24,58.831436781366044,58.92867981482999,57.11349301012342,57.282047271728516,54987400
2002-10-25,57.184815017035284,58.59806652460164,57.009781480597006,58.474891662597656,43672100
2002-10-28,59.09073247750696,59.18149129640156,57.59968625969331,58.09238052368164,39416100
2002-10-29,57.748779833552,58.01457204436475,56.40035633415904,57.418155670166016,59508200
2002-10-30,57.48948642982368,58.31928426698363,57.197762327879566,57.9756965637207,41688600
2002-10-31,58.124816832483404,58.539715848508514,57.17184395486791,57.385772705078125,41620600
2002-11-01,57.27554421418559,58.876796806928,57.08106315731659,58.520240783691406,51878900
2002-11-04,59.51216013433389,60.251199611179544,58.92870661419564,59.07780838012695,49080600
2002-11-05,58.8897608721472,59.687147557328565,58.8897608721472,59.544525146484375,37270800
2002-11-06,59.95295511843362,60.33543806265537,58.857359996874024,60.31599044799805,65013100
2002-11-07,59.654739152748846,59.78439815452597,58.48783781266589,58.83790969848633,51572000
2002-11-08,58.688824516785786,59.36303673430145,58.03405992014288,58.11833953857422,37905400
2002-11-11,58.027586151242495,58.059997207092295,56.91902714303509,57.21723556518555,33505100
2002-11-12,57.47654316830779,58.2998571076688,57.288541257055,57.671024322509766,37724500
2002-11-13,57.25611191081891,58.17666868567423,56.69210630854149,57.7293586730957,63891500
2002-11-14,58.39059886979865,58.993499668647324,58.183149398473596,58.81846618652344,31896800
2002-11-15,58.34521064766297,59.3500468094333,58.312794663353685,59.252803802490234,39152100
2002-11-18,59.73900617032116,59.73900617032116,58.572100129789426,58.65637969970703,28934800
2002-11-19,58.35817258654712,59.058316283512376,58.189623321191704,58.578590393066406,32806600
2002-11-20,58.33225960143007,59.9140600625371,58.31280703912519,59.881649017333984,36688400
2002-11-21,60.03073759849658,61.06150555220598,59.92053116609547,60.996673583984375,55128200
2002-11-22,60.60122469240463,61.11336160852803,60.465081521705486,60.56232452392578,32513800
2002-11-25,60.568807010118,61.10688065411874,60.14093979074843,60.60122299194336,33846400
2002-11-26,60.3354418536208,60.58178656473409,59.39543748222872,59.447296142578125,42284700
2002-11-27,59.97885702210796,61.35969644015799,59.92051420240726,61.11983108520508,37764000
2002-11-29,61.456985711418966,61.554223817498006,60.789252725091345,60.92539596557617,19385700
2002-12-02,61.89130769743907,62.2673113774631,60.432677336711265,61.02260971069336,49911900
2002-12-03,60.45210555715157,60.5493485392016,59.86865261083491,60.20576095581055,34407700
2002-12-04,59.492660105821564,60.38080558612986,59.27224725513766,59.93349075317383,64040800
2002-12-05,60.115028864094356,60.16040828307958,59.058328906889386,59.27226257324219,36724900
2002-12-06,58.42300058279826,59.75197173354544,58.332241770395406,59.66121292114258,49824100
2002-12-09,59.03884483585961,59.29167357780197,58.00808226424575,58.02104568481445,36789600
2002-12-10,58.35816914531769,59.05831280099729,58.18961988990118,58.79899978637695,33319900
2002-12-11,58.61750218559615,59.39544149522671,58.44895287259769,58.85088348388672,39201000
2002-12-12,59.123166880696886,59.31116877870143,58.47488652039983,58.84440612792969,34465600
2002-12-13,58.28688290973983,58.656402475056105,57.87197897624027,57.9173583984375,36862200
2002-12-16,58.22850624893649,59.50561857113498,58.12478402646494,59.414859771728516,37098400
2002-12-17,59.23332943991842,59.473189809938475,58.82490998440093,58.89622116088867,32353900
2002-12-18,58.55266442333398,58.604528023675265,57.91086844356233,58.21556091308594,35612600
2002-12-19,57.92382904200173,58.79900623458559,57.437618941012374,57.8006591796875,39264200
2002-12-20,58.110742012245844,58.64494372016406,58.04559643231224,58.62540054321289,31176900
2002-12-23,58.36481656911195,58.93810963379257,58.18240694681882,58.64494705200195,22599300
2002-12-24,58.364819794290234,58.54071834714246,58.143323803634495,58.20846939086914,10937000
2002-12-26,58.43648039582628,59.02931666082269,57.876219409014816,58.234527587890625,17485600
2002-12-27,57.954408145115764,58.169393093434145,56.92509078979492,56.92509078979492,22205700
2002-12-30,57.192188776215936,57.63518576238659,56.820853432682455,57.400657653808594,29968000
2002-12-31,57.32245023715582,57.60909665906831,56.74916236361837,57.47880554199219,34036600
2003-01-02,57.88272116043241,59.478814961721945,57.68076840238342,59.328975677490234,44516300
2003-01-03,59.22475675055029,59.53094149368402,58.95765339363575,59.51139831542969,32222600
2003-01-06,59.439753766797956,60.905552200671025,59.39415134766688,60.56027603149414,40984500
2003-01-07,60.521175088969315,60.82736481666571,60.06514603718905,60.41042709350586,38640400
2003-01-08,60.06512680331151,60.195422906507,59.31594533366196,59.53744125366211,38702200
2003-01-09,59.8175861446294,60.70357997970713,59.55048776641781,60.4625358581543,34804900
2003-01-10,59.90228447737377,61.003263383001766,59.80456857356428,60.62541198730469,37768900
2003-01-13,60.938095266044,61.146564067598895,60.22148407134209,60.6058464050293,31649900
2003-01-14,60.3843396324197,61.12700991521313,60.20193008510727,60.80127716064453,30733000
2003-01-15,60.93809352113733,60.957636694115955,59.876206370230825,60.1954231262207,33511800
2003-01-16,60.260612399466225,60.540743012675414,59.576571027355584,59.947906494140625,44812100
2003-01-17,59.2768504342238,60.13027370512772,58.72962174474754,59.06187057495117,35618300
2003-01-21,59.198710016125595,59.231280329993325,57.94789167069008,58.143333435058594,36826200
2003-01-22,57.83062155956986,58.50163556292137,57.32899503989836,57.43974304199219,42286500
2003-01-23,57.817578388352956,58.227999972397356,57.29640386265235,57.79151916503906,55919800
2003-01-24,57.71334003418224,57.77197452772642,56.136794340764,56.27360153198242,68633900
2003-01-27,55.85016001465943,56.5472281568682,55.04885496842846,55.504878997802734,57884400
2003-01-28,55.78500996012322,56.28664136718082,55.45927708759357,55.915306091308594,46929100
2003-01-29,55.64823344311528,56.794815178502645,55.22477948121107,56.33879089355469,53712200
2003-01-30,56.54070959607493,56.59933912426605,54.983706946006606,55.00325012207031,49845900
2003-01-31,54.820865176824704,56.162883553253685,54.820865176824704,56.065162658691406,55317000
2003-02-03,56.1172802404818,56.55376126293038,55.97395692677245,56.1759147644043,39696000
2003-02-04,55.57652133115697,55.863167747408234,54.918544741543705,55.62212371826172,43633400
2003-02-05,55.863206347296696,56.37786505468628,55.03584676091777,55.276885986328125,55270600
2003-02-06,54.96416764484885,55.30292765117608,54.49511150509632,55.01628112792969,53638000
2003-02-07,55.315951851653445,55.36806532729353,54.05210687447079,54.34526443481445,43165000
2003-02-10,54.37132142839448,54.80780221200066,53.843635853297116,54.72962951660156,45455900
2003-02-11,54.96414767250764,55.29639150886373,53.96089017598858,54.351768493652344,46861000
2003-02-12,54.175874048725746,54.475547586069204,53.47880118346201,53.48531723022461,35873600
2003-02-13,53.517906027596034,53.85015491248567,52.768719509636064,53.648197174072266,57934100
2003-02-14,53.66124199473496,54.85342068151207,53.30293380153238,54.82085037231445,59580900
2003-02-18,55.0684074802814,55.89577189276861,54.97720265894596,55.78501892089844,39492700
2003-02-19,55.58304897047745,55.68076981187918,54.90552409912417,55.491844177246094,31432000
2003-02-20,55.51142928397533,55.64823657716456,54.755731144888315,54.938140869140625,29280100
2003-02-21,54.970669669962504,55.85666335017153,54.371322465788296,55.491844177246094,60955800
2003-02-24,55.32901221319572,55.37461463820375,54.45604511552419,54.592857360839844,30628600
2003-02-25,54.03910015084177,55.04235833972991,53.563532776743074,55.02933120727539,56770600
2003-02-26,54.73617386859589,55.068422936882065,54.1237991777895,54.228031158447266,37787200
2003-02-27,54.52769190561805,55.211733064444054,54.175904705965465,54.94462966918945,51126000
2003-02-28,55.02930256367505,55.52441783417673,54.82734980885876,55.30943298339844,43666800
2003-03-03,55.54396839121384,55.882728376932214,54.54071059117512,54.7817497253418,42923100
2003-03-04,54.69055136702912,54.729642694429465,53.84364881779502,53.90879440307617,31440500
2003-03-05,53.81761990164782,54.42348362955699,53.65475336156785,54.36484909057617,43974700
2003-03-06,53.98697208758729,54.410420877059565,53.72638477617312,53.90879440307617,41217700
2003-03-07,53.166122593932826,54.71660935783555,53.04885855496274,54.280128479003906,63538000
2003-03-10,53.811071122578426,53.98045361293166,52.833872476392536,52.977195739746094,41014100
2003-03-11,53.08143185327769,53.42019185862462,52.429966098904224,52.45602035522461,48102700
2003-03-12,52.3648110486351,52.83386714673421,51.71334535022829,52.80780792236328,62459800
2003-03-13,53.53743847722854,54.66447605259099,53.113984880579494,54.631900787353516,72117800
2003-03-14,54.85340268711763,55.22473788812657,54.29965790951318,54.80780029296875,63951800
2003-03-17,54.37136195208168,56.64497732644739,54.215011474465065,56.53422927856445,88217500
2003-03-18,56.77525406462932,56.90554525625057,56.208476943467105,56.866458892822266,50792300
2003-03-19,56.85991307308689,57.433205944769185,56.469034732577526,57.30290985107422,49630800
2003-03-20,56.89251783018575,57.713361279665776,56.2540790658554,57.426719665527344,67321600
2003-03-21,58.0834199445319,58.78983609990212,57.51435763432942,58.6524772644043,71165300
2003-03-24,57.57320903031633,57.6517019123508,56.48087595456282,56.703269958496094,65398900
2003-03-25,56.735990064445296,57.730213599425106,56.53976528093408,57.24618148803711,61040100
2003-03-26,57.27232411024632,57.462011489066036,56.77521752126558,56.9583625793457,45740800
2003-03-27,56.51361893742958,57.337777263004924,56.24543849397831,57.004188537597656,53120200
2003-03-28,56.55936597492511,57.089179178447196,56.41546486030711,56.716346740722656,32583000
2003-03-31,55.82679606471608,56.6378693992087,55.205410161496644,55.427799224853516,61119500
2003-04-01,55.76140336876249,56.507068656813274,55.539014243354615,56.27813720703125,53574000
2003-04-02,57.25926645405347,58.0637975525677,57.23310215137318,57.638641357421875,50431200
2003-04-03,58.12923362303158,58.20772157155236,57.33123954418743,57.36394119262695,48755500
2003-04-04,57.841391704470134,57.946043894535535,57.31157845212818,57.70403289794922,36250100
2003-04-07,59.09073290148549,59.4243215801751,57.54053637586516,57.592864990234375,69776200
2003-04-08,57.7563759359413,57.98530733741016,57.37045872461069,57.684425354003906,39712700
2003-04-09,57.79561099099668,58.27963802102345,56.75560136975875,56.92566680908203,55647300
2003-04-10,56.96491282778126,57.318123372889,56.062266983836835,57.2396354675293,41812400
2003-04-11,57.664823663116984,58.01802938374581,56.814501026692824,57.004188537597656,47730100
2003-04-14,57.21347207358838,58.2142328053855,56.906047798522906,58.18152618408203,36711700
2003-04-15,58.10957014779501,58.72441864013672,57.834852519853555,58.72441864013672,49709800
2003-04-16,58.809439847030795,58.907549697697355,57.57974315517669,57.7236442565918,51788000
2003-04-17,57.75638650723446,58.685196929099305,57.68443591212777,58.58053970336914,37403100
2003-04-21,58.77674020624049,58.97296991149844,58.2534643191051,58.639381408691406,32052700
2003-04-22,58.279638632889885,59.88870552554474,58.14227981172381,59.74480438232422,59763600
2003-04-23,59.92799059526419,60.405475596171115,59.67943211064669,60.294281005859375,44227100
2003-04-24,59.869094782176944,60.22884770772405,59.49626220039654,59.75790023803711,49692400
2003-04-25,59.71863936416565,59.829833876810504,58.88139688279214,59.018760681152344,43917200
2003-04-28,59.15610006471724,60.30076141277863,59.064527556098525,60.03912353515625,46432900
2003-04-29,60.26808847017369,60.69979195793294,59.78406136992593,60.24846649169922,52017100
2003-04-30,60.11767578125,60.5493744639911,59.790629358739444,60.11767578125,48709100
2003-05-01,60.12419797451049,60.65401643896996,59.19538756617919,60.11111831665039,50240400
2003-05-02,59.88872923476176,61.13804875428523,59.84294294291351,60.96798324584961,50201500
2003-05-05,61.13801816826252,61.34078521781749,60.50354773411162,60.850215911865234,35437800
2003-05-06,60.85676855314154,61.73325013304937,60.83060425354774,61.42583084106445,44401000
2003-05-07,61.10533441398824,61.576281922357694,60.810994716422776,61.08571243286133,41413100
2003-05-08,60.51667253356893,61.04649117267988,60.35969163584443,60.47088623046875,40570700
2003-05-09,60.719439983817345,61.35391084176156,60.57553875950021,61.30812454223633,33608100
2003-05-12,61.15764172577745,62.21727325059285,61.01374059385237,62.06028747558594,35662300
2003-05-13,61.83134460674035,62.256505601773895,61.654741880667345,61.94908142089844,39253600
2003-05-14,62.19768747835702,62.29580240513376,61.425862696555576,61.81831741333008,32195100
2003-05-15,62.06683798483401,62.354640286650366,61.64821917691741,62.21073913574219,43879200
2003-05-16,62.06685163000986,62.43314191988205,61.65477505390365,62.05377197265625,38905000
2003-05-19,61.58283129093705,61.75943413161261,60.39238272652456,60.60169219970703,41606000
2003-05-20,60.712886959363075,60.850245833733645,59.90835070624229,60.477413177490234,55404600
2003-05-21,60.24848152802445,60.75213073244334,60.117664978659704,60.60169219970703,49333800
2003-05-22,60.79794790270781,61.517454260641784,60.62134497233657,61.203487396240234,38421800
2003-05-23,61.17726573951676,61.47161033472031,60.92217008453795,61.32770919799805,26155900
2003-05-27,61.02682798651952,62.688218429065934,60.87638452627524,62.400421142578125,43719200
2003-05-28,62.69478614445388,63.10032542692376,62.42006840003786,62.577049255371094,37727100
2003-05-29,62.7143951734712,63.32924379949448,62.19112410033535,62.41351318359375,50844200
2003-05-30,62.72750074821258,63.505867789642615,62.505106600423964,63.4142951965332,52529500
2003-06-02,63.7936325253952,64.39539635035479,63.231112648484995,63.67589569091797,50305500
2003-06-03,63.54509883305079,63.996419346019565,63.34886905153,63.93755340576172,38254500
2003-06-04,63.87867119839878,64.98408404782899,63.819800282802134,64.85980987548828,49360700
2003-06-05,64.48041175173802,65.18029022216797,64.2776397716673,65.18029022216797,46262400
2003-06-06,65.67089708757489,66.32498967810784,64.84019670301299,64.92523193359375,60356800
2003-06-09,64.60471330277394,64.82056502302582,63.95062081012922,64.26458740234375,37808500
2003-06-10,64.40195976582153,64.92523586607457,64.2253569514263,64.91869354248047,29965900
2003-06-11,64.8598113668869,65.66434230601539,64.56546676279422,65.60547637939453,37610200
2003-06-12,65.89984590306598,65.9979608156282,65.16072287704978,65.80827331542969,36442000
2003-06-13,65.80826692120338,65.89983949994206,64.72247064425724,65.12146759033203,48628300
2003-06-16,65.38308823564773,66.52120783247308,65.2784360265625,66.49504852294922,36326300
2003-06-17,66.76322386337321,66.83517444038866,66.21378853743337,66.49504852294922,36801800
2003-06-18,66.25305782425654,66.8090356853234,66.06337032053597,66.43620300292969,35521000
2003-06-19,66.48195670758693,66.54082762349105,65.3045882927985,65.42232513427734,43551700
2003-06-20,65.90152337290495,65.97373383050223,65.26476116046783,65.27789306640625,41545000
2003-06-23,65.28446251578663,65.42232250432602,64.28008693990611,64.60831451416016,34237500
2003-06-24,64.47701668266697,65.0481293785291,64.34572266588198,64.6739501953125,36213600
2003-06-25,64.68055672803744,65.27793361039822,64.02410125732422,64.02410125732422,47743400
2003-06-26,64.1882159512991,64.97596553131037,63.64992265871909,64.85780334472656,33477300
2003-06-27,64.82498543805973,65.11382748217994,64.05693364804011,64.10945129394531,54208800
2003-06-30,64.47701751497047,64.7724202919293,63.984676214469296,64.08970642089844,33349000
2003-07-01,63.840295043007394,64.89062280296886,63.30200175300478,64.68055725097656,51322800
2003-07-02,64.83808211088565,65.5076692630476,64.70679306570207,65.49453735351562,34662100
2003-07-03,65.03502898167547,65.54706333489546,64.26697745184549,64.81839752197266,30792800
2003-07-07,65.41579669754142,66.23636613677712,65.41579669754142,66.10507202148438,31391100
2003-07-08,65.97376989308967,66.49237027733177,65.7571384018827,66.40046691894531,30952500
2003-07-09,66.24949865470569,66.56459954973535,65.66525356515965,66.02630615234375,36528500
2003-07-10,65.54050138802043,65.67179546633596,64.74619099555012,65.18601989746094,49777700
2003-07-11,65.24506143708267,65.94090212787967,65.24506143708267,65.80304718017578,39976300
2003-07-14,66.43327803102555,66.89279977145519,65.94093652879457,66.12474822998047,42114900
2003-07-15,66.55141361246788,66.60393122040357,65.61268265612532,65.98030090332031,42573600
2003-07-16,66.17723165140845,66.21662235988931,65.1400364840306,65.59298706054688,39894200
2003-07-17,65.08757053372724,65.56678029342771,64.43768092409854,64.66087341308594,52253500
2003-07-18,65.00222387281184,65.51426338926174,64.63461038153743,65.32389068603516,35698100
2003-07-21,65.28449302590606,65.31075184512085,64.234165299103,64.51644134521484,34786000
2003-07-22,64.785566534077,65.25821508848527,64.28009321569647,65.10066223144531,49968300
2003-07-23,65.12695172796508,65.28449965088386,64.51644789225186,65.14664459228516,37275400
2003-07-24,65.63897231974416,65.86873070203842,64.57551780502293,64.65428924560547,40896200
2003-07-25,64.76586678591352,65.83588686555818,64.358862794412,65.79650115966797,43241100
2003-07-28,65.88841295295637,66.28885104219182,65.42889128893152,65.55361938476562,34382800
2003-07-29,65.73742339538202,65.81619982247163,64.77899940339256,65.25164794921875,53472100
2003-07-30,65.38291484878815,65.48138409722168,64.94309121525286,65.09407806396484,28363300
2003-07-31,65.63240554510458,66.24290919720448,65.10067332659392,65.2450942993164,54937200
2003-08-01,65.11380928230132,65.33700170247661,64.49017368029504,64.66741943359375,49321000
2003-08-04,64.5361253555286,64.98908116022866,63.676170429719,64.66741943359375,55214100
2003-08-05,64.60177131065929,64.83152967406596,63.24290397203264,63.2954216003418,61415600
2003-08-06,63.47265610439803,64.37199654024757,63.295410392329536,63.663028717041016,50096900
2003-08-07,63.78775961818863,64.3785703835542,63.518615552406565,64.3326187133789,43427400
2003-08-08,64.54270016442963,64.69368712282522,64.17508671213797,64.51644134521484,27357300
2003-08-11,64.50332112547332,65.01535563233918,64.2276059993194,64.75933837890625,34631400
2003-08-12,64.79874093366466,65.3764201411963,64.60836818146049,65.35016632080078,43285600
2003-08-13,65.5273694280355,65.54706228617401,64.68054146958332,65.01533508300781,36152000
2003-08-14,65.05471853683139,65.48141547896711,64.62802159469565,65.19257354736328,35525100
2003-08-15,65.22538501458027,65.5076609333523,65.06783717872192,65.39606475830078,12567000
2003-08-18,65.59957230961346,66.03939611824764,65.47484421138502,65.96062469482422,22873800
2003-08-19,66.09848680704974,66.26260063465023,65.64553104019826,66.2100830078125,37437700
2003-08-20,65.83590298333351,66.2297751637282,65.75056559689422,65.94093322753906,21295300
2003-08-21,66.33480502421028,66.64333478473007,65.90810810998524,66.15099334716797,46494200
2003-08-22,66.79432093759964,66.84027260424949,65.46828355116374,65.49453735351562,52040300
2003-08-25,65.45514266372619,66.1903742376347,65.17286674777837,65.59956359863281,23473000
2003-08-26,65.31729718850221,65.90154195866556,64.87747337426349,65.71773529052734,45065800
2003-08-27,65.67833294566435,65.88183241837432,65.36323230268474,65.73741149902344,18919500
2003-08-28,65.90813058476937,66.30200286745895,65.42235493639748,66.14445495605469,27402400
2003-08-29,66.04598396904105,66.61710201998226,65.96064656258864,66.5908432006836,28706600
2003-09-02,66.72211390636059,67.53611704692437,66.3348076972159,67.48360443115234,49419100
2003-09-03,67.6346409647845,68.07446515327885,67.47052701310507,67.85127258300781,44912400
2003-09-04,67.68055911583039,67.97596708741034,67.4573666562151,67.88406372070312,28381000
2003-09-05,67.57551401559424,67.97595217196397,67.22102753249528,67.50330352783203,31637300
2003-09-08,67.6411483450957,68.19256834117253,67.56893786822526,68.061279296875,32632800
2003-09-09,67.85780426924393,67.91688285799566,67.40484838871606,67.61491394042969,35053200
2003-09-10,67.3063616356125,67.48360737268244,66.66303824124591,66.93218231201172,45904900
2003-09-11,67.0240693869155,67.4573321871696,66.85338964666188,67.12910461425781,38396300
2003-09-12,66.89936375106217,67.37857332773217,66.53174536790594,67.25384521484375,42524800
2003-09-15,67.2998237065212,67.37203422082743,66.92564422709731,67.01754760742188,21312800
2003-09-16,67.10942993059616,68.03502933246176,67.07003920550041,67.99564361572266,37892600
2003-09-17,67.92996835700049,68.13346781257535,67.64769249522517,67.86431884765625,31885800
2003-09-18,67.87747782519689,68.73086669514034,67.72649090518148,68.66522216796875,30243600
2003-09-19,68.7113709147904,68.92883402926404,68.13806546628483,68.31598663330078,34331600
2003-09-22,67.77560857974053,67.84809626492603,67.23524903500125,67.57791900634766,36677400
2003-09-23,67.60424698672658,68.06553253159129,67.45268554286775,67.83489227294922,32489200
2003-09-24,67.95354744028887,68.01944397708245,66.60264581189477,66.6290054321289,41694700
2003-09-25,66.82669957846498,67.13641380187467,66.02933489810317,66.0820541381836,52673100
2003-09-26,66.1874797591405,66.33245512740345,65.79868172356419,65.86457824707031,42914700
2003-09-29,66.0952385188616,66.54992815285053,65.75915963736958,66.51039123535156,36771600
2003-09-30,66.21383937405945,66.39835165090958,65.403297554945,65.86457824707031,70764500
2003-10-01,66.05564154738256,67.33405444245004,66.02928194848042,67.26815795898438,65797600
2003-10-02,67.169374130512,67.5845268930876,66.97167946590407,67.51203918457031,44591500
2003-10-03,68.31594379340792,68.71791898533192,67.92715091823138,68.13143157958984,48806900
2003-10-06,68.19076855564956,68.52684235012312,68.00625124225796,68.44117736816406,20226500
2003-10-07,68.0457824719115,68.73770343480645,67.81514215094651,68.70475769042969,42602900
2003-10-08,68.75091802582588,68.79045494866912,68.14466174683632,68.53345489501953,30920800
2003-10-09,69.11337148578323,69.33742584422149,68.42144999851604,68.71798706054688,40066500
2003-10-10,68.7113325554392,68.92879554851018,68.47410614104852,68.90902709960938,22682800
2003-10-13,69.00131893427447,69.3835259028256,68.8695258549869,69.12652587890625,23825600
2003-10-14,69.06064700979432,69.47579984060054,68.77069612807156,69.370361328125,38484400
2003-10-15,69.75914729069048,69.77891575140694,68.95519637099315,69.18583679199219,39021700
2003-10-16,68.98156159742511,69.67348794420728,68.96179313510297,69.46261596679688,32772200
2003-10-17,69.50211710152688,69.60755052214718,68.5202454336577,68.70475769042969,32790300
2003-10-20,68.82998239533845,69.21878051757812,68.4939085422714,69.21878051757812,27657000
2003-10-21,69.07379907291823,69.37692714415557,68.7443113831929,69.10015869140625,26729100
2003-10-22,68.55321271289297,68.65865119421696,67.99967576869253,68.23031616210938,33914500
2003-10-23,67.80198207181517,68.50049442374713,67.76903128904783,68.10511016845703,45830500
2003-10-24,67.76242142906679,68.25665283203125,67.33408654098122,68.25665283203125,51723600
2003-10-27,68.36212241758109,68.65207326954611,68.05240310345201,68.28963470458984,32460200
2003-10-28,68.52026816306592,69.29126821786716,68.41482967988784,69.21878051757812,34956200
2003-10-29,69.04084522006595,69.47577136438578,68.44777142702318,69.31102752685547,30955400
2003-10-30,69.71298594481098,69.83160168009961,69.06060191451432,69.45598602294922,39123100
2003-10-31,69.45600273049872,69.68005193572661,69.33738696667723,69.39010620117188,25761600
2003-11-03,69.68662732814768,70.2533464017699,69.66026771686505,69.84477996826172,37589300
2003-11-04,69.844783534034,70.02929579485054,69.5746063028618,69.69322204589844,31421600
2003-11-05,69.51530842398894,69.83161880485443,69.1265153798327,69.7459487915039,33558800
2003-11-06,69.58778513710836,70.14132695940377,69.258297513327,70.1149673461914,28392300
2003-11-07,70.27313471183405,70.32585394929725,69.56803125040902,69.59439086914062,31723200
2003-11-10,69.68005211409682,69.74594864359236,69.19900292395477,69.31102752685547,25530800
2003-11-11,69.25172545050552,69.40988317339449,69.06062700028588,69.29126739501953,26558600
2003-11-12,69.3439909037284,70.1611190786104,69.29786282194274,70.06886291503906,28000000
2003-11-13,69.85801308250514,70.20726938768145,69.70644646431906,70.08865356445312,29714800
2003-11-14,70.11499830744867,70.47743183710165,69.38353505744922,69.49555969238281,49158500
2003-11-17,69.13309345955268,69.28465494627675,68.55978320228456,69.14627075195312,44382100
2003-11-18,69.35056794614984,69.48895217336356,68.33574525233279,68.4280014038086,41155000
2003-11-19,68.55317910562546,69.19897691818251,68.48069144214719,69.00787353515625,29827000
2003-11-20,68.53345656420528,69.35058483090101,68.36871267823363,68.38848114013672,53578700
2003-11-21,68.6915976821962,68.75090808546994,68.28303613166328,68.67182922363281,30016000
2003-11-24,68.98809563947277,69.7063759895679,68.98150448162795,69.58116912841797,28906400
2003-11-25,69.67345003629725,70.12813950507282,69.4889327573188,69.84477996826172,37580000
2003-11-26,70.12813006515401,70.14789851405952,69.44938650563233,70.09518432617188,33053600
2003-11-28,70.03589410674824,70.2863079384982,69.983174876108,70.14791870117188,10507500
2003-12-01,70.41148464395415,70.95843515416792,70.37853890727403,70.90571594238281,38699000
2003-12-02,70.76078236500129,71.01778238958005,70.5565015833063,70.72783660888672,35352000
2003-12-03,70.9387107835296,71.22207043846059,70.55650380197916,70.61581420898438,39078600
2003-12-04,70.62235646351382,70.98479476006048,70.47079501410758,70.90571594238281,36089500
2003-12-05,70.58944808867405,71.03755157085978,70.25996038199582,70.4115219116211,28824400
2003-12-08,70.33908851196372,70.93216784732678,70.29955156546862,70.88603973388672,32482900
2003-12-09,71.1034257989048,71.12319425069005,70.20721911570652,70.3390121459961,43596100
2003-12-10,70.35881309225779,70.49720237383187,69.82504453721322,70.33245849609375,36915400
2003-12-11,70.29949547632881,71.23523933242743,70.29290431464268,71.12321472167969,45304000
2003-12-12,71.14957207251125,71.30113359337722,70.76736514823364,71.2615966796875,34142200
2003-12-15,71.94030659265692,71.97984851528614,70.82664215228591,70.90571594238281,38693400
2003-12-16,70.95846987553078,71.49882949178472,70.85303140036747,71.2747802734375,32894200
2003-12-17,71.20889710740956,71.49884796142578,71.03756708238588,71.49884796142578,23198800
2003-12-18,71.53175751230444,72.30934842267993,71.42631907068937,72.3027572631836,29353100
2003-12-19,72.36630747612615,72.4126534898265,71.88960273444454,72.10147094726562,41465100
2003-12-22,72.0286788056014,72.60469818115234,72.02205649976584,72.60469818115234,27611300
2003-12-23,72.4855244606433,72.79670212701654,72.41931150265717,72.65104675292969,24741200
2003-12-24,72.5119883498683,72.75034080479793,72.45240276180512,72.57820129394531,8055800
2003-12-26,72.6378097457247,72.88278458243877,72.58484139432596,72.63118743896484,8308400
2003-12-29,72.89602135464659,73.67066452167971,72.68415300850062,73.59783935546875,22483700
2003-12-30,73.55147045474023,73.67064668630398,73.39257049643476,73.6110610961914,19559500
2003-12-31,73.6375376299158,73.8361612943702,73.38594058306693,73.67726135253906,31501800
2004-01-02,73.9818038143158,74.27974681605858,73.3130977387226,73.6441421508789,38072300
2004-01-05,73.94872285624417,74.49825289339371,73.88250991443061,74.4452896118164,27959800
2004-01-06,74.25990550320296,74.63729603541101,74.15396883736436,74.51811981201172,20472800
2004-01-07,74.41218567312958,74.85578411088176,74.08114115814945,74.76971435546875,30170400
2004-01-08,74.98161819206224,75.08755491172332,74.66381308441983,75.06768798828125,36438400
2004-01-09,74.70351411780307,75.14711260101193,74.33274078812107,74.41219329833984,54084300
2004-01-12,74.51812487481037,74.98158519099631,74.39232633841478,74.96172332763672,31564100
2004-01-13,74.87567917731789,74.9683763298504,73.9951042159954,74.52477264404297,54239700
2004-01-14,74.6571503250987,75.25303138165616,74.59755969377407,75.1470947265625,30112800
2004-01-15,75.19345092355374,75.5178731338294,74.53798419832867,75.33248901367188,38408700
2004-01-16,75.50465644687523,75.68341831650761,75.23319743774685,75.63045501708984,31922700
2004-01-20,75.82907873203374,75.90853125814583,75.3589959847188,75.61058807373047,29863000
2004-01-21,75.56423177104463,76.33887990428615,75.29277785019259,76.20645904541016,30725000
2004-01-22,76.23290501147375,76.39180491114965,75.86213689511771,76.00779724121094,29888500
2004-01-23,76.14025378021063,76.38522858911611,75.44505813820336,75.76286315917969,44245300
2004-01-26,75.73634616951009,76.75596364535646,75.72972386637146,76.71623992919922,30460600
2004-01-27,76.63681805217992,77.1333849078096,75.90852100752426,75.92838287353516,35322800
2004-01-28,76.12699116100997,76.32561481903595,74.77632907081411,75.06102752685547,52621300
2004-01-29,75.18682100506214,75.37882741044982,74.52473204220999,75.13385772705078,60117100
2004-01-30,75.1603368403875,75.29275766376068,74.87563838430756,75.13385772705078,30984400
2004-02-02,75.27952322722408,75.92837272107784,74.89551541590103,75.45829010009766,38832400
2004-02-03,75.30600484631532,75.57084146854253,75.10738116814872,75.33248901367188,25093500
2004-02-04,74.94184105367133,75.29936965078603,74.67700449454888,74.71672821044922,39332600
2004-02-05,74.9286193940949,75.1735941702898,74.67040505899107,74.93524169921875,37226800
2004-02-06,75.09411134808273,75.94158421362407,74.94845100219217,75.77606201171875,37216000
2004-02-09,75.92177588807263,76.05419677376544,75.67018378226675,75.79598236083984,24851300
2004-02-10,75.66354111881343,76.23293814575256,75.65030155947622,76.04093170166016,27908100
2004-02-11,76.04094420907533,77.06056219127258,75.59072334747317,76.84869384765625,42965700
2004-02-12,76.7825166216437,76.9811404317805,76.52430213252661,76.57064819335938,27814700
2004-02-13,76.68314611711972,76.93473811318891,75.97471110451674,76.22630310058594,44739900
2004-02-17,76.7030105647134,77.08702340166546,76.65004223175346,76.91487884521484,23984300
2004-02-18,76.93474838626439,77.19958502615968,76.37197368357361,76.57722473144531,28618000
2004-02-19,77.0208386209441,77.06056235691388,76.17998249975894,76.29254150390625,51146200
2004-02-20,76.45807150889,76.51103481173928,75.69004552716225,76.0608139038086,46728800
2004-02-23,76.28589370773032,76.3123778733075,75.59069825250934,75.8687744140625,36357000
2004-02-24,75.65689852445051,76.13360335417383,74.83590967955901,75.7363510131836,43953000
2004-02-25,75.78274778502119,76.18000039204033,75.69005567842808,76.05420684814453,31213600
2004-02-26,75.88207231835119,76.3322933467,75.70330533798268,76.1005630493164,29683000
2004-02-27,76.26603950762967,76.63018545538507,75.89526620364163,76.15348052978516,39312000
2004-03-01,76.42493694560001,77.02743533628797,76.30576071812987,76.90826416015625,33130800
2004-03-02,76.76261397706473,77.44456496056563,76.29253130932467,76.45805358886719,38556400
2004-03-03,76.3057784468455,76.7162755593585,76.0872878038302,76.59709930419922,31346200
2004-03-04,76.6169382696075,76.86853026581063,76.48451744160211,76.79570007324219,21060000
2004-03-05,76.41831208964453,77.43130746365193,76.32562003263328,77.05391693115234,55905600
2004-03-08,77.02741987329904,77.21280900763291,76.08063759961532,76.11373901367188,39281600
2004-03-09,76.20646423194303,76.27929444644676,75.63706712837191,75.80921173095703,39746100
2004-03-10,75.95484137501471,75.9879427900659,74.5247268894915,74.53797149658203,67671800
2004-03-11,74.41880798913121,74.99482221242774,73.55809022951645,73.57133483886719,89134800
2004-03-12,73.97519692733611,74.6240412373202,73.8758825795074,74.53797149658203,54012200
2004-03-15,74.33274085836628,74.38570919856218,73.42568202637143,73.62430572509766,57677200
2004-03-16,74.00830079193867,74.19368488664146,73.38593557286126,74.01492309570312,59832600
2004-03-17,74.27317029982174,74.98822788320405,74.22020194890307,74.84256744384766,41607300
2004-03-18,74.61740630510707,74.99479672191444,74.1076001478306,74.86238098144531,60014300
2004-03-19,74.6863792215106,74.79268225490608,73.77613510326202,73.78942108154297,48636200
2004-03-22,73.44391724645386,73.46384874496958,72.48716476531222,72.85259246826172,62752100
2004-03-23,73.25124129260317,73.35090385919197,72.65991648497136,72.72635650634766,54080200
2004-03-24,72.80605667415446,73.17812469119303,72.32103509276068,72.78612518310547,51584300
2004-03-25,73.13828598571573,73.94886735107264,72.9456063932089,73.74954223632812,49873600
2004-03-26,73.72294645032609,74.27440806757009,73.6166434668237,73.76945495605469,37409500
2004-03-29,74.16811312916312,74.90560889972289,74.13489565865326,74.80594635009766,44113600
2004-03-30,74.6132646732879,75.12485827761023,74.56011064272141,75.05841827392578,39059900
2004-03-31,75.07168225787078,75.34409278294707,74.66639176434734,75.14476776123047,48517600
2004-04-01,75.12485752357928,75.65638768581456,75.11157155059469,75.59658813476562,45103800
2004-04-02,76.2809248841547,76.30085637687155,75.67631430587319,76.16797637939453,50987700
2004-04-05,76.04841518664614,76.65967154941504,76.03512920878123,76.58658599853516,30251800
2004-04-06,76.29422787585354,76.52677044238665,76.15470233593366,76.34073638916016,28420900
2004-04-07,76.3739269136515,76.39386347150432,75.8158249508765,76.16131591796875,45890500
2004-04-08,76.67956585260785,76.67956585260785,75.56999722315915,75.98857879638672,46929700
2004-04-12,76.12809490782183,76.46029988989223,76.12144938884762,76.28755187988281,23085200
2004-04-13,76.57995429513586,76.60653132295187,75.09167115173797,75.21791076660156,56210300
2004-04-14,74.8192167175313,75.5035582633027,74.77935373631632,75.33745574951172,62322300
2004-04-15,75.3773556265253,75.59661226862254,74.65315074505426,75.05179595947266,61602500
2004-04-16,75.33081131858647,75.77596991445665,75.06505134791631,75.62979888916016,47059200
2004-04-19,75.44376488207244,75.73610186361893,75.25772580593822,75.62979888916016,28277600
2004-04-20,75.79590708925552,75.95536409742454,74.26776179807459,74.36077880859375,53299400
2004-04-21,74.54681152357298,75.04511910078683,74.32756004207445,74.85908508300781,50177300
2004-04-22,74.73285552376832,76.18791029794464,74.70627850961732,75.90885925292969,62071500
2004-04-23,76.02179657458706,76.12145909572612,75.60322006865867,75.98193359375,29395700
2004-04-26,76.07496595165476,76.36730805426284,75.47699577315977,75.87564086914062,35515200
2004-04-27,75.89559963064704,76.48692446093015,75.71620599010562,75.94210815429688,43485500
2004-04-28,75.66968187705686,75.7494129307657,74.7461520483829,74.9587631225586,50165800
2004-04-29,74.8923041731796,75.29094920281669,73.85582608231384,74.30097961425781,69687600
2004-04-30,74.52689722756418,74.66642277309198,73.6830984325013,73.72296142578125,48681400
2004-05-03,73.99533377222268,74.6065896750877,73.98204273530868,74.5135726928711,33758000
2004-05-04,74.5800359315487,75.25109157173586,74.18803639409332,74.45379638671875,51185100
2004-05-05,74.68633096659089,75.05175342728404,74.5202284656269,74.93215942382812,34405000
2004-05-06,74.42722236082126,74.805935941464,73.74952624195164,74.2876968383789,54997000
2004-05-07,73.89569084559137,74.56674645423293,73.05853271484375,73.05853271484375,60950000
2004-05-10,72.71306811146506,72.91903369159637,71.99550373874831,72.30777740478516,75279400
2004-05-11,72.72633442522668,73.11833904970943,72.63996293056643,72.91901397705078,48300600
2004-05-12,72.79940760078618,73.44388614816143,71.79614702490163,73.38408660888672,90830500
2004-05-13,72.92564160559301,73.62326905064117,72.83926506307806,73.07845306396484,57393700
2004-05-14,73.05188716270663,73.57677174061804,72.60008810001369,73.11168670654297,54123100
2004-05-17,72.3476265653303,72.75291719449467,72.028712506706,72.48715209960938,55020400
2004-05-18,72.74628438411334,73.04527206899434,72.6399813690134,72.85259246826172,30193100
2004-05-19,73.41732440260554,73.86912352476809,72.52037167936962,72.60009765625,54804100
2004-05-20,72.71972611274201,72.99878237105767,72.44732044771095,72.83267974853516,38082900
2004-05-21,73.06518562151396,73.45054472832874,72.7329805437179,72.95887756347656,47480400
2004-05-24,73.43725918111059,73.59007575871125,72.87251152041242,73.26451110839844,40961500
2004-05-25,73.01865733587617,74.40063130176381,72.81933231556793,74.31425476074219,48668000
2004-05-26,74.18803314594227,74.60660967814317,74.08837061854776,74.5733871459961,35977000
2004-05-27,74.77276295802591,75.0983227040675,74.45384366768405,74.99201965332031,45306900
2004-05-28,74.898934319305,74.99859175447342,74.65310081811664,74.98530578613281,23367200
2004-06-01,74.71956335939215,74.98532842786163,74.32756381191113,74.88566589355469,41044700
2004-06-02,75.09829387187854,75.3972815422318,74.71958021133632,75.16473388671875,39774200
2004-06-03,74.95210811826452,75.20458722187621,74.46044602188223,74.4737319946289,38688300
2004-06-04,75.0650405883789,75.4636855562904,74.88564705793897,75.0650405883789,32739500
2004-06-07,75.36403378526889,76.2809178490118,75.35738826529384,76.20783233642578,31643800
2004-06-08,75.98861119534276,76.35403383506925,75.85572608803886,76.31417083740234,32846500
2004-06-09,76.08160946759011,76.20784395207774,75.55672482858115,75.60323333740234,36737600
2004-06-10,75.76933050591163,75.97529602050781,75.69624498736842,75.97529602050781,21711000
2004-06-14,75.62316289754585,75.64309439095278,74.99197528410609,75.22451782226562,34633000
2004-06-15,75.67632412864744,76.04174670366451,75.41720455160069,75.75605010986328,37445000
2004-06-16,75.74274444580078,75.8756244259819,75.54341940648278,75.74274444580078,26633400
2004-06-17,75.64308486007506,75.78925588537156,75.29759385677595,75.62979888916016,28402400
2004-06-18,75.53246076683577,76.16595759402097,75.47244800915641,75.77252197265625,31799800
2004-06-21,75.85255571244191,76.11262121073753,75.43911577506186,75.48579406738281,25284000
2004-06-22,75.43907057034542,75.93919701162004,75.13232696353624,75.8658447265625,37334000
2004-06-23,75.75916388827379,76.57936851290097,75.63246354481514,76.51935577392578,35580000
2004-06-24,76.3926729473247,76.63940391285912,76.19262535065317,76.27931213378906,35272100
2004-06-25,76.2926300011617,76.64605190025875,75.8058379879858,75.91252899169922,32837900
2004-06-28,76.36601022217184,76.42602807134413,75.62582739109388,75.65249633789062,40824500
2004-06-29,75.70581596988337,76.13259018405168,75.63246367486539,75.96588134765625,28418100
2004-06-30,76.06589130521434,76.54601346476677,75.78582174132502,76.37263488769531,52230600
2004-07-01,76.1859459516788,76.28597228116045,75.07233203274076,75.31239318847656,57734700
2004-07-02,75.45913343855693,75.54582025169634,75.08570197126156,75.27241516113281,34615100
2004-07-06,74.9322810437666,74.98562399877379,74.4388192814424,74.61219787597656,38698200
2004-07-07,74.558878014241,75.06567443498213,74.51886951097634,74.83228302001953,29839800
2004-07-08,74.558859615044,74.8989470715226,74.15208964039608,74.3121337890625,45291100
2004-07-09,74.49883101679485,74.64553557806917,74.27210439822117,74.50550079345703,27412900
2004-07-12,74.36550072136568,74.71225806769681,74.0187484625862,74.53887939453125,35691300
2004-07-13,74.63221735861644,74.69889988165286,74.4188302323697,74.59220886230469,26752000
2004-07-14,74.19212020499609,74.94564249914676,74.09876364067834,74.36549377441406,54089400
2004-07-15,74.51219019750194,74.62555608816555,73.81868073352445,73.88536834716797,38403500
2004-07-16,74.39883445075048,74.46551698137532,73.645312188343,73.82535552978516,40871200
2004-07-19,73.8520275130201,73.99206234971703,73.34523113672353,73.5119400024414,39592800
2004-07-20,73.70528532382518,74.61885127376135,73.51857230341153,74.44547271728516,46679800
2004-07-21,74.56554075175274,74.72557983724799,72.98513888389073,73.07183074951172,56241100
2004-07-22,72.9251212972908,73.61196095984631,72.5316857574223,73.2718734741211,72477100
2004-07-23,73.09849237092163,73.1585051099645,72.47833529639568,72.65837860107422,49610500
2004-07-26,72.81176555385363,72.97180463984587,72.15826456409654,72.51835632324219,49679100
2004-07-27,72.71838449073395,73.4252282125858,72.66503645086424,73.19850158691406,51295100
2004-07-28,73.05179230607908,73.59859692249745,72.41162608864198,73.41854858398438,65862300
2004-07-29,73.71199800697612,73.93205494664984,73.35190622047854,73.73200225830078,52200500
2004-07-30,73.56528091257574,73.95204666447366,73.4185763109903,73.91203308105469,41581700
2004-08-02,73.47858591682096,74.25878202422268,73.38522937854468,74.06539916992188,38263100
2004-08-03,73.97205039787124,74.05873716750041,73.45858938344408,73.49192810058594,40948800
2004-08-04,73.27851983726966,73.85199851718352,73.11181103700513,73.48523712158203,40763200
2004-08-05,73.54530742582885,73.60532019473285,72.19829650927792,72.28498840332031,50772000
2004-08-06,71.77149649019346,71.9915534061435,71.09799635963215,71.2513656616211,74729000
2004-08-09,71.36473675489928,71.67148557820664,71.26471549463753,71.35140228271484,37476300
2004-08-10,71.55812310927867,72.29164630345589,71.52478438343984,72.27163696289062,55870600
2004-08-11,71.8048556470777,72.23829979272999,71.41808978864633,72.12493896484375,52933200
2004-08-12,71.80485660893056,71.9848999798939,71.10467720368604,71.33807373046875,50015900
2004-08-13,71.41809341615637,71.58480232006315,71.07800582767196,71.47811126708984,41634700
2004-08-16,71.44473791181565,72.44499092169272,71.41806388771293,72.21826934814453,45731900
2004-08-17,72.51837252501777,72.87179458400495,72.37166787693586,72.62506866455078,40701600
2004-08-18,72.36498705411479,73.46526665928492,72.3449828028928,73.37191009521484,43165400
2004-08-19,73.22518318434976,73.36521798783703,72.80507877388793,73.15850067138672,39881600
2004-08-20,73.09183314593105,73.77200305770258,73.02515061929473,73.67198181152344,44870900
2004-08-23,73.71863351199144,73.8653329826832,73.3852159114624,73.48523712158203,33745100
2004-08-24,73.77864893917389,73.83866675499182,73.25184850054545,73.58526611328125,30453100
2004-08-25,73.57199551730211,74.19881771387483,73.2852559179203,74.08545684814453,38551400
2004-08-26,73.99210024253681,74.2254917565561,73.91874789705169,74.08545684814453,26629500
2004-08-27,74.15210825761828,74.43884773653252,74.05208699902717,74.31881713867188,24902900
2004-08-30,74.16540965099068,74.24542661668617,73.65194371255075,73.70529174804688,26726500
2004-08-31,73.79200527789838,74.12542296647544,73.41857400715796,74.09207916259766,44125300
2004-09-01,73.98537056104763,74.44548852156711,73.67196226027494,74.23210144042969,52778300
2004-09-02,74.17877216354977,75.1523512855012,74.17877216354977,75.07233428955078,42736600
2004-09-03,74.90563696384022,75.23238495189581,74.69224979586801,74.7656021118164,30480500
2004-09-07,75.04566132377538,75.43909179290112,74.89895671238928,75.25904846191406,37338800
2004-09-08,75.09900831738445,75.39241244845367,74.89228587356112,75.07233428955078,32963100
2004-09-09,75.0656814006025,75.27239880338698,74.70558957515256,75.00566864013672,34314800
2004-09-10,75.03234132312096,75.53246803544972,74.73893711142344,75.3924331665039,27900600
2004-09-13,75.55913043368842,75.84586990809801,75.35908283209761,75.63915252685547,44398100
2004-09-14,75.55245745011813,75.81252286493127,75.4791051446528,75.79251861572266,28048900
2004-09-15,75.55250361737683,75.59251214024171,75.13906356007583,75.21908569335938,38295000
2004-09-16,75.25238735252495,75.59914467166814,75.21904862908318,75.44577026367188,23911700
2004-09-17,75.63261516514478,75.90715832610502,75.45851985738143,75.76654052734375,33683000
2004-09-20,75.4451003248287,75.65937572619798,75.18395233905764,75.3111801147461,37149400
2004-09-21,75.4986644844725,75.98078537662573,75.3580467423825,75.6392822265625,40920800
2004-09-22,75.33126566830006,75.34465564546726,74.64156689780017,74.69513702392578,49042100
2004-09-23,74.7285984606797,74.79555854958157,74.29335021972656,74.29335021972656,44068700
2004-09-24,74.44068455284639,74.8156703424804,74.41389948867763,74.63487243652344,34981100
2004-09-27,74.393786674008,74.4607467572993,74.0455911756571,74.159423828125,39355100
2004-09-28,74.26655993879962,74.66832552504246,73.93175443214282,74.51431274414062,41662900
2004-09-29,74.4674519488167,74.89600265638137,74.32683422684025,74.8893051147461,33325700
2004-09-30,74.69513664570985,74.98306968626655,74.50094877103409,74.83575439453125,43536700
2004-10-01,75.1705591455541,76.101318359375,75.13707654010163,76.101318359375,62824300
2004-10-04,76.40262356645893,76.63029399127039,76.20174330674813,76.22852325439453,33082400
2004-10-05,76.23522467603766,76.44280759631671,76.027646864486,76.26870727539062,36910600
2004-10-06,76.18167452582227,76.79102325439453,76.12141196166655,76.79102325439453,42297800
2004-10-07,76.59016138350268,76.60355647436587,75.90715990265805,75.96742248535156,39388800
2004-10-08,75.76650238599733,76.18165802799659,75.23081142433216,75.33795166015625,51872600
2004-10-11,75.51876068409956,75.67946596371368,75.42501551193061,75.64598846435547,20229100
2004-10-12,75.13036073683331,75.55221898459695,74.95626553523371,75.35133361816406,41754700
2004-10-13,75.66608567261416,75.71295826469935,74.54113835384028,74.6884536743164,54212600
2004-10-14,74.78218119339283,74.94958399825728,74.04560987373492,74.08578491210938,64082200
2004-10-15,74.34022044736602,74.82234124621209,74.03889750245081,74.50093078613281,63482200
2004-10-18,74.25316458631728,74.92947313773615,74.1259368594601,74.78215789794922,43535100
2004-10-19,75.00981881688193,75.15044161664598,74.05227492281183,74.15271759033203,55851900
2004-10-20,73.91167934410724,74.20630989465145,73.48982614478716,74.00542449951172,57118500
2004-10-21,74.1861878374597,74.54108077607896,73.79781231232994,74.48751068115234,53218300
2004-10-22,74.45406438838488,74.49423942204439,73.56348034493008,73.65052795410156,48752400
2004-10-25,73.48984179735922,73.73759982297109,73.22199624970051,73.5634994506836,43990900
2004-10-26,73.74429917966272,74.72862872218103,73.57689633525428,74.6884536743164,54337400
2004-10-27,74.5813294821245,75.7330621173754,74.40723416468833,75.58574676513672,73896000
2004-10-28,75.5187392314393,76.04103507336278,75.32455139890132,75.81336975097656,54413300
2004-10-29,75.74642277819123,76.09461836352186,75.59910749291468,75.79998779296875,48820200
2004-11-01,76.04103058845968,76.22852086847891,75.79997019737009,76.00755310058594,36720900
2004-11-02,76.11472815179648,76.71737944573475,75.81340505919218,76.03437805175781,56210000
2004-11-03,77.02536744486738,77.24634034379991,76.49637403926867,76.99188995361328,76960200
2004-11-04,76.85797527808435,78.12354007953124,76.7910151776001,78.0431900024414,55350300
2004-11-05,78.37797474264408,78.77304280640993,78.00298908407484,78.531982421875,63287200
2004-11-08,78.33110425657716,78.49850702202582,78.157003950067,78.41815185546875,33863800
2004-11-09,78.39808546993909,78.67932096559363,78.1838100767649,78.26416015625,44658100
2004-11-10,78.38465675983745,78.71276980608005,78.18377653856719,78.32439422607422,45265400
2004-11-11,78.4650665560007,79.09450292684605,78.41149641619904,78.92040252685547,37863200
2004-11-12,78.9940478916404,79.68374673082148,78.79985999664387,79.54312896728516,55583700
2004-11-15,79.58408665007644,79.76541522591633,79.40275807423656,79.73855590820312,35297900
2004-11-16,79.49003161936318,79.52361343876835,79.06692836373573,79.16766357421875,40028700
2004-11-17,79.49677528825197,80.01390166052728,79.29529455294744,79.63780975341797,54494000
2004-11-18,79.60417436994794,79.78550793450515,79.4026988940521,79.74520874023438,31854300
2004-11-19,79.71841402392747,79.7318488083865,78.67072628635728,78.85877227783203,54276500
2004-11-22,78.69085212365184,79.32887099284916,78.59682915326361,79.23484802246094,37560200
2004-11-23,79.20128177079881,79.42290958338769,78.82518981527971,79.35575103759766,41968800
2004-11-24,79.4295947113392,79.6445050587568,79.28184801063142,79.54376983642578,29724800
2004-11-26,79.59082571551073,79.90647658521588,79.44979120170264,79.48336791992188,15487700
2004-11-29,79.77882467458531,79.9265764944304,78.89903626861077,79.12065887451172,61460800
2004-11-30,79.2482762512589,79.40945775132433,79.00650143922701,79.17440032958984,53685200
2004-12-01,79.35573377654273,80.2556693668908,79.31543455873951,80.0743408203125,49898300
2004-12-02,79.9870407560228,80.50417227502132,79.92659960708093,80.14151000976562,60163500
2004-12-03,80.12808554735527,80.68551123744088,79.98033366575486,80.0877914428711,49067900
2004-12-06,80.06092834472656,80.34971472074602,79.81243607386877,80.06092834472656,33030500
2004-12-07,80.24893932884983,80.33625001710651,79.27512797052034,79.31542205810547,52047200
2004-12-08,79.3893428159791,79.79901668408014,79.25502569890678,79.77886962890625,43895100
2004-12-09,79.34232110075286,80.22882728139209,79.06696950903323,80.06092834472656,60922800
2004-12-10,79.86615333427089,80.29597413964028,79.8191418438045,80.14151000976562,47828600
2004-12-13,80.43029208627588,80.86011286889334,80.15493542535675,80.8399658203125,38541000
2004-12-14,80.71238121712952,81.23622510682532,80.71238121712952,81.12205505371094,41500700
2004-12-15,81.06157720107464,81.33693382368544,80.79965535822724,81.18246459960938,46699200
2004-12-16,81.07501875751657,81.42424620254765,80.6183335608651,81.13545989990234,51641800
2004-12-17,80.60779241255223,80.95192556710009,80.4053650819319,80.59429931640625,70761900
2004-12-20,80.80347433120984,81.16784969752837,80.4121076250079,80.61454010009766,47187400
2004-12-21,80.70228401176556,81.29608338376005,80.60781686587067,81.2353515625,33094200
2004-12-22,81.22860535545982,81.70094624997047,81.17462780449095,81.43103790283203,31500700
2004-12-23,81.55921829102856,81.83587052210987,81.41751761441543,81.49173736572266,25646100
2004-12-27,81.78187863468686,81.8898439845649,81.23531820812516,81.32303619384766,29944100
2004-12-28,81.40402669208504,81.8696183486004,81.37703534914928,81.76840209960938,23422900
2004-12-29,81.70090496925054,81.91683050824666,81.61318184061182,81.88983917236328,22650600
2004-12-30,81.91681697010462,82.03152626759814,81.67390013537123,81.73462677001953,21076900
2004-12-31,81.84936983952694,82.09228675921199,81.51198580086124,81.55921936035156,28648800
2005-01-03,82.02480273253629,82.15975943174442,80.90469044350309,81.17459869384766,55748000
2005-01-04,81.28258681850684,81.33656951672836,79.9195571508908,80.1827163696289,69167600
2005-01-05,80.12196474417942,80.46609792519392,79.62263777922753,79.62938690185547,65667300
2005-01-06,79.91953138696982,80.39861609607648,79.79807292916308,80.03424072265625,47814700
2005-01-07,80.27715903339394,80.45260017506861,79.71035117108809,79.9195327758789,55847700
2005-01-10,79.85203685069715,80.60777880912676,79.85203685069715,80.2973861694336,56563300
2005-01-11,80.05448755914006,80.1219633400204,79.6158872613097,79.74409484863281,63099700
2005-01-12,79.89254620966383,80.18944068092763,79.29874697099187,80.00725555419922,72720500
2005-01-13,80.05450278790087,80.11523460589665,79.28526741377478,79.36624145507812,55537500
2005-01-14,79.60237607544234,79.98024448096275,79.46067542337218,79.78456115722656,42032500
2005-01-18,79.65637070055914,80.71575633764252,79.58888977681475,80.61454010009766,57391700
2005-01-19,80.58754874312103,80.64827539679206,79.7643308951025,79.77108001708984,54378900
2005-01-20,79.54843755565742,79.75761408937421,79.14357758959399,79.2852783203125,72049300
2005-01-21,79.48091740013699,79.62261805178267,78.71168234944848,78.79940032958984,63160400
2005-01-24,79.00857333276835,79.17726531287734,78.52274475443386,78.64420318603516,58441900
2005-01-25,78.88712205733208,79.26499045501232,78.75891450180308,78.86687469482422,68245000
2005-01-26,79.1638150535295,79.35274934978871,78.9748807572703,79.10308837890625,57195100
2005-01-27,79.07608655436451,79.453955096826,78.93438585094145,79.23802947998047,55878800
2005-01-28,79.27851392436625,79.31900351682484,78.68471976505924,79.23802947998047,60738900
2005-01-31,79.58890785490271,79.79134037597366,79.42696492688968,79.7306137084961,52532700
2005-02-01,79.79134482398433,80.35140370183824,79.69012855780652,80.2366943359375,49841200
2005-02-02,80.33788306630238,80.695509312141,80.22992285438492,80.47958374023438,52468900
2005-02-03,80.33787677164705,80.40535769038885,80.00724189171171,80.27040100097656,48837100
2005-02-04,80.29742079767942,81.26233958965848,80.28392769799164,81.12738800048828,50024600
2005-02-07,81.14086764903514,81.32305277902046,80.94518427352659,81.0194091796875,45412000
2005-02-08,81.08689262664284,81.41078362487171,81.01941683686637,81.11388397216797,39263500
2005-02-09,81.25558490609009,81.30281847387515,80.4661073525086,80.506591796875,55279400
2005-02-10,80.74275250658049,80.98566428391587,80.47284423967541,80.7967300415039,45858600
2005-02-11,80.7697357383671,81.6739276271337,80.60779284339094,81.49173736572266,53133000
2005-02-14,81.43778702723071,81.55249640164065,81.29608630329957,81.43103790283203,32432100
2005-02-15,81.51195729490566,81.93705918165405,81.43098330063783,81.73462677001953,43852700
2005-02-16,81.5996934106003,81.95731962237139,81.4242522913663,81.78862762451172,55523000
2005-02-17,81.80215624248558,81.86963203707069,81.12063887660783,81.12738800048828,58124000
2005-02-18,81.13413529244882,81.29608338376005,80.90471655186792,81.2353515625,47723300
2005-02-22,80.90468150883027,81.28929904997293,80.0139879847067,80.02748107910156,80697600
2005-02-23,80.25018176316254,80.68203299679416,80.0410052697677,80.60105895996094,68292600
2005-02-24,80.45937170579856,81.1881227148941,80.28393565211061,81.13414001464844,68563600
2005-02-25,81.15436968325507,82.0990461990904,81.09364301593013,81.93710327148438,60899900
2005-02-28,81.74814481869056,81.84936104903419,80.99915192144762,81.39726257324219,69381300
2005-03-01,81.52549709647604,81.9978327968204,81.49850574958879,81.80215454101562,47294400
2005-03-02,81.48500544284705,82.27448296419621,81.41078053249055,81.76165771484375,64226500
2005-03-03,82.09227155570028,82.25421442280782,81.44448979112825,81.79537200927734,61230800
2005-03-04,82.35547314557799,82.88179159634218,82.18003194596538,82.81431579589844,56168500
2005-03-07,82.76705647661227,83.16516717905205,82.59161533156953,82.85477447509766,43442400
2005-03-08,82.77380651395157,82.99648123573114,82.3959380028631,82.54438781738281,44362000
2005-03-09,82.3014617912377,82.5173873663234,81.61994460346932,81.62669372558594,73263600
2005-03-10,81.78189232500432,81.9843248158773,81.2420809294632,81.80888366699219,65149000
2005-03-11,81.85613713497301,82.13279459657468,81.08015774341841,81.2353515625,57976500
2005-03-14,81.38379821538132,81.75492280833038,81.1611234596119,81.74142456054688,36336400
2005-03-15,81.93034514431048,81.95733648729076,81.02615832079617,81.06664276123047,62438500
2005-03-16,80.76972608339251,81.08012388809455,80.22991478197544,80.37836456298828,74874200
2005-03-17,80.50657325945167,80.79672372277072,80.28390371863553,80.54031372070312,62584200
2005-03-18,80.68728326261152,80.97179766991414,80.03696240236663,80.30115509033203,60232000
2005-03-21,80.41635377209768,80.46377286287635,79.77280823034518,80.00312805175781,61244300
2005-03-22,80.18603744123577,80.56539018397865,79.19023132324219,79.19023132324219,92472400
2005-03-23,79.22406159078655,79.74567653305638,79.08858000926483,79.2579345703125,70817300
2005-03-24,79.56958746414155,79.92861849218389,79.2986189927701,79.35281372070312,51932500
2005-03-28,79.54245771267314,79.89471813251339,79.46794128417969,79.46794128417969,46765500
2005-03-29,79.35278554577933,79.86762494175733,78.74988362439782,78.93955993652344,71160300
2005-03-30,79.10891761634367,80.0708504758803,79.10214198541959,80.05730438232422,62002100
2005-03-31,80.06410322440583,80.24700396604368,79.84732948661961,79.90829467773438,64575400
2005-04-01,80.3621478036674,80.60601885591636,79.19699242639102,79.54924774169922,95255300
2005-04-04,79.50184504583116,79.8405543361872,79.08184366520398,79.68474578857422,71581200
2005-04-05,79.78634287344889,80.19279290296092,79.71182643173756,80.0640869140625,46853900
2005-04-06,80.24022121084063,80.57893046908528,80.0573204854375,80.34183502197266,53268200
2005-04-07,80.21315227995316,80.78895715229285,80.1521819082754,80.77540588378906,46734600
2005-04-08,80.72797280363343,80.75507016765482,79.93539428710938,79.93539428710938,63772900
2005-04-11,80.13183231648307,80.21989485796476,79.82022043705616,79.99634552001953,44945000
2005-04-12,79.86086906758216,80.65344749716232,79.30538608681319,80.40957641601562,86144800
2005-04-13,80.3147636736509,80.47734789143755,79.34605467459176,79.46121978759766,65949000
2005-04-14,79.52892372845534,79.59666453695597,78.42472839355469,78.42472839355469,96119800
2005-04-15,78.4044245988484,78.71603652385055,77.2934585468255,77.32733154296875,128677300
2005-04-18,77.3069826113228,77.87601153459654,77.19859319643726,77.56439971923828,100035200
2005-04-19,77.97088202857026,78.26217224152929,77.78798127545363,78.1808853149414,64930100
2005-04-20,78.16053475668612,78.32988936020769,76.92086298681046,77.09021759033203,107735900
2005-04-21,77.76086705725874,78.72280004755608,77.48312300282896,78.58731842041016,86952200
2005-04-22,78.40443605749454,78.9192756980117,77.40862977755391,78.28927612304688,88845800
2005-04-25,78.48568970003069,78.91923702645518,78.39085154539357,78.8040771484375,52284100
2005-04-26,78.55344421444636,79.10215151468081,78.00473691421189,78.03860473632812,72626000
2005-04-27,77.80829878275217,78.62797464720641,77.52378421855356,78.34346008300781,84131900
2005-04-28,78.08601298393931,78.36375699552345,77.36117553710938,77.36117553710938,72481500
2005-04-29,77.95054146182446,78.492478293501,77.2053821944887,78.41118621826172,103993800
2005-05-02,78.62795976398559,78.85828472590151,78.25537754689775,78.85150909423828,56026400
2005-05-03,78.62799889684705,79.15638472711625,78.37058161674787,78.98703002929688,86000300
2005-05-04,79.02087495320656,79.76603432513298,78.77022822892413,79.5966796875,81055700
2005-05-05,79.71182206345469,79.93537137633797,79.0818227433332,79.56956481933594,96906700
2005-05-06,79.88798887308307,79.92863234192855,79.2986327333507,79.31895446777344,67415400
2005-05-09,79.40023553359008,79.98959159137571,79.29185124230753,79.81346130371094,43750500
2005-05-10,79.50186975779043,79.59670797510567,78.84477270332403,78.98703002929688,74613500
2005-05-11,79.21054178442728,79.52892929177416,78.47892859753986,79.42053985595703,91647400
2005-05-12,79.47472644511618,79.65762713898438,78.54666137695312,78.54666137695312,95086800
2005-05-13,78.78375777320981,79.000531442883,77.76763022756202,78.39085388183594,85267000
2005-05-16,78.37729514788917,79.14955159549183,78.35020296401842,79.1224594116211,49207000
2005-05-17,78.85832305822781,79.7321887407346,78.68896836237383,79.6509017944336,61071800
2005-05-18,79.9963468645616,80.66699488966924,79.94215731335822,80.47054290771484,77944900
2005-05-19,80.62635922110229,80.89055722902538,80.40958547657839,80.80926513671875,61768100
2005-05-20,80.84309659176066,80.87696957372133,80.43664664968972,80.6940689086914,46345500
2005-05-23,80.75505363207452,81.3173121917281,80.74150753698441,81.14118194580078,51047900
2005-05-24,80.91086411381055,81.17505690496353,80.74827995902965,80.95150756835938,50654100
2005-05-25,80.84988482891612,81.20214529038672,80.49762953573772,80.89053344726562,47608800
2005-05-26,81.14795880170848,81.43247331752688,81.03279890268095,81.32408905029297,43256200
2005-05-27,81.33089114328665,81.45960235595703,81.15476599450005,81.45960235595703,24596100
2005-05-31,81.34444613394868,81.40541134171156,80.88380116932531,80.93799591064453,43377200
2005-06-01,80.96504160035178,81.91342835543054,80.91762252101245,81.62891387939453,69611000
2005-06-02,81.44603795012338,81.85925852809213,81.35797022722885,81.80506896972656,39704500
2005-06-03,81.66281417638248,81.89313401926039,81.10733113193685,81.391845703125,60999400
2005-06-06,81.2563742925419,81.42572897440905,80.98541093619025,81.31734466552734,36046400
2005-06-07,81.55442618446217,82.13700660352595,81.29700897280598,81.3782958984375,66501300
2005-06-08,81.58153401339169,81.6899183175672,81.06669435574808,81.22927856445312,46881200
2005-06-09,81.11409352832521,81.68312778239337,80.91087106981699,81.61538696289062,56653300
2005-06-10,81.66957603947166,81.73054639447253,81.01925487312411,81.42570495605469,36465300
2005-06-13,81.24960367381526,82.02186060821523,81.16153593170114,81.68315124511719,49383200
2005-06-14,81.595073867441,82.10313785209081,81.54765476893878,81.87281799316406,33857100
2005-06-15,82.07601158842134,82.13020112972224,81.4460123022071,82.0285873413086,53195600
2005-06-16,82.00828432978598,82.40118831154847,81.91344615050443,82.23860931396484,46564500
2005-06-17,82.66575501805565,82.910610391081,82.44810637416123,82.54332733154297,51529400
2005-06-20,82.35291554649594,82.86982802164266,82.25769455427654,82.57056427001953,41019400
2005-06-21,82.63855255432402,82.74057649654273,82.31887995697693,82.61814880371094,39879800
2005-06-22,82.76094388779845,82.93778496400908,82.34605051042983,82.68612670898438,46310100
2005-06-23,82.51612411095377,82.70656603381475,81.50269805621312,81.52310180664062,62185600
2005-06-24,81.53670143714855,81.62512460663567,80.8293420270173,80.92456817626953,58572500
2005-06-27,80.91774872651405,81.21701750542844,80.76811433705686,81.04017639160156,48183800
2005-06-28,81.21020729436555,81.7815328877896,81.18980355019349,81.72032165527344,41174200
2005-06-29,81.86996090188217,81.89036464726804,81.45506744852943,81.50267791748047,42316500
2005-06-30,81.7679135468669,81.83592774170741,80.90411718602594,81.06055450439453,62288800
2005-07-01,81.2441858166765,81.48224326027206,81.08095072636381,81.29859924316406,49737500
2005-07-05,81.10816590276684,82.0603802090571,81.06735842321815,81.95155334472656,51549000
2005-07-06,81.88357702050625,82.06041816225772,81.21703033022848,81.26464080810547,52363600
2005-07-07,80.455261680932,81.58431243896484,80.43485793065929,81.58431243896484,103268800
2005-07-08,81.59790076395046,82.51610565185547,81.42786262955502,82.51610565185547,64491200
2005-07-11,82.52291928853269,83.04663452688479,82.50931333009862,82.93781280517578,49688300
2005-07-12,82.97177437626037,83.40707141608945,82.73372211840854,83.1554183959961,51871100
2005-07-13,83.16224549480472,83.33228362308236,82.97180362139805,83.27107238769531,41182300
2005-07-14,83.64516754145703,83.95803710918634,83.3118890372031,83.5975570678711,63638800
2005-07-15,83.51592987416045,83.68596800684932,83.22346407836953,83.54993438720703,56075900
2005-07-18,83.3187063776813,83.4071243612522,83.01263973603685,83.21668243408203,56598400
2005-07-19,83.46153287448111,83.73359497823031,83.25749018853398,83.67237854003906,59165700
2005-07-20,83.37989689378735,84.15527555881319,83.1826572248098,83.9580307006836,69477000
2005-07-21,84.03285830347758,84.07366580016173,83.29829222824652,83.46833038330078,101110900
2005-07-22,83.57712081268005,84.03962462883109,83.40708272128849,84.0260238647461,52607100
2005-07-25,83.93765934826875,84.30493729297952,83.55677025250856,83.78802490234375,57301600
2005-07-26,83.81518739532932,84.01923001367032,83.62474035339922,83.88999938964844,42758800
2005-07-27,83.99885343371749,84.26411255574436,83.69278681265664,84.19609832763672,43181600
2005-07-28,84.31169200352909,84.77419584925127,84.09404344019813,84.7265853881836,47880700
2005-07-29,84.61776968869927,84.76739887039192,83.99882846187174,84.16206359863281,62358100
2005-08-01,84.22326533603618,84.36609670444717,83.9648041263063,84.10083770751953,40418200
2005-08-02,84.25050232239927,84.7470108020527,84.16207916555373,84.60417938232422,45147400
2005-08-03,84.50897120625424,84.84224456931602,84.4205532252,84.82864379882812,36837200
2005-08-04,84.49537788845466,84.54978616435835,84.04647458546218,84.14849853515625,50855600
2005-08-05,83.96484287123388,84.32532813592918,83.43432463257507,83.57715606689453,53595500
2005-08-08,83.76078396299059,83.93762507133715,83.23706361612054,83.42070770263672,47616000
2005-08-09,83.6995748923056,84.06005492969118,83.57034943063962,83.92402648925781,47170000
2005-08-10,84.21647484147475,84.67897870784671,83.5363224020543,83.8832015991211,72863700
2005-08-11,83.8424284935109,84.3593460443917,83.6655925119929,84.21651458740234,58570200
2005-08-12,84.04646427166848,84.12808445923842,83.48873929615641,83.6995849609375,54776900
2005-08-15,83.80842396898224,84.25052430108475,83.54316480755149,84.21651458740234,36208500
2005-08-16,83.95801152536482,84.01241977206048,83.03980166019507,83.12142181396484,71942100
2005-08-17,83.10786437924834,83.57036844677626,82.99903745081657,83.11466217041016,62275100
2005-08-18,83.01263579142793,83.3595099183679,82.8697991636843,83.10785675048828,53388600
2005-08-19,83.40711579066081,83.53634645188417,83.11464994994404,83.29829406738281,39842100
2005-08-22,83.37311127239079,83.8152115231235,82.89700131423524,83.29829406738281,69912000
2005-08-23,83.3187097547715,83.3935269704999,82.400504603468,83.1418685913086,55168600
2005-08-24,82.93781099216932,83.47513217720974,82.35967712187156,82.4004898071289,79104600
2005-08-25,82.53653286393929,82.75418153027975,82.44131189673743,82.69976806640625,35631100
2005-08-26,82.62493405492256,82.63173184423283,82.08080993927689,82.13522338867188,61956800
2005-08-29,81.89717439047158,82.82898010107722,81.87676545424792,82.76776885986328,56179200
2005-08-30,82.46853276631062,82.50254248435024,81.88360090227907,82.33250427246094,74160200
2005-08-31,82.42767357179686,83.42749846105572,82.12160186881799,83.37308502197266,102945200
2005-09-01,83.33230102722243,83.76080052103238,82.39369223119391,83.31189727783203,74578700
2005-09-02,83.55675174400947,83.57715549317892,83.00582975982297,83.16226196289062,47653400
2005-09-06,83.42752588195016,84.20289948170395,83.42072290254099,84.13488006591797,57251300
2005-09-07,84.0872476524438,84.42732388604624,83.97162297841534,84.27769470214844,41749700
2005-09-08,84.10770542774658,84.338954910093,83.8696477746606,83.9988784790039,39068700
2005-09-09,84.22333957457572,84.84227604991733,84.20293581669651,84.74705505371094,43093900
2005-09-12,84.64497954660928,84.7946139321721,84.52255188470805,84.57696533203125,33017600
2005-09-13,84.4273256937741,84.62457053618502,84.01243226476345,84.10765838623047,58427500
2005-09-14,84.16206996513085,84.28449762425065,83.6723593286517,83.80158996582031,57694600
2005-09-15,84.06003624534355,84.10084891972387,83.59073459775526,83.76077270507812,73156900
2005-09-16,84.21978444968508,84.5203218974502,83.9260737269043,84.35639190673828,75424100
2005-09-19,84.33590883838424,84.39055391058012,83.76897793964393,84.07634735107422,53355300
2005-09-20,84.15150592264776,84.43155808543149,83.24305610356934,83.36600494384766,84480300
2005-09-21,83.18838328525192,83.24302835410215,82.4985036219293,82.5873031616211,94469100
2005-09-22,82.61463896549513,83.09960754597651,82.26628829894103,82.88102722167969,84597200
2005-09-23,82.81272810998243,83.25671029888157,82.58049431928438,82.9493408203125,59368100
2005-09-26,83.34547456554105,83.49574588703713,82.7034132981126,83.04493713378906,70415400
2005-09-27,83.00397928302341,83.3250126327924,82.66245532986356,83.02447509765625,66150800
2005-09-28,83.28400101547112,83.41378173788083,82.78537393298129,83.10640716552734,58620500
2005-09-29,83.02446269950552,83.91925365556659,82.70342939767686,83.78264617919922,66607700
2005-09-30,83.75534978207813,84.04222869873047,83.15426419148143,84.04222869873047,47824200
2005-10-03,83.98753574666996,84.24709196936602,83.63917999710534,83.74163818359375,50994800
2005-10-04,83.87143414023018,84.03536414165424,82.75806817989559,82.7990493774414,60776300
2005-10-05,82.81954435938499,82.86052555909971,81.67202386620325,81.71300506591797,106052100
2005-10-06,81.81545757569542,82.14332278429133,80.71575029588679,81.4192886352539,140941800
2005-10-07,81.76080498054901,81.99987583686588,81.37146801249841,81.69933319091797,75661400
2005-10-10,81.74716095368325,81.767651553895,80.80455686525461,81.00946807861328,52677000
2005-10-11,81.27586144804788,81.54908162772688,80.81822064354942,80.89335632324219,75629800
2005-10-12,80.86602212260476,81.37147599481332,80.19663825072546,80.25811004638672,100510400
2005-10-13,80.23079486068468,80.65428637747169,79.83462588155243,80.2103042602539,99052900
2005-10-14,80.68162351747732,81.15292304640789,80.29911313232233,81.05729675292969,88651000
2005-10-17,81.14609068590848,81.467118813875,80.90701975756745,81.35783386230469,68109300
2005-10-18,81.24171531949297,81.25537398394563,80.46304116464889,80.47669982910156,74996900
2005-10-19,80.25811213948913,81.8291240786308,79.99855586563791,81.81546020507812,116563800
2005-10-20,81.61737615769862,81.83595123452298,80.12150509274845,80.37422943115234,131966700
2005-10-21,80.79772856990427,81.13242054801115,80.26495209542026,80.68843841552734,96579500
2005-10-24,80.90018513812842,82.0272098675344,80.87969453741069,81.93841552734375,71308400
2005-10-25,81.77447509765625,82.12965762443312,81.24169870187065,81.77447509765625,76594500
2005-10-26,81.63105719872189,82.33459571235655,81.41248207593014,81.53543090820312,80855800
2005-10-27,81.4193205169934,81.53544263896617,80.55185183926996,80.66796875,66623100
2005-10-28,80.89338484595734,81.93161564132414,80.66797772740132,81.82916259765625,72322000
2005-10-31,82.16383270715383,82.85371254690364,82.0545425415039,82.0545425415039,77698900
2005-11-01,82.36188440616048,82.58045943912529,82.11598684267011,82.30040740966797,66365100
2005-11-02,82.0818474446538,83.16106414794922,82.05452490911256,83.16106414794922,74012300
2005-11-03,83.43428821111878,83.78264404158125,83.16106805411373,83.51625061035156,84897600
2005-11-04,83.60505929768303,83.64604050177955,83.02446965760194,83.40697479248047,59156000
2005-11-07,83.58455601775046,83.75531795724073,83.2293682653158,83.48892974853516,46765400
2005-11-08,83.28401333665049,83.61870527890402,83.1883870674352,83.48892974853516,42152800
2005-11-09,83.38651572261084,83.9807642516889,83.23624430244374,83.59825897216797,57666800
2005-11-10,83.5640606975068,84.37005726507614,83.16106501934257,84.24710845947266,79048100
2005-11-11,84.25390646404438,84.58859827346731,83.62550402681472,84.5339584350586,34867000
2005-11-14,84.55449453910433,84.71159262735371,84.27444241734615,84.48619079589844,45092200
2005-11-15,84.39057378022268,84.75941507628582,83.91926904123667,84.17882537841797,69592500
2005-11-16,84.26757833942845,84.39052710719885,84.00119021113251,84.34954071044922,51133000
2005-11-17,84.47934558876675,85.1419027374012,84.11049917990094,85.13507080078125,55717500
2005-11-18,85.4219363242585,85.57220763909166,84.92331446457386,85.4697494506836,72437200
2005-11-21,85.48341831752414,86.00253601422003,85.36730146245434,85.90007781982422,50021200
2005-11-22,85.76349222049055,86.41921757580864,85.66786593187595,86.26895141601562,66438800
2005-11-23,86.23478640577977,87.02712437038907,86.20746386790623,86.76756286621094,50854700
2005-11-25,86.73340058905765,86.89733058046212,86.61727851770738,86.83585357666016,15270000
2005-11-28,86.91783686876553,86.93149553249809,86.09134961504805,86.22113037109375,54498500
2005-11-29,86.50800622810681,86.73341325623332,86.12549591064453,86.12549591064453,51738900
2005-11-30,86.17329649436512,86.41918886106943,85.57904314579262,85.6610107421875,56007200
2005-12-01,86.07770089500687,86.76758078789408,86.05038356273224,86.53534698486328,65468200
2005-12-02,86.58997772146797,86.80172610856485,86.40555708624608,86.64462280273438,46699400
2005-12-05,86.54215221828795,86.562648029267,86.18696966326678,86.46018981933594,59273400
2005-12-06,86.7812259080841,87.25252535096723,86.49434186878511,86.6241226196289,57935200
2005-12-07,86.58997471055336,86.65828366538202,85.84545504634379,86.1186752319336,66816500
2005-12-08,86.21431251951226,86.62414024458617,85.70885849896253,86.06404113769531,62608600
2005-12-09,86.17331183713412,86.59679813247374,85.94107287828629,86.2894287109375,50744500
2005-12-12,86.54900047178748,86.6514587010343,86.03671453679534,86.37140655517578,48389900
2005-12-13,86.35094984015325,87.22525067852861,86.26215545262089,86.9588623046875,88630900
2005-12-14,86.87685243900115,87.49159129771684,86.84269796407642,87.30033874511719,64375000
2005-12-15,87.32083766111535,87.43012782228924,86.87002877437736,87.04762268066406,55900300
2005-12-16,87.39922073169022,87.45415550351883,86.76748657226562,86.76748657226562,46238300
2005-12-19,87.0215262200761,87.1176594184851,86.30739014699034,86.32112121582031,48733000
2005-12-20,86.42411789832293,86.92538308596127,86.16318569372122,86.40351867675781,46603200
2005-12-21,86.67132413712939,87.0421258637288,86.38292454050755,86.54085540771484,51806900
2005-12-22,86.73311925051765,86.99405670166016,86.5751883879626,86.99405670166016,32247900
2005-12-23,87.05585295547611,87.1107877062848,86.80865181570323,87.04212188720703,27977300
2005-12-27,87.17943807361794,87.24124096704027,86.0945005123394,86.15630340576172,44499500
2005-12-28,86.34171888240841,86.5133860534544,86.17691986508683,86.34858703613281,30764300
2005-12-29,86.32796851722976,86.4927674977144,85.87476477231561,85.96403503417969,32788900
2005-12-30,85.69626592271355,85.87479603370255,85.39412998278289,85.49713134765625,44645600
2006-01-03,85.96405718025372,87.20692586456337,85.41472011863114,87.00092315673828,73256700
2006-01-04,87.1107670132217,87.5433662856277,87.00089753770371,87.41290283203125,51899600
2006-01-05,87.30994934002717,87.61208008549004,87.12454580823596,87.46788024902344,47307500
2006-01-06,87.90731730259219,88.29185004301615,87.45411351092193,88.19571685791016,62885900
2006-01-09,88.18197169798937,88.6214391397383,88.15450956688706,88.42230987548828,43527400
2006-01-10,88.161422190771,88.56655433878142,88.0721518783247,88.5116195678711,44960800
2006-01-11,88.59399965214021,88.88239925221201,88.39485985926228,88.79312896728516,49598900
2006-01-12,88.63521382185075,88.77254549228539,88.19574618981905,88.44294738769531,40509200
2006-01-13,88.28501115986448,88.51160263964569,88.03093658328007,88.36053466796875,44856700
2006-01-17,88.03090033464771,88.18196824411916,87.76310003653556,88.12017059326172,52066600
2006-01-18,87.60520523022399,88.51160258196072,87.31680559659257,87.77000427246094,75067600
2006-01-19,87.98288047009015,88.42234810182768,87.76314141535396,88.10647583007812,81530400
2006-01-20,88.08586746160798,88.10646668613478,86.49966430664062,86.49966430664062,114957800
2006-01-23,86.66447022194282,87.08333861679795,86.60953545959883,86.80867004394531,67017400
2006-01-24,86.95288638205471,87.30995716624648,86.80868653266245,86.89795684814453,53008800
2006-01-25,87.23438189598906,87.33051508344013,86.41037641072381,86.97344970703125,87747700
2006-01-26,87.3785980987616,87.66699771531553,87.04213187944868,87.45413208007812,71294000
2006-01-27,87.66011255980382,88.34678113292891,87.51590754924595,88.26437377929688,65771200
2006-01-30,88.19571685791016,88.449780887605,88.13391919842731,88.19571685791016,33709600
2006-01-31,88.11332047814685,88.26437793182866,87.54337903944611,87.55024719238281,72937000
2006-02-01,87.76998367476808,88.18884671739168,87.70131785985598,88.16138458251953,63561000
2006-02-02,87.96225007559327,87.98971220883718,87.06957881806538,87.13824462890625,83626900
2006-02-03,86.91851353079255,88.161382033017,86.61637766727759,86.70564270019531,86040400
2006-02-06,86.82240957484974,87.0696107757009,86.63700605477763,86.9322738647461,45511900
2006-02-07,86.78117503381371,86.97344664080318,86.10824274538025,86.16317749023438,71208100
2006-02-08,86.4172309414304,87.96224032789735,86.24556381391908,86.94596862792969,59422200
2006-02-09,87.1519855767312,87.61892047780145,86.77432095485445,86.80178833007812,62023300
2006-02-10,86.81550939332386,87.29617530717921,86.14257187506085,86.95970916748047,64508700
2006-02-13,86.93225181380792,87.06272053640386,86.4859161344389,86.80178833007812,52308700
2006-02-14,86.83612060268389,87.91419022021462,86.66445343276584,87.721923828125,90964400
2006-02-15,87.6738489321071,88.11332166525987,87.37171306521013,88.03091430664062,85471300
2006-02-16,88.12709668046436,88.72450583353022,88.01722712613761,88.69017028808594,61017900
2006-02-17,88.6145722788694,88.69010623319878,88.2918372447102,88.44976806640625,40342600
2006-02-21,88.65578796390501,88.85491725803257,88.09271465338597,88.23005676269531,46456300
2006-02-22,88.42235920670757,89.02662072765105,88.33995181196461,88.76569366455078,42326700
2006-02-23,88.76565395375006,89.01971798601868,88.08584825935795,88.63518524169922,43423200
2006-02-24,88.65579082518573,88.90985487569031,88.41545260386958,88.8617935180664,36777400
2006-02-27,88.85495500349226,89.29442269786455,88.77255808509007,88.89616394042969,35858600
2006-02-28,88.71759075453909,89.20513012421165,87.98286072037799,88.05152130126953,74394800
2006-03-01,88.30560033479593,88.91673506784753,88.23692927267341,88.8343276977539,48641600
2006-03-02,88.51159664059081,88.86866732014731,88.3124673156408,88.82746887207031,60642300
2006-03-03,88.35366101040835,89.3150034839979,88.33992470254384,88.41545867919922,73402500
2006-03-06,88.67640739617177,88.70386953765379,87.79060402566388,88.01033782958984,57478400
2006-03-07,87.79745949390944,87.93479113694384,87.48159252383724,87.87299346923828,61780800
2006-03-08,87.68761122243389,88.19574995021581,87.33054572075922,88.05841827392578,66692400
2006-03-09,88.08588329021444,88.36054665175017,87.46788024902344,87.46788024902344,56313600
2006-03-10,87.69446992729509,88.47040376856184,87.50907166039669,88.29873657226562,60490800
2006-03-13,88.47037151932291,88.69011047979517,88.25750594994688,88.46350860595703,45479100
2006-03-14,88.38113247424377,89.42486134821837,88.31246141354919,89.3905258178711,69877300
2006-03-15,89.36991955113355,89.85745889707884,89.16392734075156,89.78878784179688,53398900
2006-03-16,89.96044582370496,90.2763179769492,89.84371342382126,89.97418212890625,65526400
2006-03-17,90.0906863063314,90.24235497844826,89.883874952897,90.04932403564453,47286800
2006-03-20,90.0631227950246,90.24236282338188,89.76668614973389,89.9045639038086,45538500
2006-03-21,89.8769945955974,90.304429368152,89.24274842274197,89.33926391601562,87102700
2006-03-22,89.28411125126716,89.97351064157101,89.24274897095292,89.88389587402344,51605700
2006-03-23,89.80113669109762,89.8907619539894,89.38750347957566,89.6977310180664,46704200
2006-03-24,89.61500918515587,90.0148619986101,89.44265937863581,89.76667785644531,43209200
2006-03-27,89.64259424685974,89.81494407976064,89.44267306923027,89.63570404052734,32523000
2006-03-28,89.57362736136352,89.98727106305265,88.9669632567881,89.08415985107422,82079900
2006-03-29,89.21518435455147,89.9666272220179,89.13244926828129,89.64260864257812,61505700
2006-03-30,89.6977590734085,90.29753320337895,89.31169708081143,89.48404693603516,70571700
2006-03-31,89.6357025197064,89.78737121163779,89.18758665012774,89.50471496582031,62925600
2006-04-03,89.670187182661,90.22169830052033,89.27033425863277,89.43578338623047,61624700
2006-04-04,89.43577002456269,90.12516933829116,89.18069564469074,90.00797271728516,54809300
2006-04-05,90.04243603738371,90.50433227037125,89.88387715606504,90.31819152832031,50607200
2006-04-06,90.20789164774743,90.45607578635592,89.752885640399,90.22167205810547,57906200
2006-04-07,90.35269207166421,90.58708536477558,89.17382487905057,89.30480194091797,80180900
2006-04-10,89.44268035888672,89.67707362607943,89.11176107877952,89.44268035888672,41496500
2006-04-11,89.51850395943639,89.66327192261903,88.41546086370866,88.684326171875,72799400
2006-04-12,88.7739505075536,89.02213467549397,88.66364409526933,88.84978485107422,43033700
2006-04-13,88.64986227365982,89.1048683815406,88.45683129202546,88.73259735107422,51051800
2006-04-17,88.81530146173795,89.14621013701402,88.25688978489798,88.69810485839844,64167700
2006-04-18,88.88425240277411,90.26995181709985,88.88425240277411,90.1044921875,92531800
2006-04-19,90.13893197679452,90.35954473725211,89.78734222413506,90.27680969238281,87269000
2006-04-20,90.31130703805657,90.90419084854798,90.03555152966916,90.40093231201172,86005500
2006-04-21,90.78701548151777,90.85594911505035,90.04935301885355,90.41473388671875,72342600
2006-04-24,90.2354613898249,90.35955871663005,89.88387158277158,90.24925231933594,52546400
2006-04-25,90.33890291843719,90.39405613897472,89.56677886971417,89.87700653076172,84359800
2006-04-26,89.9666187060125,90.40783388655335,89.82874093448092,89.89767456054688,67262400
2006-04-27,89.5529533690108,90.74562157891063,89.33924129654237,90.33197784423828,124478600
2006-04-28,90.16657113824947,90.82839939807461,90.11142842605041,90.63536834716797,55854400
2006-05-01,90.6353369433103,90.86284000006727,89.84253186745399,89.89767456054688,64990300
2006-05-02,90.31821827263857,90.62845644105465,90.1320879948699,90.57330322265625,49063500
2006-05-03,90.41470601863739,90.53191314637814,89.93212865504853,90.23546600341797,60821300
2006-05-04,90.36647827906752,90.73874934162868,90.29064392121613,90.55950927734375,42921400
2006-05-05,91.03517340427676,91.5522228436959,90.89729565764455,91.35919189453125,62588200
2006-05-08,91.35230706530528,91.53155763457556,91.2489013671875,91.2489013671875,30016700
2006-05-09,91.2902609663344,91.53155494739144,91.21442661680784,91.42813873291016,29864000
2006-05-10,91.28339019159506,91.51778349660985,90.92489950666555,91.3799057006836,64378200
2006-05-11,91.35227060112504,91.37985245587994,89.98037312983776,90.27680969238281,80626900
2006-05-12,89.87010059819303,90.11828478748596,89.06350461284086,89.09797668457031,91726500
2006-05-15,88.78774348055246,89.44268132152187,88.66365663872665,89.2772216796875,84029300
2006-05-16,89.45646022370231,89.62191986274051,88.93941068603266,89.14623260498047,62137600
2006-05-17,88.7049931901973,89.00144031424021,87.39513366728693,87.45028686523438,144789500
2006-05-18,87.79498600783091,88.07074673644047,86.94013248286987,87.00907135009766,87906300
2006-05-19,87.46411409937711,87.89153841163997,86.72645686466151,87.62267303466797,124309400
2006-05-22,87.05731411114863,87.67087886544333,86.51958367567215,86.95390319824219,110852800
2006-05-23,87.6777929022361,87.9880204469754,86.29209899902344,86.29209899902344,92006500
2006-05-24,86.64368697188557,87.47785932752488,86.00944100457774,86.98149108886719,168405000
2006-05-25,87.49858962383964,88.0570068359375,87.16078531705531,88.0570068359375,78977900
2006-05-26,88.25001150983861,88.50509643554688,87.90531707694879,88.50509643554688,62989700
2006-05-30,88.22243675055317,88.24311788975663,86.89879124453475,86.93325805664062,72419900
2006-05-31,87.29173901463295,87.90530395507812,87.00218731870784,87.90530395507812,86926200
2006-06-01,87.81567286137272,88.89113924702416,87.73983852457361,88.7463607788086,73721700
2006-06-02,89.1048907790073,89.22897764722015,88.4637542544366,88.93254089355469,91702600
2006-06-05,88.82909950514862,88.83598971081553,87.39514251188734,87.63643646240234,86105100
2006-06-06,87.69849793633155,87.81569457319758,86.69887090002709,87.42273712158203,130498600
2006-06-07,87.49167846488213,88.00183253700713,86.7195492602795,86.76780700683594,108599400
2006-06-08,86.57477419455878,87.20902035297978,85.39590190237418,86.69197082519531,204957200
2006-06-09,87.11252423973393,87.5261629020338,86.37486695972719,86.41622924804688,94972200
2006-06-12,86.78158676442449,86.81605883520052,85.36142581140419,85.47862243652344,95815900
2006-06-13,85.30625179678034,86.06458983160687,84.48587036132812,84.48587036132812,185688800
2006-06-14,84.68580207190955,85.23042811524606,84.3411024439522,85.14080810546875,163566400
2006-06-15,85.45102135227394,87.11247580536246,85.3889779542904,86.947021484375,134057000
2006-06-16,86.75664199885955,86.94360027112582,86.18191000756714,86.3134765625,94253500
2006-06-19,86.83279968042373,86.88819667313115,85.55177460101578,85.6348648071289,95804400
2006-06-20,85.87032086183568,86.42427507861628,85.66951067525733,85.92571258544922,65494700
2006-06-21,85.86336408262254,87.04052099315695,85.83566558928736,86.56273651123047,75008200
2006-06-22,86.52118970724685,86.59735924633121,85.89106612739613,86.18189239501953,74566100
2006-06-23,86.09184501491812,86.76351873427133,85.8841090231578,86.16801452636719,54107000
2006-06-26,86.2372827370321,86.5973525716296,86.0364726297374,86.54888153076172,37899600
2006-06-27,86.56273837157987,86.75662254614555,85.70410090857823,85.8010482788086,69780200
2006-06-28,85.9949145319728,86.39652940289879,85.62099286625843,86.38268280029297,62368100
2006-06-29,86.6943136430524,88.1830749143058,86.67354108998,88.12767791748047,110634800
2006-06-30,88.31463536409929,88.39773085360068,87.91301508926465,88.13459777832031,54227800
2006-07-03,88.2384523325701,88.6400672630715,88.15535685576953,88.49465942382812,23914000
2006-07-05,88.14151295983588,88.2523016493608,87.60832621247083,87.98917388916016,69653400
2006-07-06,88.07919325152088,88.52928453599604,87.99610305207459,88.2453842163086,50100300
2006-07-07,88.07229753931188,88.32849943744488,87.44909445218592,87.6706771850586,81626500
2006-07-10,87.89915306609255,88.23845034355571,87.53215729698688,87.83683013916016,60964100
2006-07-11,87.67066523563696,88.22462463378906,87.20672727737988,88.22462463378906,73640800
2006-07-12,88.0445727773148,88.21768440083176,87.0543740794799,87.28288269042969,82561300
2006-07-13,86.86740275688523,87.0266677606973,85.86335754394531,85.86335754394531,102405700
2006-07-14,85.95339872851478,86.04342017197155,85.05322127458707,85.531005859375,103242500
2006-07-17,85.53098212351341,85.9326023274622,85.27478032126272,85.40634155273438,81159000
2006-07-18,85.66256038273923,85.89799495224439,84.74853116602355,85.84259796142578,122771000
2006-07-19,85.98801926386236,87.42830946420105,85.6694944608362,87.03361511230469,133565300
2006-07-20,87.33136709957473,87.45600769890082,86.3203956974624,86.4381103515625,112259800
2006-07-21,86.65966655794982,86.68736504743723,85.73871159354394,85.82872772216797,101560000
2006-07-24,86.1680411900244,87.46983866343678,86.1680411900244,87.39366912841797,92884000
2006-07-25,87.23440506809101,88.14843416000811,87.0543675139862,87.70526885986328,95480700
2006-07-26,87.65681468451538,88.25231919759666,87.3729143187618,87.82300567626953,84525800
2006-07-27,88.2038365861856,88.41849860166506,87.38674947413057,87.73989868164062,87257100
2006-07-28,87.9683919018203,88.7300818905289,87.84375133763548,88.61929321289062,82137000
2006-07-31,88.39773561322416,88.60546642374048,88.25231717802993,88.529296875,49593100
2006-08-01,88.17616120770916,88.20385970996634,87.66375212332404,88.09307098388672,65225600
2006-08-02,88.34230679251081,88.95166296291812,88.32153424723718,88.68852996826172,64770900
2006-08-03,88.17615990006801,89.01402505281234,88.04459861998383,88.92400360107422,63693800
2006-08-04,89.38096252165097,89.62331236772836,88.27304958687047,88.7716064453125,96294200
2006-08-07,88.56389617919922,88.68853674330889,88.21767297699981,88.56389617919922,45377300
2006-08-08,88.69548325438548,88.95169568349515,87.90609454593518,88.22462463378906,90901300
2006-08-09,88.75777767905417,89.04861447552177,87.67064228614026,87.92684936523438,78910600
2006-08-10,87.64990403730545,88.28695372964295,87.4421679153502,88.19693756103516,69322300
2006-08-11,88.05841289029286,88.07918543831177,87.5183055100128,87.94762420654297,47482200
2006-08-14,88.3769537416518,88.74395486107277,87.88531731138168,88.01688385009766,57839000
2006-08-15,88.80624110012745,89.23555444014971,88.56388594318808,89.06937408447266,68143000
2006-08-16,89.54718026735532,89.94186925083201,89.35328554012253,89.810302734375,71737600
2006-08-17,89.7271891327866,90.27421703830315,89.66487150416287,90.03878784179688,70992800
2006-08-18,90.14962630262303,90.495849609375,89.73415410816193,90.495849609375,58288400
2006-08-21,90.14269187966073,90.21194076491567,89.8795693606641,90.10807800292969,42133600
2006-08-22,90.01110152834163,90.37809723506692,89.79643429239017,90.10111236572266,60839900
2006-08-23,90.14267867384358,90.32272152277176,89.45716341337061,89.85185241699219,66592100
2006-08-24,90.01110507289023,90.08727459422283,89.60255369525565,89.77566528320312,57983000
2006-08-25,89.76875235794095,90.19114509156213,89.70643471672481,89.88646697998047,41756000
2006-08-28,89.77568844993738,90.58586018858311,89.768767788355,90.3157958984375,52681500
2006-08-29,90.35735245244088,90.59278173929866,89.88648331282968,90.41967010498047,61817800
2006-08-30,90.62045206969782,90.73816668340321,90.39887472798563,90.47504425048828,50052200
2006-08-31,90.60662293346505,90.70356501460455,90.41965943201944,90.4612045288086,37510300
2006-09-01,90.80742047972275,91.11209858628706,90.5996844465295,91.00130462646484,48794500
2006-09-05,91.06364448970228,91.29908435325429,90.84898774384568,91.1744384765625,52348300
2006-09-06,90.78668040591214,90.82130485147788,90.24657286595811,90.37120819091797,53795600
2006-09-07,90.059581733134,90.41273617749962,89.5679506807066,89.95571899414062,86269400
2006-09-08,90.07345736960791,90.33659046562914,89.9003457150459,90.21194458007812,45096300
2006-09-11,89.92108567340942,90.49581742613209,89.65795267276955,90.30193328857422,68496600
2006-09-12,90.4057800428484,91.29211039104172,90.27421356577591,91.18824768066406,69875600
2006-09-13,91.15365473473561,91.71453469625466,91.07056453773866,91.5552749633789,62898400
2006-09-14,91.37524188260964,91.56912605117114,91.22982347324115,91.56219482421875,57805400
2006-09-15,92.02052301366189,92.07616363395925,91.58235976154714,91.77710723876953,76703100
2006-09-18,91.65887917623157,92.07617859006291,91.56151072798625,91.90230560302734,64154100
2006-09-19,91.8883530931687,91.89531480155595,91.15809535301172,91.6727523803711,92089100
2006-09-20,91.97880574435683,92.34046451156229,91.8466605825492,92.15962982177734,75204100
2006-09-21,92.22917585278668,92.3265442885588,91.40153884254195,91.71450805664062,88932500
2006-09-22,91.57539077305138,91.58234186959434,91.10941260800523,91.43629455566406,65966800
2006-09-25,91.617159678043,92.39611794711594,91.1442302042897,92.13877868652344,92299100
2006-09-26,92.1526685060677,92.91771377257281,92.08311507734423,92.90380096435547,73962700
2006-09-27,92.84120273633948,93.17503582360618,92.68819369376673,93.01507568359375,82432200
2006-09-28,93.01506235146995,93.1889352738025,92.69513150493923,92.98028564453125,58597500
2006-09-29,93.05681001765649,93.15417845045138,92.834247535632,92.90380096435547,47966600
2006-10-02,92.87595049026903,93.07764901216582,92.46561296276926,92.5560302734375,51687400
2006-10-03,92.42391904134254,93.10549813833204,92.25699716331144,92.75080108642578,73108100
2006-10-04,92.66039413083793,93.89141791496313,92.55607457810083,93.83577728271484,80890500
2006-10-05,93.83575462245057,94.17654943303616,93.71752228711178,94.0165786743164,60505900
2006-10-06,93.85666389244612,93.9609940827809,93.47414108595468,93.89839172363281,64983600
2006-10-09,93.78705302969661,94.1000221489979,93.64099511409714,93.95396423339844,41176800
2006-10-10,93.96096076467403,94.20437656440501,93.78012607716407,94.07919311523438,56403700
2006-10-11,93.78012498267294,94.19046265554007,93.40456402717987,93.96791076660156,104071800
2006-10-12,94.20437194246735,94.85813600014318,94.16959522639365,94.78163146972656,59158600
2006-10-13,94.69817291291012,95.08069555316534,94.61470667444134,95.02505493164062,53944000
2006-10-16,94.94855255238036,95.31716239250558,94.87899912080954,95.17110443115234,42273000
2006-10-17,94.9137676053001,95.07372774920418,94.35737203807741,94.87203979492188,90500600
2006-10-18,95.3101920895171,95.53970565817325,94.65643870856161,94.99722290039062,86848600
2006-10-19,94.8581403403744,95.19893519370761,94.74685908879243,95.1502456665039,64063200
2006-10-20,95.17110443115234,95.24760896093477,94.81640739981403,95.17110443115234,48094500
2006-10-23,94.9763453033322,95.83875883586208,94.8581129872562,95.60924530029297,66219900
2006-10-24,95.47713265899169,95.9291981749737,95.43540484057671,95.8944320678711,53234900
2006-10-25,95.7970553758548,96.26303366199157,95.63708460254577,96.22130584716797,78105400
2006-10-26,96.43689960104668,96.67336427604972,95.96395963867747,96.52035522460938,66843700
2006-10-27,96.40211770561757,96.499486131995,95.72053872097563,95.91527557373047,80238000
2006-10-30,95.74139124295087,96.11695209650937,95.56055660663345,95.84571075439453,49717800
2006-10-31,96.02656510890644,96.15869964641396,95.45625669627654,95.83181762695312,71274100
2006-11-01,96.13086672561616,96.19345843366963,95.08762914194563,95.18499755859375,83005600
2006-11-02,94.94157064886686,95.28931650803219,94.83725113606184,95.12935638427734,60693100
2006-11-03,95.47019546868411,95.55365111767237,94.3226272332639,94.96247863769531,71346400
2006-11-06,95.25459115659443,96.17263509905082,95.24762944452198,96.03353881835938,63303300
2006-11-07,96.11696830172083,96.65945107741247,95.97787205889071,96.4021224975586,63318900
2006-11-08,95.97790139423873,96.7081701577551,95.18504089417227,96.61080169677734,87517800
2006-11-09,96.68033271548306,96.77075006546958,95.90833622196546,96.10307312011719,95916300
2006-11-10,96.0752677196828,96.21436400193548,95.78316234324235,96.14482116699219,48991500
2006-11-13,96.10306062004695,96.70118404724829,96.02656670291867,96.38126373291016,59398200
2006-11-14,96.65251061878928,97.18804235561608,96.0613382562331,97.10457611083984,96704000
2006-11-15,97.0698051348223,97.6818307624071,97.0419795171717,97.38277435302734,76509600
2006-11-16,97.67485310794284,97.84176431901106,97.0141381352892,97.63312530517578,76728800
2006-11-17,97.32017013655832,97.6679160639166,97.1810738880877,97.66096496582031,56353800
2006-11-20,97.57750227234536,97.88352036423603,97.32712479828595,97.71659851074219,69174200
2006-11-21,97.70964532027752,97.83482874844451,97.5705384724975,97.81396484375,51367900
2006-11-22,97.89048804466498,98.17564227971995,97.71661506412383,98.00872039794922,45505300
2006-11-24,97.53578489755294,97.95307365738977,97.50795927947883,97.61228942871094,30998000
2006-11-27,97.56358119643622,97.61227071254825,96.24215112511129,96.26996612548828,84545100
2006-11-28,96.14479596034168,96.78464718084463,96.05437862501776,96.6872787475586,106652900
2006-11-29,97.00023275498948,97.73745229326573,96.72899140388103,97.69572448730469,90034900
2006-11-30,97.67490368580155,98.09915425421939,97.2019635807026,97.73749542236328,83994300
2006-12-01,97.73750484666753,97.82792221644159,96.65253885884808,97.52190399169922,126080000
2006-12-04,97.5427680123971,98.44690987402292,97.52885519879344,98.26607513427734,87813200
2006-12-05,98.45381244673733,98.7320155198475,98.24516279499524,98.69027709960938,73374400
2006-12-06,98.66942613164112,98.80853299261476,98.41209754109424,98.6068344116211,53253200
2006-12-07,98.78071083092397,98.9684966099165,98.14085957504398,98.1756362915039,62857400
2006-12-08,98.15476498142014,98.69028604753215,97.91133859692334,98.35645294189453,79625500
2006-12-11,98.35643216778296,98.82241032016339,98.30079155986816,98.64158630371094,39779400
2006-12-12,98.54425297347399,98.66943642657537,97.98785730861701,98.56511688232422,77451600
2006-12-13,98.91978051011134,98.9962850208251,98.45380234934976,98.66940307617188,55520200
2006-12-14,98.66246438957073,99.62224644245468,98.64855158250161,99.53878021240234,64755200
2006-12-15,99.75770193005188,99.9325436686191,99.47795941694147,99.54788970947266,70857400
2006-12-18,99.68777046555545,99.92556336300137,99.13527521449106,99.275146484375,48954600
2006-12-19,98.99538421021033,99.70174091878538,98.74361170601172,99.46395874023438,65023600
2006-12-20,99.50591569399414,99.7716785148886,99.31708365433273,99.40800476074219,41469600
2006-12-21,99.49892928780538,99.61081987858903,98.83453288421944,99.0443344116211,48698400
2006-12-22,99.05832630571484,99.06531613290834,98.37993956573034,98.4358901977539,62069100
2006-12-26,98.47781920915183,99.03731468009659,98.45683906274664,99.0163345336914,32696900
2006-12-27,99.21916136527548,99.7297067966127,99.1911913896153,99.66675567626953,39727100
2006-12-28,99.5968261784272,99.79963785014381,99.30309340999786,99.45695495605469,37288800
2006-12-29,99.3520575471325,99.68775066246688,98.91145299660556,99.0443344116211,45461200
2007-01-03,99.48493784123693,99.91155206129979,98.31000661505885,98.86949157714844,94807600
2007-01-04,98.77156159526353,99.34504744375774,98.33795763180956,99.07928466796875,69620600
2007-01-05,98.84149951860867,98.8904496396859,98.17710327092017,98.28899383544922,76645300
2007-01-08,98.48483664017093,98.89746048574195,98.08619244694819,98.74359893798828,71655000
2007-01-09,98.827532078333,99.03035444951288,98.19110565654904,98.6596908569336,75680100
2007-01-10,98.317009379467,99.00938651767552,98.12118748266937,98.98839569091797,72428000
2007-01-11,99.01639339710088,99.74373047167552,98.96044274959594,99.42202758789062,54476800
2007-01-12,99.41498918484653,100.17730712890625,99.38701920750518,100.17730712890625,55370600
2007-01-16,100.05842187039441,100.31718419394443,99.82062902745211,99.98149108886719,44871300
2007-01-17,99.90456167144026,100.33117588909961,99.82063039040641,100.02345275878906,50241400
2007-01-18,100.12833333609584,100.19127378056456,99.52687752214162,99.68772888183594,68177300
2007-01-19,99.6877581388274,100.07941258616442,99.63181817498608,99.88359069824219,56973000
2007-01-22,100.0583779227675,100.07935806565172,99.2610898072203,99.57581329345703,60253600
2007-01-23,99.4919342755398,100.06542027270616,99.35206302572851,99.86959838867188,54064400
2007-01-24,99.98851998635473,100.69487694984792,99.94655966576046,100.67389678955078,55834700
2007-01-25,100.61088079659716,100.65284108569873,99.31704830136502,99.49188995361328,73583800
2007-01-26,99.70872405828598,99.76466400815401,99.01634712440816,99.4010009765625,67255600
2007-01-29,99.44301137166102,99.86962573687919,99.12829830553177,99.34510040283203,66114600
2007-01-30,99.55485171008466,99.9115248770959,99.35202939574377,99.86256408691406,70407600
2007-01-31,99.75069389233123,100.79974413222594,99.58983183874061,100.53398132324219,91868600
2007-02-01,100.81372357669403,101.17040748727439,100.64588236841232,101.13543701171875,69312400
2007-02-02,101.21937132627971,101.37323290237279,100.97459930721693,101.27532196044922,49607000
2007-02-05,101.19837227012462,101.36622414128105,100.94659979913514,101.30328369140625,45705300
2007-02-06,101.3872494767795,101.4292097953966,100.93965495903863,101.331298828125,57081300
2007-02-07,101.49214071441841,101.65999264457297,101.10749738232539,101.55509185791016,55669700
2007-02-08,101.2543359124381,101.49211809019772,100.89766264579868,101.42218780517578,70641000
2007-02-09,101.45013453931946,101.63896654144526,100.2821933992992,100.6668472290039,79084400
2007-02-12,100.66687422894915,100.73680451670383,100.14234904907468,100.32418060302734,65657000
2007-02-13,100.54792101511553,101.33819787459791,100.54092052062062,101.17035675048828,64081800
2007-02-14,101.26830014271196,102.03759710866706,101.254309820716,101.83478546142578,66039400
2007-02-15,101.87682938893678,102.07265137167927,101.70897740165849,101.9677505493164,38715200
2007-02-16,101.71588192012919,101.93967368715516,101.5690102359187,101.91869354248047,39841800
2007-02-20,101.79984307376577,102.24743745770557,101.40819932175494,102.13553619384766,56911800
2007-02-21,101.83478936209438,102.15650275139083,101.65295785513773,102.09355163574219,63971600
2007-02-22,102.14255420895854,102.40131658844977,101.52710782368891,102.01666259765625,79067400
2007-02-23,101.92571165682993,101.96067145633901,101.42915658022514,101.61798858642578,71966200
2007-02-26,101.98867669690055,102.07259731034347,101.23335916143824,101.52709197998047,69192800
2007-02-27,100.62489051952637,100.84868232838268,97.21197739467826,97.56166076660156,274466500
2007-02-28,98.1841141648873,99.29610492377265,97.77149027395375,98.561767578125,177536300
2007-03-01,97.44979305619924,98.78558655771326,96.54761434167789,98.26805114746094,212828600
2007-03-02,97.94631544267568,98.37292958690843,96.97419608732432,96.98118591308594,162574000
2007-03-05,96.46368315291242,97.61764508146729,96.04406936465973,96.05805969238281,143750400
2007-03-06,97.05814465942645,97.99529381312345,96.31681739839769,97.7015609741211,143333300
2007-03-07,97.62462547851821,98.23308195351908,97.49174405671926,97.60364532470703,115144900
2007-03-08,98.28901975470835,98.722634490753,97.96032712839694,98.42890167236328,117891600
2007-03-09,98.82750400241416,98.90443476419752,97.96728597264655,98.45684051513672,107765100
2007-03-12,98.20509264717215,98.84850887416712,98.02326110633379,98.6037368774414,80366900
2007-03-13,98.03728109459725,98.44991581977192,96.54063583373987,96.68750762939453,190605200
2007-03-14,96.8133782660453,97.46379518957181,95.63844671211875,97.40784454345703,231853800
2007-03-15,97.19101176626424,97.9043689395793,97.07212068262693,97.54069519042969,132435900
2007-03-16,97.81523949813408,98.03992971138635,96.97969017755814,97.26757049560547,121531600
2007-03-19,97.78017874023244,98.53147495983937,97.70294278040205,98.44019317626953,96161200
2007-03-20,98.35586155901072,99.03693883291461,98.2716081111268,98.98076629638672,82147400
2007-03-21,99.07206951357904,100.86251995267001,98.87547094996263,100.60974884033203,152368700
2007-03-22,100.74316851157137,100.883594542088,100.25868959954249,100.53252410888672,118942200
2007-03-23,100.6027338703513,100.97486764058776,100.51145213710969,100.67996978759766,74416800
2007-03-26,100.75723716282418,100.8625540311242,99.76721574551684,100.54659271240234,113787500
2007-03-27,100.49038355373567,100.51847518426803,99.97782379160793,100.30783081054688,99864600
2007-03-28,99.80223979009294,100.03394741648603,99.18435278637806,99.57756042480469,152907900
2007-03-29,100.08315233655055,100.13230733882696,99.13526861458,99.68293762207031,139432700
2007-03-30,99.87251240189653,100.29379045846872,98.69291027309373,99.70399475097656,128194100
2007-04-02,99.81636047363281,100.02700490234724,99.33889905429203,99.81636047363281,79416400
2007-04-03,100.38504475227295,101.09420291764053,100.34291802951267,100.89058685302734,82417800
2007-04-04,100.89059986189882,101.07315258867027,100.51846614444592,101.00294494628906,63995200
2007-04-05,100.8765234332306,101.41717461318852,100.83439671782338,101.27674865722656,46822800
2007-04-09,101.56470284323257,101.67003043342946,101.21363230355486,101.4172592163086,50967400
2007-04-10,101.33997676249132,101.70509295606881,101.29785003127424,101.53657531738281,56620000
2007-04-11,101.68399851233657,101.71207941995957,100.78524876118438,101.12228393554688,106365700
2007-04-12,100.9256720866473,101.75419267457929,100.64480947850788,101.57164001464844,115534400
2007-04-13,101.74017907508612,102.03508758544922,101.36102782633075,102.03508758544922,84287000
2007-04-16,102.39314664793736,103.11635047932675,102.38612910016751,103.0040054321289,83064600
2007-04-17,103.19361672493925,103.4955320750825,102.9689265644281,103.27787017822266,108424100
2007-04-18,102.93385614690416,103.7062046780089,102.91279277784436,103.40428924560547,88345300
2007-04-19,102.89880032265455,103.49561394521527,102.76539177354539,103.37625122070312,102947700
2007-04-20,104.07130557088249,104.35215759277342,103.24277389281379,104.35215759277344,124114100
2007-04-23,104.17665399444337,104.42942517633067,103.895801887378,103.95899200439453,77270800
2007-04-24,104.07828874402662,104.19765134959512,103.43934899819695,104.00105285644531,114471000
2007-04-25,104.42939569429376,105.08239219391037,103.93088173791776,104.95600128173828,108418800
2007-04-26,104.96304401965935,105.18070597827203,104.68920950498217,105.07537841796875,88741600
2007-04-27,104.68216809272515,105.13856603574966,104.50663289475071,104.9911117553711,108191100
2007-04-30,105.06833953263201,105.1385578919101,104.06428342062327,104.12044525146484,100874100
2007-05-01,104.21171763896636,104.94896749006314,103.68511213301387,104.38725280761719,134342700
2007-05-02,104.54877630717714,105.28602639905019,104.4434594571181,104.9981460571289,87129800
2007-05-03,105.30011559639532,105.60203116682153,105.13159785305841,105.56693267822266,86569700
2007-05-04,105.84773176409378,106.10752044680083,105.47559797552786,105.96709442138672,96409000
2007-05-07,105.93900726550956,106.1636867501821,105.8898522669078,105.98815155029297,63461400
2007-05-08,105.72839274814594,105.96711811611188,105.41243144185908,105.8477554321289,80584000
2007-05-09,105.77050385240757,107.30117657264122,105.58092281114226,106.1356201171875,102070100
2007-05-10,105.83366448798562,106.03729129029371,104.80854506788447,105.02620697021484,153617800
2007-05-11,105.14561088307889,105.97413208997425,105.12454751095925,105.92498779296875,113408900
2007-05-14,105.92496795661674,106.23391164161094,105.17367211230638,105.6932601928711,108027500
2007-05-15,105.8125997395694,106.48665951540744,105.45451184498407,105.72132873535156,180673300
2007-05-16,105.88283477780948,106.46561292744042,105.58793692748148,106.44454956054688,114166500
2007-05-17,106.29013559293185,106.69737876427851,106.10055447386159,106.23396301269531,101132800
2007-05-18,106.73245252170211,107.16075897216797,106.59202646056056,107.16075897216797,99182000
2007-05-21,107.13259143470535,107.58897844290723,107.07641891289676,107.10449981689453,174664600
2007-05-22,107.21686217304374,107.53985154714366,106.99218276334295,107.020263671875,82148800
2007-05-23,107.39245080263066,107.77863044863082,106.97819023411236,107.03436279296875,133786600
2007-05-24,107.09753941262335,107.57500074584553,105.84071204722538,106.06539154052734,187593000
2007-05-25,106.37435822353055,106.73947453215449,106.14966796781702,106.50776672363281,83309200
2007-05-29,106.683246054983,107.07644308258398,106.33919329892441,106.89389038085938,82020000
2007-05-30,106.34626290258156,107.80670651173762,106.26199871118513,107.76457977294922,129013600
2007-05-31,107.89795685966078,108.05242866615096,107.51177734343536,107.65221405029297,114866700
2007-06-01,108.0454336578376,108.4105391731531,107.78563426700231,108.18585968017578,107771700
2007-06-04,107.8066975339819,108.4035215206352,107.76457079870168,108.19990539550781,78008800
2007-06-05,107.94711873808558,108.05945311139676,107.3292314726966,107.7715835571289,126917900
2007-06-06,107.32923895627248,107.3924290545067,106.54986226992983,106.61305236816406,164096800
2007-06-07,106.4165160726641,107.07653049946282,104.66116311365651,104.68925476074219,232414600
2007-06-08,105.02622621723161,106.15667337756557,104.68217335493213,106.05134582519531,175886000
2007-06-11,105.97416348987336,106.69035049560883,105.81267401783346,106.23396301269531,102015600
2007-06-12,105.7915651155166,106.40242425276116,105.00517075825282,105.07537841796875,233898000
2007-06-13,105.67223294180594,106.77459958423242,105.1245637544293,106.64820861816406,193208200
2007-06-14,106.76751654148387,107.51178399306976,106.74645317691575,107.32923126220703,146396500
2007-06-15,107.98929751182189,108.35598744462855,107.84120767511253,107.93994140625,154030800
2007-06-18,108.15849338895387,108.16554118375845,107.65077240322984,107.81295776367188,88537500
2007-06-19,107.57326474871354,108.15855484984628,107.43928125134605,108.08098602294922,110851700
2007-06-20,108.29958157959831,108.29958157959831,106.45204692958491,106.57897186279297,177119700
2007-06-21,106.53664906627066,107.2629703341996,105.95135906939656,107.17129516601562,205262000
2007-06-22,106.84694645392757,107.02323826926734,105.66931841865772,106.16293334960938,204964700
2007-06-25,105.94431061201952,106.65652552040841,105.08400587594777,105.65518951416016,232014400
2007-06-26,105.92313630181748,106.099428045988,104.56215844162404,104.56920623779297,198445700
2007-06-27,104.45642234425392,106.17703205963318,104.40705547471545,106.05714416503906,213638000
2007-06-28,106.04296875,106.76928956938441,105.54229567295376,106.04296875,157705000
2007-06-29,106.40966870672086,106.93854382108825,105.17562677319697,106.07823944091797,199701800
2007-07-02,106.38853255891068,107.12895999626907,106.31802232106304,107.03728485107422,103357000
2007-07-03,107.31229583340495,107.53795441073568,107.17832315810716,107.42512512207031,54048400
2007-07-05,107.46746978774331,107.58029911459582,106.92449882725965,107.31233215332031,89279000
2007-07-06,107.45338621947917,108.01046359817401,107.13605235718668,107.87648010253906,81109000
2007-07-09,108.00336786384081,108.1443990955996,107.6225717020995,107.9610595703125,72348100
2007-07-10,107.38987291118318,107.61553150592702,106.31802686613196,106.42379760742188,180362600
2007-07-11,106.30394127058051,107.220660660734,106.14175584893675,107.17835235595703,175607600
2007-07-12,107.44630231292984,109.12460337179806,107.42514816176725,108.87074279785156,133882500
2007-07-13,108.99768346795379,109.62528175457412,108.87074779515628,109.19512939453125,111794300
2007-07-16,109.29379086344622,109.67457614759712,109.0046699336337,109.18096160888672,98378700
2007-07-17,109.25151290180635,109.63935688519113,109.07522116026726,109.12458801269531,126201300
2007-07-18,108.75794866394827,109.15989918604367,108.10214824579131,108.92719268798828,237887400
2007-07-19,109.44192227178418,109.6746286857919,109.12459925631734,109.35025787353516,145212700
2007-07-20,109.22333063283655,109.2938516461533,107.77068814247731,108.24314880371094,245502500
2007-07-23,108.72265639433171,109.10345264720873,108.10211667408106,108.57457733154297,121183900
2007-07-24,107.97517084434077,108.79316717134209,106.31097624388747,106.6917724609375,256732400
2007-07-25,107.199513877075,107.46042228113151,105.95136500037792,106.91039276123047,265214500
2007-07-26,105.90902568383488,106.33917795268569,103.22938912837056,104.37881469726562,467592500
2007-07-27,104.5128509512326,104.97825319467843,102.28451968625272,102.32682800292969,422987600
2007-07-30,102.90503505491661,104.23075271461016,102.45372851799914,103.92753601074219,283017500
2007-07-31,104.59741363640975,105.39425572283623,102.27740837521876,102.75692749023438,316976700
2007-08-01,102.37616281777335,103.66662000791295,101.50881022636692,103.25762176513672,467670000
2007-08-02,103.49030079767967,104.19546776872951,102.43255034110487,104.08264923095703,294758400
2007-08-03,103.85704012899673,104.0685924731268,100.97995622482581,101.40306091308594,359398200
2007-08-06,101.69213641718797,103.53967048878702,100.50745027815144,103.10247039794922,324980000
2007-08-07,102.91207301464127,105.06988229863835,102.41139971358578,104.20252990722656,232568700
2007-08-08,104.65385350791189,106.19111264482936,103.89931953447348,105.65518951416016,274930600
2007-08-09,103.96275918383296,105.03461597001466,102.45370232802185,102.52422332763672,357622100
2007-08-10,101.81909535115827,103.30699862870195,100.92352996116804,102.04475402832031,411018400
2007-08-13,103.3069957236935,103.58201050375258,102.26335127116134,102.41143035888672,181917200
2007-08-14,102.74283301882298,102.99669357730443,100.64143830472347,100.84593200683594,264134500
2007-08-15,100.64141195698178,101.86840612841634,99.16055729352601,99.45672607421875,323834000
2007-08-16,98.57533905222357,100.7966226591489,96.60792688151814,100.20428466796875,546743700
2007-08-17,102.60183140256746,102.82043152106948,99.7035936727548,102.04475402832031,388218100
2007-08-20,102.36907603047827,102.58062824927094,101.04335883537071,101.9953384399414,187320400
2007-08-21,101.96717156383454,102.9332470912164,101.64278994880313,102.19986724853516,157066400
2007-08-22,102.96141334905523,103.51850121566136,102.4819050304506,103.4127197265625,173156700
2007-08-23,103.89932982060472,104.11792992501935,102.67939361080862,103.32109832763672,203915300
2007-08-24,103.29285651797818,104.59741973876953,103.1518252735669,104.59741973876953,128901900
2007-08-27,104.25895491048186,104.59743208903322,103.4691604805347,103.62429809570312,113024300
2007-08-28,103.06719709925677,103.13065953811268,101.1632486136287,101.34658813476562,219790700
2007-08-29,101.80495583996978,103.47620893844578,101.51584554900492,103.33516693115234,207654200
2007-08-30,102.56657337519859,103.79356825201091,102.4678503915469,103.06018829345703,191817300
2007-08-31,104.1179461332109,104.71734263410603,103.53971455022877,104.07563781738281,185477500
2007-09-04,103.9768638050476,105.76093531367047,103.94160330582709,105.12628936767578,120062000
2007-09-05,104.50578069081857,104.61861002932368,103.6595821720261,104.21665954589844,166261800
2007-09-06,104.32950044734042,104.79491345025771,103.74421029397456,104.45643615722656,127878400
2007-09-07,103.29284101558066,103.58196201722818,102.43253656579559,103.00373077392578,235447600
2007-09-10,103.32106931741549,103.46210056195584,101.77675190371218,102.80628967285156,192305900
2007-09-11,103.12361489191406,104.15315257588247,103.04604609983478,104.00507354736328,162081900
2007-09-12,103.86404262058045,104.6749911259914,103.64544257233747,104.27304077148438,149554600
2007-09-13,104.75257100253104,105.38721706518024,104.50575822261433,105.00643157958984,154079000
2007-09-14,104.33653395103539,105.13336549619231,104.18139632065159,104.99938201904297,121911000
2007-09-17,104.5833207502792,104.82307495865943,104.10381233351873,104.43524169921875,109870800
2007-09-18,104.95003576108893,107.53799809620443,104.45642087264685,107.50979614257812,263759500
2007-09-19,108.17964678526714,108.87070727106017,107.68603215255784,108.1443862915039,193779900
2007-09-20,108.13034145479871,108.19380392367964,107.26298876676505,107.38286590576172,175186800
2007-09-21,108.19691804502659,108.48739987151605,107.50966024942818,107.67261505126953,141457500
2007-09-24,107.99149249776247,108.27490403305764,107.24047084855839,107.47428131103516,139450200
2007-09-25,106.85071935611869,107.45295902913803,106.60982781132607,107.26165771484375,142289900
2007-09-26,107.87101548497863,108.23944496889908,107.26169437393546,107.82850646972656,135547000
2007-09-27,108.33859848700568,108.47321752904395,107.82846885982786,108.46612548828125,102713300
2007-09-28,108.2960986924943,108.536990256073,107.6796857008164,108.10479736328125,133372100
2007-10-01,108.11897190863677,109.64226889684298,108.04811636037839,109.32344055175781,148162300
2007-10-02,109.54308915890059,109.57142489456652,108.9762771462226,109.1746597290039,112978800
2007-10-03,108.97630974768437,109.40142158712972,108.40949756543827,108.9550552368164,119055900
2007-10-04,109.18882454374493,109.2950970580594,108.82039514238964,109.12506103515625,76864400
2007-10-05,109.84071396847986,110.59882768433565,109.55731323624207,110.42169952392578,134579700
2007-10-08,110.09570316632737,110.1665587061351,109.65642909042441,109.83355712890625,71280400
2007-10-09,110.24458105244359,110.88223816154209,109.84072362191422,110.8680648803711,94054300
2007-10-10,110.55627714062302,110.8396886051961,110.10992165186359,110.6838150024414,101711100
2007-10-11,111.18681895637317,111.60484938805564,109.493475160763,110.15239715576172,233529100
2007-10-12,110.14531656644516,110.77589202175952,110.01069751232657,110.76171875,124546700
2007-10-15,110.71924014667398,110.78300367054169,109.06840489216829,109.82650756835938,161151900
2007-10-16,109.40142158712972,109.4793583973266,108.73541808381881,108.9550552368164,166525700
2007-10-17,109.8052588631897,109.88319566682723,108.02689646696898,109.28804779052734,216687300
2007-10-18,108.72126471638029,109.24556797290627,108.45911849363988,108.89131164550781,148367500
2007-10-19,108.46610922790039,110.86796469119636,106.03591803891474,106.04299926757812,297169900
2007-10-22,105.46914358764185,106.81531266101494,105.32744328692468,106.65943908691406,261989800
2007-10-23,107.31132723623604,107.65849150437786,106.45402220075464,107.52387237548828,180085100
2007-10-24,107.13419461214173,107.50970542388869,105.45501240475556,107.32548522949219,326694200
2007-10-25,107.44590916345261,107.8993567008905,106.19184990570471,107.58052825927734,237374500
2007-10-26,108.44491717972939,108.84168243408203,107.62304011797472,108.84168243408203,176484000
2007-10-29,109.0613070615681,109.42265529972713,108.79207970473246,109.20301818847656,106841000
2007-10-30,108.72119695522298,108.93375278139436,108.31025857423523,108.44487762451172,132981600
2007-10-31,109.09671683633073,110.01070372324307,108.28901327705714,109.57141876220703,220954400
2007-11-01,108.60790283911338,108.69293171134653,106.69492078507139,107.00666809082031,333040800
2007-11-02,107.36090088213693,107.69390263015309,105.71715746373488,107.12709045410156,331228200
2007-11-05,106.0217860935954,107.09872787716608,105.54708412326156,106.3122787475586,226841000
2007-11-06,106.88617217834722,107.77181260445343,106.2059955742399,107.74347686767578,177800500
2007-11-07,106.58857841933836,107.07745357316594,104.54097856839208,104.7960433959961,306639700
2007-11-08,104.85272247961704,105.14320425999101,102.78386819024036,104.26465606689453,374509900
2007-11-09,103.22316478507773,104.5339061305101,102.65635274954788,102.83348083496094,277745100
2007-11-12,102.88306996466184,103.87498280360221,101.8132095336914,101.8132095336914,243087800
2007-11-13,102.99647573259077,105.07950455752778,102.89020316439789,104.91654968261719,191117400
2007-11-14,105.7241878572276,105.85171485971755,103.99541641655603,104.62599182128906,230558800
2007-11-15,103.84663693831688,104.49846685617342,102.39418478576002,103.11685943603516,263111100
2007-11-16,103.66241281122532,103.77577735192425,102.42960856699692,103.29398345947266,308770600
2007-11-19,102.93266991261348,102.98935219604924,101.45188174511438,101.85572814941406,267746000
2007-11-20,102.0399433675887,103.10979303702362,100.68668229460042,102.47921752929688,414767500
2007-11-21,101.37395046987372,101.96201703008101,100.37494544068876,100.38202667236328,259012400
2007-11-23,101.36686046287107,102.26666330447242,101.10470355903844,102.11788177490234,77688400
2007-11-26,102.33041128525772,102.6492504223078,99.65932809012138,99.86479187011719,214232000
2007-11-27,100.42453725367683,101.48021366118779,99.86480648271917,101.01260375976562,293897900
2007-11-28,102.16037303334969,104.48429212044498,102.12494526211805,104.24340057373047,258596900
2007-11-29,103.8820587371943,104.66142650736336,103.51364016496761,104.27882385253906,199409900
2007-11-30,105.59666566993505,106.1847321608604,104.38511572284355,105.32743835449219,222908000
2007-12-03,104.9944429917948,105.17865230400504,104.35677541376225,104.63309478759766,146430400
2007-12-04,103.91040128003296,104.53388466112717,103.66241768696992,103.69784545898438,136533900
2007-12-05,104.81023669240072,105.71005048938189,104.73939193730205,105.43373107910156,171130000
2007-12-06,105.30616398575093,107.13412662437693,105.26365498664944,106.94282531738281,154457400
2007-12-07,107.28293774497206,107.33962002977137,106.66653546572016,106.92160034179688,148980100
2007-12-10,107.18371455990844,107.87097219344588,106.88614076152685,107.75052642822266,123914300
2007-12-11,107.7930470120647,108.32443116865323,104.73936112196873,104.7960433959961,250346400
2007-12-12,107.02788547287236,107.53093405280677,104.29302707272126,105.83049774169922,322435600
2007-12-13,105.08651730399411,105.84461961080646,104.36383195249056,105.61080932617188,237551300
2007-12-14,104.81017083421744,105.63913935521194,104.22211541113684,104.2717056274414,159152900
2007-12-17,103.87495545914301,104.05916470615735,102.63505933134321,102.78385162353516,177269400
2007-12-18,103.51360818605491,103.78283539627185,101.99739292880493,103.35773468017578,245569300
2007-12-19,103.40024367068186,104.07332791277707,102.69173166615317,103.35773468017578,198917200
2007-12-20,104.03798693104324,104.05216021004597,102.86185342783466,104.00965118408203,214813800
2007-12-21,104.96766066095407,105.71554942855725,104.76822510538291,105.50899505615234,146084400
2007-12-24,106.00044923503974,106.47054104930406,105.7582682095097,106.29247283935547,45601400
2007-12-26,105.87931103297203,106.61295089570017,105.77247449700839,106.5203628540039,67093100
2007-12-27,106.14284659659941,106.14996540867484,104.93198557043782,105.1812744140625,122981700
2007-12-28,105.80098157376236,105.85084587936677,104.63285478604307,104.91777038574219,116398100
2007-12-31,104.77534086047704,105.13859610230962,104.03457100819493,104.14141845703125,108126800
2008-01-02,104.3693467938352,104.6969971087677,102.48182796296217,103.22970581054688,204935600
2008-01-03,103.21541774207132,103.6285371249337,102.61711140899475,103.17980194091797,125133300
2008-01-04,102.09718092530349,102.16841255293798,100.36636323167404,100.6512680053711,232330900
2008-01-07,101.00735556830477,101.3065086965683,99.7893757509758,100.56575012207031,234991000
2008-01-08,101.1996827139722,101.78374053900048,98.60701113060965,98.94178009033203,326365700
2008-01-09,99.07005710163398,100.28091912743932,98.07999798502306,99.98176574707031,301824900
2008-01-10,99.49025668593775,101.7125551498932,99.26945386310189,100.63701629638672,335701200
2008-01-11,100.2737398116685,101.07148167802029,99.00589540189465,99.82500457763672,267076600
2008-01-14,100.5443830776015,101.04297162599572,100.00304905213186,100.62985229492188,170365500
2008-01-15,99.56858149775232,100.77945360672004,98.22238672489956,98.41470336914062,239940100
2008-01-16,97.83775994805949,99.09135574963624,97.06850427376801,97.56709289550781,378802600
2008-01-17,98.15828592932532,98.20815022850208,94.68239213997997,95.03852844238281,397892600
2008-01-18,95.97158640483796,96.17102180594385,93.37891532204715,94.06269073486328,348561500
2008-01-22,90.60819798669705,94.32625644290775,89.74634878145636,93.1082763671875,435923700
2008-01-23,90.5227581677138,95.57989998860957,90.34468994681497,95.3448486328125,511913000
2008-01-24,95.78641511365974,96.48445007896835,94.9530574853633,96.1496810913086,259949300
2008-01-25,97.23232115751358,97.41038929367603,94.44734376792942,94.76073455810547,269603900
2008-01-28,94.9174435743576,96.52718661989859,94.0627186207382,96.32775115966797,217934600
2008-01-29,96.94028039772533,97.18956922287516,96.07130717864571,96.80494689941406,168968300
2008-01-30,96.56990313718725,98.6782235697241,95.87187915721097,96.09268188476562,334939200
2008-01-31,95.01714877814733,98.67822905604294,94.87469644939348,97.8448715209961,343680800
2008-02-01,98.2508873106021,99.44038128625759,97.95173411328912,99.41901397705078,206843600
2008-02-04,99.15546365511842,99.21956557438024,98.0371905664976,98.1654052734375,124694300
2008-02-05,96.8263439969973,97.04714677548456,95.20948206811293,95.5371322631836,286882500
2008-02-06,95.85766736094597,96.33488879605805,94.31203680794785,94.76789093017578,250792900
2008-02-07,93.87752775235076,96.00721580020739,93.82766345515775,95.39466094970703,297368100
2008-02-08,94.79636500820439,95.6012365859313,94.09122203581967,94.7821273803711,221643500
2008-02-11,94.80349896372444,95.60835970931156,94.04848078621865,95.26647186279297,188576300
2008-02-12,96.09269797974765,97.08987526102102,95.4302788177168,96.1496810913086,256654400
2008-02-13,96.87618033817789,97.62406864864036,96.25650673131105,97.13259887695312,181967800
2008-02-14,97.54572978762693,97.58134559108817,96.00721837280715,96.27788543701172,215207200
2008-02-15,95.80069945526101,96.31353678278518,95.3804610772241,96.25655364990234,154110300
2008-02-19,97.38189306509604,97.50297808090708,95.87899771715898,96.52716827392578,145190000
2008-02-20,95.4374071466807,97.26082321711652,95.27357662760868,96.81208801269531,220085700
2008-02-21,97.33918227328392,97.58847117798095,95.49439873117011,96.0072250366211,201051200
2008-02-22,96.13546906465211,96.76227266117891,94.63257289092269,96.59844207763672,205491000
2008-02-25,96.54143962509333,98.04433549807112,96.00011627086965,97.81641387939453,190107000
2008-02-26,97.40328183345004,98.97027944063369,97.22521367653331,98.55004119873047,212420700
2008-02-27,97.98021486917749,99.10560685556867,97.87337832899549,98.4503173828125,168395800
2008-02-28,97.75228724383763,98.26512434180461,97.26081745258458,97.48873901367188,170831100
2008-02-29,96.58417438650504,96.64114663352976,94.57556032371774,95.31632995605469,252715200
2008-03-03,94.83196037109201,95.30918164266629,94.19091946740498,95.08837890625,189483500
2008-03-04,94.18381684978678,95.01717461140684,93.30060565033594,94.72515106201172,282513100
2008-03-05,95.03139857992679,95.99297083198209,94.26214295196579,95.32343292236328,270681400
2008-03-06,94.71796429889055,94.88891355790263,92.98714788359457,93.35040283203125,247911700
2008-03-07,92.43161248299528,93.83479028547687,91.58400640380503,92.38887786865234,326434600
2008-03-10,92.48146201598502,92.54556393480016,90.87884883510924,91.17088317871094,235683600
2008-03-11,93.10825104087561,94.53279587213942,91.84752582205107,94.44732666015625,341440600
2008-03-12,94.54708010284472,95.28072009879175,93.42168795653309,93.56414031982422,229161100
2008-03-13,92.31765948023771,94.47584476081339,91.59826800951856,93.77069091796875,351504200
2008-03-14,94.5684572563716,94.59694338462712,91.01421227630101,92.31767272949219,484687800
2008-03-17,90.15231834665481,92.06832742643715,89.79618214311517,91.38455200195312,405311100
2008-03-18,93.037081907376,95.22376490811669,92.58122769009502,95.1810302734375,334416600
2008-03-19,95.54425546282236,95.9075106116779,92.62393317017401,92.82337951660156,345971600
2008-03-20,93.08963110925322,95.13681600385033,92.52414397127394,94.5427017211914,245320700
2008-03-24,95.4231323065456,97.21262923202195,95.37303207218794,96.43241119384766,208977300
2008-03-25,96.53265149436776,97.02655454126882,95.75243322253381,96.52549743652344,192947200
2008-03-26,96.24631968326999,96.69726553871631,95.27998685175504,95.34440612792969,196934300
2008-03-27,96.06021830839153,96.23201399090145,94.74315084249149,95.04378509521484,225153200
2008-03-28,95.19411020214434,95.45895232940941,93.81261249234883,94.13471984863281,180896100
2008-03-31,93.97720233693624,95.00795416664184,93.83404478774844,94.46395111083984,166692100
2008-04-01,95.63785198912237,97.94987842355638,95.56626775978066,97.78524780273438,254547300
2008-04-02,98.10026549065114,98.54405742238887,97.33435523712741,97.8497314453125,210910800
2008-04-03,97.32004053432948,98.37942003625801,97.14109077754706,98.09309387207031,175884800
2008-04-04,98.15036375804786,98.75164327023445,97.43456469698339,97.98573303222656,204446800
2008-04-07,98.6872194115415,99.1882875243483,97.87837384754494,98.03585052490234,154245500
2008-04-08,97.48468149813398,98.00721178463398,97.31288578156538,97.93563842773438,148937300
2008-04-09,97.78527378523427,97.921277303789,96.55409898451731,97.2269515991211,195610600
2008-04-10,96.93349993178776,97.82824868790257,96.56128139102071,97.36298370361328,192967800
2008-04-11,96.26779617303605,96.7187420443982,95.20840595706247,95.47325897216797,222973300
2008-04-14,95.33726064593401,95.58778371655312,94.87914977044998,95.1511459350586,160522000
2008-04-15,95.61643117103041,95.69516949745861,94.72168242626732,95.37306213378906,172389200
2008-04-16,96.3035800082201,98.00003084256613,96.28927189410163,97.95708465576172,189268900
2008-04-17,97.36294789644838,98.24337729044662,97.10525991256816,98.1002197265625,179665700
2008-04-18,99.45306674230763,99.89685841271267,98.96631797799375,99.12379455566406,218530600
2008-04-21,98.94486644526835,99.4817155527531,98.67287032458775,99.1739273071289,118587400
2008-04-22,98.9162391309024,99.00213149284292,97.9928525511496,98.73728942871094,162166000
2008-04-23,98.84469140515766,99.33859451326349,98.15036543031717,98.57984924316406,193309000
2008-04-24,98.83748934699118,100.02571785288625,98.09305255588174,99.00928497314453,229381300
2008-04-25,99.78234572717793,100.13309106195477,98.71581253344675,99.9255142211914,190788100
2008-04-28,100.12594831169145,100.39079039551987,99.76804888069137,99.9469985961914,105610200
2008-04-29,99.7752101246329,100.01857913391036,99.21688784583188,99.55331420898438,125514100
2008-04-30,99.70365712605572,100.6341981898996,98.96638488769531,98.96638488769531,208395900
2008-05-01,99.05226756559333,101.0135498046875,98.97352923993603,101.0135498046875,187279500
2008-05-02,101.88680079001035,101.90827388070026,100.61267977203471,101.29268646240234,181585500
2008-05-05,100.96346116649576,101.36430689876892,100.50535019786544,100.80598449707031,118504500
2008-05-06,100.22612885015073,101.78656464609656,99.98991398776782,101.67919921875,179339800
2008-05-07,101.5646953437476,101.67206079913831,99.58909450899519,99.86825561523438,199267300
2008-05-08,100.02573746789264,100.44090212084387,99.48172333950362,99.6105728149414,178321200
2008-05-09,99.20971520988014,99.77519143992026,99.10233883961911,99.42444610595703,152588200
2008-05-12,99.67502361711934,100.61271868061091,99.30280503084612,100.54114532470703,147865900
2008-05-13,100.78453432517217,100.84895363489295,100.0186239021712,100.55547332763672,159132200
2008-05-14,100.97778818740423,101.78663377459102,100.54115028261769,100.76304626464844,181910800
2008-05-15,100.95631294102725,102.09444195389952,100.80600122759148,102.02285766601562,166927000
2008-05-16,102.25905576213788,102.26620982084908,101.36430692301873,102.11589813232422,204236800
2008-05-19,102.22322388891611,103.28976802257127,101.85817043645724,102.39501953125,165664400
2008-05-20,101.83675021969022,101.88685048166022,100.92768222230085,101.56474304199219,178552100
2008-05-21,101.50741865520253,101.72931451941524,99.49602592189106,99.84677124023438,252724800
2008-05-22,99.80382639625975,100.33352146655758,99.49603813964609,99.86109161376953,170820400
2008-05-23,99.53184689710945,99.96848469663581,98.43667536951834,98.52256774902344,181376400
2008-05-27,98.63710559184518,99.49606221791434,98.44383680125615,99.25269317626953,168322900
2008-05-28,99.61775043059284,100.21186494055041,98.78026686997113,99.71080780029297,181288100
2008-05-29,99.58907352586809,100.87750240798175,99.55328140753804,100.2118148803711,173927200
2008-05-30,100.54827946392032,100.74154823880416,100.16890689388275,100.46238708496094,117362000
2008-06-02,100.09014465046315,100.11161774007084,98.78023157328118,99.42444610595703,181069900
2008-06-03,99.71081777000227,99.93986780463902,98.22910837613344,98.84469604492188,271965700
2008-06-04,98.56551763534152,99.61058895482371,98.39373286988877,98.7945785522461,246637700
2008-06-05,99.1954241735749,100.84891807339444,99.0093203703737,100.77017974853516,237867100
2008-06-06,99.88973226262183,100.06868197612627,97.50612076807587,97.55622100830078,384276300
2008-06-09,97.9642227043571,98.42233349245124,96.92631664469944,97.79242706298828,228263900
2008-06-10,97.11241822374829,98.13601614870986,96.88336829594044,97.3056869506836,260234900
2008-06-11,97.32717826841896,97.53475514569116,95.86694238154541,95.87410736083984,283890100
2008-06-12,96.34652737935943,97.2555840341052,95.57346332834115,96.23915100097656,252791800
2008-06-13,96.75455182085344,97.72088486273017,96.21770255808329,97.4560317993164,244726900
2008-06-16,97.02652198418835,98.01431682431192,96.96210271852807,97.51325988769531,185832500
2008-06-17,98.11457682492288,98.15035803810936,96.8977097542475,97.04087829589844,191707700
2008-06-18,96.4109615839227,97.00507601853495,95.70948167652364,96.09600830078125,265893000
2008-06-19,96.02440551940107,96.80463451934561,95.55914066408313,96.2176742553711,304204900
2008-06-20,95.56232812641724,95.74217292233877,94.39693736143941,94.65591430664062,289275700
2008-06-23,95.02277243556061,95.12348505962376,94.46885849163966,94.56237030029297,165096400
2008-06-24,94.27464593306833,95.2745825775149,93.65597938476543,94.37535858154297,267300600
2008-06-25,94.75662386646785,95.96517558679993,94.41132494306652,94.82136535644531,287853900
2008-06-26,93.92933475260068,94.54080040407085,92.13807683436788,92.24597930908203,297775000
2008-06-27,92.28197373337032,92.6992150355844,91.38994495739028,91.74243927001953,303423400
2008-06-30,92.00137700044085,92.73514663106558,91.57694603812787,92.06612396240234,258842600
2008-07-01,91.01585349163832,92.41864621733616,90.59142240031012,92.3539047241211,388622000
2008-07-02,92.64884547823429,92.9150232555173,90.60581111543718,90.77127075195312,288064600
2008-07-03,91.44029746902841,91.44029746902841,89.9152114738134,90.86479187011719,239352500
2008-07-07,91.21008706141517,91.60574231809866,89.14546683511946,89.93678283691406,372427300
2008-07-08,89.91518769399379,91.64169854568992,89.34687757468737,91.5337905883789,375973700
2008-07-09,91.72087216224767,91.89352167896938,89.483601821804,89.77135467529297,336729400
2008-07-10,89.512352244298,90.49070837535706,88.90088103449298,90.13821411132812,436475700
2008-07-11,89.18143631759882,90.56983833110333,88.11675273425976,89.0879135131836,481124600
2008-07-14,90.10946617608356,90.28211569723041,88.05204063028349,88.28224182128906,322720800
2008-07-15,87.62039778254307,88.8361450236657,86.33989806433911,87.0376968383789,502502500
2008-07-16,87.36858940706365,89.61305417251938,87.1168078200158,89.17423248291016,371642900
2008-07-17,90.02310792745898,90.82881456503586,89.26775761170396,90.06626892089844,375490600
2008-07-18,90.76410451176616,90.9439493754996,90.03033988264282,90.62742614746094,267030100
2008-07-21,91.00867871901798,91.21729937907479,90.05909824232099,90.67776489257812,222863000
2008-07-22,90.03029677142742,91.9366525118249,89.81448084291938,91.70645141601562,296904200
2008-07-23,92.00138693750105,92.90780059545531,91.75680069315911,92.20281219482422,311698400
2008-07-24,92.32513829355634,92.37550011430193,90.03751734964548,90.28929901123047,248634500
2008-07-25,90.56266576245955,90.9942922739637,90.04471175328301,90.2677230834961,219131000
2008-07-28,90.28928713318605,90.6849424097894,88.78578171449533,88.94404602050781,205201300
2008-07-29,89.18865435743184,90.91516040919603,88.94406252409361,90.84322357177734,261505600
2008-07-30,91.44026747382112,92.51214616297352,90.84318157128813,92.46178436279297,354710000
2008-07-31,91.64888399866214,92.49056158426272,91.09495910541234,91.23883819580078,277402100
2008-08-01,91.44751583102273,91.56261368673754,90.25334333345815,90.75691223144531,248690900
2008-08-04,90.67057267032456,90.74250950663729,89.74976799329232,89.91522216796875,188239600
2008-08-05,90.65615050274118,92.48337404986874,89.9008057513319,92.3395004272461,251577600
2008-08-06,92.09493832337205,93.0157429218663,91.70647285430196,92.74956512451172,209555400
2008-08-07,92.0517551635249,92.39705956963819,91.03023809009856,91.36834716796875,246312500
2008-08-08,91.05900023470576,93.46891343350127,90.91512113359569,93.0660629272461,260811700
2008-08-11,93.13803321414863,94.60556206754372,92.96537824092601,94.03006744384766,249425800
2008-08-12,93.7207371659095,94.02287516384247,92.60569702174858,93.05171966552734,213200800
2008-08-13,92.64884628858361,93.2675128660368,91.84314506282354,92.49059295654297,256393200
2008-08-14,91.96544245658598,93.72072961668555,91.9007009572847,93.18838500976562,239555300
2008-08-15,93.46893896461253,93.87899039846224,93.01573750970965,93.64159393310547,181000800
2008-08-18,93.82863579860832,93.86460695858426,91.83596306285169,92.3611068725586,172275100
2008-08-19,91.66332966482997,91.8575651929508,91.02308238318525,91.35399627685547,194673700
2008-08-20,91.64170518865372,92.04455573749503,90.88635492114916,91.77838897705078,225498200
2008-08-21,91.18132557085242,92.39707833476089,91.07341757900004,91.93667602539062,180609800
2008-08-22,92.56252091365124,93.26750946044922,91.9366645184121,93.26750946044922,167715300
2008-08-25,92.65602577429681,93.26749139348047,91.18129649556589,91.37552642822266,171936900
2008-08-26,91.37550568696004,91.98698214419849,91.05898270231387,91.64167785644531,159117200
2008-08-27,91.75682913309394,92.67763373107465,91.57698431353745,92.53376007080078,171032800
2008-08-28,93.00136797080958,93.76390837865127,92.8790747900103,93.656005859375,167537100
2008-08-29,93.32504468854292,93.61999274488284,92.4474013354874,92.6488265991211,189195800
2008-09-02,93.5408910838648,94.03007472410901,91.73524747354752,92.07335662841797,252364900
2008-09-03,91.99420928955078,92.44022636535767,91.31080125109236,91.99420928955078,251947000
2008-09-04,91.3395939809987,91.52663414268385,89.17426067106722,89.22461700439453,340042500
2008-09-05,88.69223828181619,89.88640457743726,87.76423870574267,89.50513458251953,289503400
2008-09-08,92.10934141835386,92.25322609213787,89.50519128038358,91.35399627685547,364075300
2008-09-09,91.43311182403922,91.6201519867603,88.33978399543305,88.64192199707031,377326800
2008-09-10,89.12386476928384,89.85043910336697,88.15989953401177,89.00157165527344,298916600
2008-09-11,87.85060358194004,90.45475317951691,87.476523266075,90.28929901123047,375369400
2008-09-12,89.41161826093,90.79282464985019,89.08070457327784,90.70649719238281,297851200
2008-09-15,87.4981190406353,90.39002745400794,86.24640035566856,86.39027404785156,483607000
2008-09-16,84.31125246138674,87.9944764836596,84.16737879556915,87.83621215820312,581744300
2008-09-17,86.06650495279648,87.6563319180238,83.44796577613664,83.88678741455078,624095600
2008-09-18,84.92271852225642,87.61319524947417,81.86535685864555,86.37586212158203,776114700
2008-09-19,91.67293567486982,92.61354419114005,89.2345982396388,89.80619812011719,501087800
2008-09-22,90.04492728212666,90.26199239777455,87.08563895861877,87.77300262451172,249966500
2008-09-23,87.44022387524737,88.28676837767131,85.58071744982637,85.77607727050781,327470400
2008-09-24,86.35485872981299,86.82516279901334,85.22613337988827,86.05097198486328,311818400
2008-09-25,86.39105733651051,88.20715227532718,85.69645654178859,87.39678192138672,328253000
2008-09-26,85.9786383652203,87.91049735256533,85.74710476584033,87.44019317626953,285917400
2008-09-29,86.20290584677159,86.34761222739341,80.29156132323719,80.58821105957031,459562300
2008-09-30,82.12938319765465,84.50984078576825,79.97322221601569,83.92376708984375,328154400
2008-10-01,83.40283402768203,84.4302697123035,82.44775708944879,83.97443389892578,332783000
2008-10-02,83.17128157586667,83.28705112773939,80.3566992082649,80.92829895019531,365337800
2008-10-03,81.65906294706072,83.53303665647667,79.35819599962421,79.83573150634766,461798000
2008-10-06,77.52768100169273,77.86774730304762,72.81741164330995,75.76947021484375,610637500
2008-10-07,77.30334955513447,77.6578896826182,72.10107792181518,72.37602233886719,540012100
2008-10-08,70.55993531538054,73.93164951027896,70.0462202702731,70.55270385742188,725414800
2008-10-09,72.10830139223151,72.80290204219857,65.2997587950435,65.62535095214844,534485200
2008-10-10,62.774628227743015,67.96967016797682,60.4737599473565,64.0335922241211,871026300
2008-10-13,67.91898641585271,73.33108520507812,65.08269353444868,73.33108520507812,455584000
2008-10-14,75.75498004641527,76.35552230030969,70.2632891401251,72.24579620361328,546268300
2008-10-15,70.51655847542901,70.76256616952061,64.90909558482403,65.13339233398438,484627500
2008-10-16,66.05225011832975,68.57017700956536,62.6154204007752,67.84663391113281,708811200
2008-10-17,66.55875114532078,71.33413614586264,66.3127490562948,67.44147491455078,476649000
2008-10-20,68.98984259722013,71.70312958075158,68.07817662509855,71.49330139160156,321294200
2008-10-21,70.16195877718714,71.37027414495579,68.89575865019505,69.35882568359375,356502000
2008-10-22,67.4342473091493,69.35887553519464,63.33175727388227,65.58197784423828,516168000
2008-10-23,65.32873580470047,66.89158671542808,62.087258866594084,66.3416976928711,634666400
2008-10-24,60.821027379594874,65.06099011952,60.777616562798265,62.97718811035156,545812600
2008-10-27,62.203015569293974,64.7643593978065,60.56056926131081,60.741455078125,397288600
2008-10-28,63.1942788686097,68.18672950867295,61.16112365011276,67.83943176269531,639939500
2008-10-29,67.84662249195561,70.30666971661803,66.63830704579027,67.34738159179688,531270100
2008-10-30,69.30093965075044,69.8508338128783,67.21713803875265,69.67718505859375,414582100
2008-10-31,68.79448369766043,71.3196477334224,68.36035891377698,70.06068420410156,411394000
2008-11-03,70.02451979108403,70.68294684472198,69.42397752637635,70.26329040527344,205419400
2008-11-04,71.67418278874378,72.97656266893381,69.97385748752625,72.65097045898438,346793400
2008-11-05,71.77547903308177,72.86803074682291,68.73659997893371,69.59761810302734,387844100
2008-11-06,68.34588902187265,69.0549637765119,65.16229788384116,65.74113464355469,477721900
2008-11-07,66.31270642343213,68.01303109681365,65.48063100278335,67.91173553466797,380391000
2008-11-10,68.88850838598296,69.12004185801726,65.78450915389625,67.02176666259766,301773000
2008-11-11,65.66874202750174,66.66722904271072,64.14206637195176,64.95243072509766,418498200
2008-11-12,63.838236095586424,64.35918270241498,61.5880156981343,62.0944938659668,454330600
2008-11-13,62.31878008618714,66.37062682919219,59.39566460225216,65.96543884277344,753141900
2008-11-14,64.69201111724789,66.60939650579873,62.6009658365498,62.67332458496094,540352300
2008-11-17,62.49967295518032,64.0769976883122,61.6169546999284,61.841251373291016,415254900
2008-11-18,61.609718020039985,63.1074525498618,59.98898244424096,63.00615692138672,523811800
2008-11-19,62.15960116287053,62.85420199704394,58.54911649247568,58.968772888183594,558327600
2008-11-20,57.97749762696255,59.699533470905315,54.30190344417138,54.59131622314453,814180400
2008-11-21,56.04563982153275,58.534629494847835,53.78818368618687,57.536136627197266,718536500
2008-11-24,59.27265697051118,62.941020733559114,58.14393135732611,61.52287673950195,523305300
2008-11-25,63.16532441148617,63.31726782309139,60.64739161297929,61.97871398925781,454112400
2008-11-26,60.994681955307435,64.5328070648656,60.951265618124545,64.37362670898438,370134200
2008-11-28,64.12763330343549,65.21294812839385,64.01910623709698,65.18400573730469,118308100
2008-12-01,63.31724340294138,63.34618578258894,59.22922474098144,59.41011047363281,369927100
2008-12-02,60.39415860815263,61.8557136083343,59.35949149448938,61.696533203125,469508400
2008-12-03,60.343506188744236,63.54880290266053,60.15538340421597,63.17979431152344,519863500
2008-12-04,62.26812770283712,63.70798268416361,60.58950765442844,61.718238830566406,444173800
2008-12-05,60.524397982313,63.9756970849189,59.50419928242864,63.62116241455078,471905300
2008-12-08,65.36488896092287,66.84091772701767,63.72968533041677,65.8424301147461,412859300
2008-12-09,65.38661822122482,66.66005061463356,64.3808933495155,64.75713348388672,370790000
2008-12-10,65.35042975665868,66.10291544096638,64.39535283430608,65.198486328125,396187400
2008-12-11,64.78605929077058,65.84243170850543,63.215971859491866,63.62839126586914,365061000
2008-12-12,61.8991298002105,64.44599971643544,61.64588523610134,64.38811492919922,415060400
2008-12-15,64.40981466127022,64.50387881227876,62.43454477284402,63.49091720581055,256694200
2008-12-16,66.47911834716797,66.58041390954483,63.80201187830374,66.47911834716797,377699500
2008-12-17,65.7266648593723,66.87710147425395,65.16230201894602,65.83519744873047,281819800
2008-12-18,66.13183213563757,66.32718631920831,63.82372817015107,64.60515594482422,374673300
2008-12-19,64.99100608124341,66.09972222722311,64.25429389154692,64.32723999023438,301451300
2008-12-22,64.61170289832143,64.67734769991915,62.35780343837731,63.502986907958984,243759500
2008-12-23,63.845855126566015,64.13762297562157,62.58396710953839,62.8465576171875,221625200
2008-12-24,63.058060298758036,63.36441948779767,62.72982506800954,63.21124267578125,62061600
2008-12-26,63.63433408227248,63.678102884113564,63.09456708965046,63.575984954833984,74767700
2008-12-29,63.634315204132484,63.69996560491298,62.43807218887659,63.393611907958984,127795900
2008-12-30,63.83123940751002,64.95454148415473,63.37170345137895,64.89618682861328,168256300
2008-12-31,64.97647279634838,66.35507058936948,64.82329588212498,65.82259368896484,193987200
2009-01-02,65.96843700559234,68.15668673662253,65.53807833135285,67.80656433105469,227566300
2009-01-05,67.56586106765674,68.31716487821441,67.02609431459263,67.72633361816406,240349700
2009-01-06,68.30258074373441,68.89340650205018,67.60234136517293,68.17858123779297,328260900
2009-01-07,67.10633307916042,67.29598296997754,65.79338085813036,66.1362075805664,280899200
2009-01-08,65.76422027152319,66.44257254189564,65.4068020386284,66.4061050415039,263834400
2009-01-09,66.49360088529563,66.6103046140713,62.26298359082331,64.98370361328125,330953600
2009-01-12,64.80137618462399,64.85244069542298,63.02889896715227,63.42277908325195,277858500
2009-01-13,63.262328593262815,64.10115355514176,62.87573297138579,63.53950500488281,356432300
2009-01-14,62.39430595389419,62.547482794978905,60.65829618992617,61.540889739990234,435491600
2009-01-15,61.35853885911798,62.182777781142505,59.6079375505182,61.562774658203125,532647300
2009-01-16,62.62771740129276,62.72253956751836,60.578058284743506,62.04418182373047,399237200
2009-01-20,61.43878379320494,62.04419554997907,58.38982113417537,58.76911544799805,419855200
2009-01-21,59.76841751371212,61.44607290287001,58.69617387096294,61.30748748779297,364360700
2009-01-22,60.118502204990854,61.30015885211729,59.20673164656158,60.35921096801758,427940300
2009-01-23,59.009838111461846,61.26373403513012,58.769129158931186,60.621849060058594,386800600
2009-01-26,60.97195487205397,62.263025877579445,60.40301059097869,61.03760528564453,317978800
2009-01-27,61.36581738708346,62.10982544558057,60.76040583027581,61.65758514404297,273789700
2009-01-28,63.021600078358155,64.15219255412572,62.78089124670813,63.74372100830078,330007000
2009-01-29,62.810060602365155,63.81665345457633,61.613817885821994,61.67217254638672,294392500
2009-01-30,61.98584214345009,62.29219586400049,59.965354490039836,60.41759490966797,383383600
2009-02-02,59.49852463889632,60.67288606272895,59.30887472389631,60.23523712158203,288233300
2009-02-03,60.614537352804774,61.533604115181916,59.972652546943074,61.081363677978516,278385800
2009-02-04,61.48985347432963,62.27032941822637,60.57078652380312,60.782318115234375,322989300
2009-02-05,60.32275640140602,62.21194847108648,56.69756022500604,61.686767578125,417679400
2009-02-06,61.89827261546309,63.707222067788116,61.76697744835844,63.444637298583984,366101700
2009-02-09,63.43008195652857,63.999026149464136,62.96325566668357,63.53219985961914,240075200
2009-02-10,62.92680395259608,63.48116244675481,60.14043115499727,60.621849060058594,536212800
2009-02-11,60.86981155836044,61.307465959684315,60.10392748605742,60.979225158691406,324442500
2009-02-12,59.9361864893036,61.13972551043612,59.11924310720883,61.02302169799805,469302200
2009-02-13,60.94274816173205,61.44604174073147,60.35191703811514,60.36650848388672,293998400
2009-02-17,58.47004294654753,60.51240628382747,57.74791643634151,57.78438949584961,478910100
2009-02-18,58.20016750324822,58.30958113693319,57.0987465701677,57.645809173583984,362964800
2009-02-19,58.23664712485199,58.462770165531275,56.90910848687093,57.02581787109375,316867500
2009-02-20,55.96816452820656,57.1425206875344,55.26791936517743,56.471458435058594,477176600
2009-02-23,57.09142316940135,57.09142316940135,54.407170407204156,54.4509391784668,379641400
2009-02-24,54.91778111376597,56.85802653960966,54.487422389664296,56.51520538330078,426260900
2009-02-25,56.267222106919455,57.20087489640791,55.16580097322154,56.070281982421875,461985800
2009-02-26,56.763223264069126,58.112643423880655,55.09285788559628,55.15850830078125,363353900
2009-02-27,53.9841397451846,55.20956021037554,53.838253043966255,53.925785064697266,470510900
2009-03-02,52.897293369721176,53.91847779967873,51.32905201354459,51.4968147277832,426452600
2009-03-03,52.23353970903545,52.29918455261611,50.79658766167615,51.11023712158203,443761000
2009-03-04,51.95635942192633,53.15260248979949,51.11023329025546,52.321067810058594,462753100
2009-03-05,51.13211061348819,52.321063420659264,49.72433613080049,50.18387222290039,485549400
2009-03-06,50.62151141213076,51.387395476787844,48.943851063822585,50.27138900756836,490470000
2009-03-09,49.56386697082341,51.05917356553158,49.403399957081554,49.68057632446289,379905300
2009-03-10,50.70173819957229,52.787869658933595,50.59962034338026,52.64198303222656,406227900
2009-03-11,53.24742324129536,53.794485808842914,52.39400697152315,52.984832763671875,356648300
2009-03-12,52.97023923108886,55.253311346698275,52.49611729465036,55.07095718383789,409702700
2009-03-13,55.442963151132346,56.15049821789381,54.5093106954087,55.501312255859375,337474700
2009-03-16,56.13593769039245,56.87265049783889,55.29710693716263,55.333580017089844,360644900
2009-03-17,55.486747647966126,57.15711314583956,55.03450713161729,57.02581787109375,356814300
2009-03-18,56.75591492917494,59.00981555635315,56.21614809815496,58.30228042602539,473273200
2009-03-19,59.0316920518998,59.08275099682762,57.397800249202014,57.58015441894531,428520400
2009-03-20,57.86005508949375,57.97025184311812,56.22181088453861,56.35404586791992,371078200
2009-03-23,57.845352756721404,60.453318014374226,57.52945842076491,60.401893615722656,419933300
2009-03-24,59.681959628073464,60.50475579329407,59.14567729565994,59.2117919921875,330271000
2009-03-25,59.674604251997714,60.75451662660216,58.08043667980818,59.836219787597656,441775100
2009-03-26,60.423966580112676,61.1953386081787,59.74075311677607,61.055755615234375,422025200
2009-03-27,60.27701199280867,60.629634870922615,59.73337618138697,59.95376968383789,322332300
2009-03-30,58.62407699508922,58.67550139787209,57.27234102862025,57.8820915222168,324108500
2009-03-31,58.44774783143415,59.56439978148066,58.07308680521918,58.41836166381836,364238300
2009-04-01,57.69107748655082,59.81417924786458,57.54415223992576,59.54970932006836,377018300
2009-04-02,61.03369521303241,62.157689882192514,59.601148481780285,61.29081726074219,476230700
2009-04-03,61.33488444743922,61.91524875582385,60.73248191041863,61.90055847167969,284646300
2009-04-06,61.22468026132958,61.9152412338383,60.45331432858566,61.415687561035156,264866600
2009-04-07,60.4239510563838,60.717807258477244,59.88032072565749,59.98316955566406,258947800
2009-04-08,60.28436190495385,60.930846604099926,59.902352804873225,60.629642486572266,230402800
2009-04-09,62.20175925703877,63.046593550234526,61.95198518339879,63.03924560546875,269653500
2009-04-13,62.38541321015504,63.57552794079884,62.1356391582639,63.05393600463867,224847500
2009-04-14,62.46622470600896,63.00251253836228,61.768321334365396,61.966670989990234,276598800
2009-04-15,61.59203047843519,62.752759547913016,61.42306692310052,62.627872467041016,250726100
2009-04-16,63.12743354108046,64.02369265555103,62.27525090606179,63.54617691040039,335202900
2009-04-17,63.78859246814942,64.39099515448038,63.28169066452479,63.972251892089844,262649000
2009-04-20,62.840903097444375,63.950207480238326,61.2246969599938,61.29081726074219,293690100
2009-04-21,60.84267207850237,62.539682758018756,60.79124768230002,62.488258361816406,114090900
2009-04-22,61.922614220739376,63.42861818698087,61.76099302522719,62.10627365112305,340395200
2009-04-23,62.23116270414589,62.752754830496315,61.437752594412345,62.716026306152344,324903700
2009-04-24,63.20085208508118,64.14118702251344,62.95107806944252,63.66367721557617,287703000
2009-04-27,62.94376686638891,63.92083648459151,62.840918022877226,63.06130599975586,289581600
2009-04-28,62.42214134539542,63.61225035717791,62.26786816256578,62.86292266845703,247926300
2009-04-29,63.56082227675121,64.91255794123128,63.39920676471097,64.19995880126953,311505700
2009-04-30,65.05215942666662,65.39743437841842,63.854696593819675,64.22201538085938,301419800
2009-05-01,64.2367066173156,64.8023750422464,63.707766705524,64.56729125976562,236110300
2009-05-04,65.05211667059918,66.80789887025868,64.92722410541408,66.7638168334961,287120000
2009-05-05,66.53614044189453,66.80061047888502,65.9998524210968,66.53614044189453,243036300
2009-05-06,67.35158909736668,67.73359826097095,66.56552692960685,67.68952178955078,291941000
2009-05-07,68.32864806304984,68.43149688365645,66.32308485154016,66.74917602539062,317728000
2009-05-08,67.60870853924679,68.48292922042893,67.17527497435748,68.3066177368164,299081700
2009-05-11,67.36624520381872,67.66744921859872,66.88138744969567,67.02831268310547,247923600
2009-05-12,67.31482912749739,67.46175998389694,66.00717533215632,66.82997131347656,282431300
2009-05-13,65.9263733248782,66.12472860557025,65.01542431624306,65.14765930175781,269619100
2009-05-14,65.17702337209624,66.20551673230472,65.01540226629861,65.70596313476562,260098700
2009-05-15,65.65451032428608,66.1173296138422,64.75825229274699,65.16964721679688,271502700
2009-05-18,65.7868046024907,67.10180107978316,65.06685723057255,67.02099609375,241447400
2009-05-19,66.9842467440569,67.56461103531159,66.7124288542776,66.94017028808594,206102200
2009-05-20,67.54990899291455,68.17435528809195,66.4185722905705,66.49203491210938,285722200
2009-05-21,65.72064661411825,65.97042618945947,64.8390841707856,65.5369873046875,258988400
2009-05-22,65.72062672387203,66.11733138476087,65.14761074864447,65.39738464355469,166811900
2009-05-26,64.91258177580823,67.26341996220786,64.8831955978732,67.07241821289062,236318500
2009-05-27,67.17525817337155,67.40299401628116,65.77209778745075,65.87494659423828,246015800
2009-05-28,66.45530322352933,67.10178216343242,65.45619584059976,66.7932357788086,289095000
2009-05-29,67.16056503576628,68.83553779189626,66.6169348054946,67.97601318359375,258641500
2009-06-01,68.81348957511818,69.91544576579203,68.6371781539653,69.62158966064453,276246800
2009-06-02,69.34977428623509,70.06237348777951,69.2248872687047,69.68035888671875,230874500
2009-06-03,69.08532108392778,69.15143577809008,68.14498584579658,68.79881286621094,235310500
2009-06-04,69.05593259079166,69.54813842473465,68.54168852620046,69.4452896118164,210102300
2009-06-05,70.15053161838914,70.2827665894022,68.90899808454115,69.45997619628906,284257900
2009-06-08,68.93837255984475,69.86401727514172,68.35066598881644,69.1734619140625,238565100
2009-06-09,69.56284954649738,69.89343428828492,69.07063799994012,69.52611541748047,225125500
2009-06-10,70.1432024555908,70.15054479630916,68.4608816324458,69.34979248046875,296100400
2009-06-11,69.48202899073391,70.6060236775683,69.4673330992964,69.65834045410156,275414200
2009-06-12,69.34976584386123,69.8933959047496,69.05590978762713,69.84931945800781,184361800
2009-06-15,69.02655502047898,69.07063148727038,67.8805220451777,68.24784088134766,224190500
2009-06-16,68.49028155511189,68.53435802762871,67.27812811732693,67.32220458984375,227319000
2009-06-17,67.29277098006686,67.82905863870357,66.72710276368663,67.25604248046875,223445200
2009-06-18,67.358880824378,68.07882207928076,67.03563869084158,67.74823760986328,211725100
2009-06-19,68.39689329959518,68.48554412120266,67.61377534424932,67.9979476928711,215655600
2009-06-22,67.33304468077786,67.36998628425307,65.93673774417395,65.95890045166016,251913600
2009-06-23,66.09929950900366,66.40219936587378,65.64124936165162,66.0106430053711,188309800
2009-06-24,66.60908098376636,67.28876410323309,66.19535616785093,66.57952880859375,211577700
2009-06-25,66.24703956492196,68.09400736122177,66.17316198036966,68.02751922607422,279411000
2009-06-26,67.79851246704091,68.14574342254922,67.42911879292572,67.85022735595703,167579000
2009-06-29,68.0496910620896,68.57422931019055,67.67290800290472,68.4855728149414,168481300
2009-06-30,68.50035739827582,68.75154236757037,67.42911246202065,67.93148803710938,228888200
2009-07-01,68.2196259421987,68.87715191504877,68.12358560915347,68.21224212646484,173041100
2009-07-02,67.32569352428443,68.23440450352949,66.31355839678038,66.35049438476562,212309900
2009-07-06,65.70772886269414,66.43912654002241,65.50086936902542,66.34308624267578,174499600
2009-07-07,66.27661753505275,66.35788460065632,65.01329174680737,65.0576171875,197088900
2009-07-08,65.44914153824158,65.60429177763713,64.27447284351696,65.01325988769531,248050500
2009-07-09,65.46392309680118,65.67817202470229,64.94677439945237,65.13885498046875,163777600
2009-07-10,64.79164023627092,65.375282846149,64.53306582341341,64.98372650146484,173520300
2009-07-13,65.2422979753049,66.61644266344499,64.71037027196046,66.56472778320312,217413500
2009-07-14,66.7715971242759,67.0006250303152,66.2913898670484,66.94152069091797,181487400
2009-07-15,67.82805474104556,69.08399643169184,66.99322718848899,68.89929962158203,220877900
2009-07-16,68.70720799559886,69.8227782197686,68.57422607724419,68.7884750366211,231174500
2009-07-17,69.49034595585265,69.68243227166039,69.1061789607381,69.54206085205078,138561700
2009-07-20,69.94834799593708,70.39900848213348,69.58634397204881,70.28079986572266,164179400
2009-07-21,70.82753442173528,70.84969713699957,69.75628954646693,70.60589599609375,217718300
2009-07-22,70.15522290599411,71.01960246721279,70.10350803403654,70.59111022949219,196068100
2009-07-23,70.635469714914,72.460275648467,70.5763653651752,72.14998626708984,258795500
2009-07-24,71.81011525955276,72.50457704742286,71.43333783704801,72.44547271728516,154003100
2009-07-27,72.31249048206838,72.69666298981386,71.91354471010152,72.65972137451172,159259400
2009-07-28,72.14995972714226,72.67449795599843,71.70668290365913,72.31987762451172,186685200
2009-07-29,71.98744108749048,72.46764835512201,71.64759958334348,72.14258575439453,194399300
2009-07-30,73.0143497249779,73.75313702005245,72.84442616705087,72.8961410522461,225575400
2009-07-31,72.88137733158781,73.48718276743054,72.68190157935274,72.99958038330078,207358000
2009-08-03,73.76791654406053,74.27029217279069,73.36897069449537,74.20380401611328,175776900
2009-08-04,73.87135090209078,74.4993190678026,73.71620622372672,74.39588928222656,176714600
2009-08-05,74.4475759155568,74.51406968761573,73.56842307187695,74.1816177368164,184726400
2009-08-06,74.52148419694831,74.63229779347988,73.45023912630693,73.79747009277344,193203800
2009-08-07,74.57318579437494,75.37846118029431,74.16685055785642,74.76526641845703,220640900
2009-08-10,74.42544108947374,74.7800615214944,74.0782101096724,74.61013793945312,130898700
2009-08-11,74.27766847466738,74.32938335509442,73.47977691679367,73.67925262451172,157301000
2009-08-12,73.55364929594467,75.03122364507333,73.51671331911575,74.4697494506836,219052400
2009-08-13,74.80962057194995,75.06819505839461,74.07083310410748,75.03864288330078,176449500
2009-08-14,75.00169876211767,75.06080311034059,73.65710584080107,74.46238708496094,199616100
2009-08-17,73.02915687730122,73.10303451378891,72.48245560348946,72.63021087646484,237667500
2009-08-18,72.7927549743103,73.46505452188293,72.65977295591699,73.20647430419922,173461500
2009-08-19,72.63014436837749,74.10033447977715,72.55626679954015,73.8491439819336,192812800
2009-08-20,73.94522815222722,74.7800615214944,73.78269965890583,74.61013793945312,174131300
2009-08-21,75.22330776942228,76.19111713715594,75.07555259327164,76.07291412353516,224605000
2009-08-24,76.38321524998287,76.79693431672091,75.79218318050034,76.06553649902344,191279000
2009-08-25,76.36843962814957,77.02595982599735,76.05076088699285,76.21329498291016,215310600
2009-08-26,75.97690190330823,76.56793414319715,75.71832741204477,76.220703125,194620700
2009-08-27,76.17635313480292,76.62701380429691,75.3119734125929,76.3906021118164,196230100
2009-08-28,77.00382841561914,77.09247931379646,75.85131601079885,76.3758544921875,147024400
2009-08-31,75.62967119964728,75.78481588348801,75.20117313770574,75.69615936279297,176051600
2009-09-01,75.31939815415794,76.272434892601,73.87137504631883,74.02651977539062,321276800
2009-09-02,73.71618300524331,74.20378524352155,73.56103837574535,73.74573516845703,171805000
2009-09-03,74.1742356958926,74.44758335138563,73.57581423358563,74.35893249511719,143572300
2009-09-04,74.50670275291175,75.42279748417572,74.2850699309044,75.400634765625,142687900
2009-09-08,76.09508379141322,76.13202540707668,75.64442313551501,76.0507583618164,132909100
2009-09-09,76.18375393621282,76.89298911932455,75.94734220850891,76.63441467285156,154612500
2009-09-10,76.6861359120682,77.46924876808852,76.25763785871717,77.41753387451172,162902400
2009-09-11,77.56528987201509,77.79431780569826,77.04075147867742,77.40275573730469,152360100
2009-09-14,76.74519230157136,77.91247712605318,76.20588094259395,77.77949523925781,149593800
2009-09-15,77.90513086938417,78.39273327013285,77.3953713844659,78.10460662841797,196795900
2009-09-16,78.38533775978512,79.30143250786087,78.11199004397636,79.28665924072266,206406300
2009-09-17,79.17584084664706,79.83336115300493,78.73256955331034,79.16845703125,229170900
2009-09-18,79.53814037683931,79.54556502736882,78.95171757868498,79.21894836425781,153799100
2009-09-21,78.60284952328767,79.42681034535894,78.43212216785321,79.01853942871094,151892000
2009-09-22,79.48616915643198,79.7014386879314,79.1298595993489,79.47874450683594,143126700
2009-09-23,79.66428261720837,80.1913192169496,78.67701424177196,78.81805419921875,225947400
2009-09-24,78.98879943555076,79.15952667705433,77.60810955579487,77.94956970214844,228636800
2009-09-25,77.77886751255255,78.20940660493851,77.26667425908137,77.53390502929688,204059000
2009-09-28,77.83082859269143,79.09275293045374,77.81598495586186,78.9220199584961,118285800
2009-09-29,79.06304894513198,79.441621096545,78.52116283132335,78.6844711303711,133733900
2009-09-30,78.95169834492997,79.02592784209484,77.66008697154884,78.38011932373047,254383000
2009-10-01,76.45755576044841,78.48405463315679,76.42043817677886,76.43528747558594,281840600
2009-10-02,75.73008699216511,76.53177916339327,75.70781870907783,76.07897186279297,224748800
2009-10-05,76.38331936050533,77.43739294672004,76.1606252052892,77.2146987915039,149875000
2009-10-06,77.77144415511582,78.76613774152864,77.72690758045587,78.32075500488281,202491100
2009-10-07,78.14257604509784,78.61765725294221,77.99411706119768,78.53600311279297,159200300
2009-10-08,79.09276200503717,79.5529884230897,78.5731440428062,79.13729858398438,183305800
2009-10-09,79.15952675778688,79.61975860595703,78.95168194356373,79.61975860595703,135008300
2009-10-12,79.99093494026985,80.23589173492816,79.63462539559254,79.93154907226562,118031000
2009-10-13,79.71625016523205,79.95378788634564,79.24859936960577,79.7682113647461,157692700
2009-10-14,80.70354436807034,81.2231565289946,79.73854388252781,81.1415023803711,191421600
2009-10-15,80.74805537989538,81.43840026855469,80.71094347348763,81.43840026855469,173873600
2009-10-16,80.76289945943905,81.11177854121058,80.33978524295232,80.82970428466797,192069400
2009-10-19,80.96331859758462,81.75016117839706,80.71093726537896,81.4977798461914,159530400
2009-10-20,81.61656575339316,81.6462586814782,80.67383935591803,81.0672607421875,180921100
2009-10-21,80.94107183584576,81.88379825417509,80.2804197455436,80.33980560302734,225379300
2009-10-22,80.31011290289693,81.41614760078146,79.79791979149904,81.15634155273438,238444000
2009-10-23,81.42353703984126,81.47549822698174,79.89438301492429,80.22842407226562,240033200
2009-10-26,80.31756341053568,81.14152410297721,79.13729875902985,79.35999298095703,242028200
2009-10-27,79.44903067907092,79.71626136077245,78.80322791774788,78.99622344970703,253266300
2009-10-28,78.79582293410401,79.04078539735349,77.45966919215067,77.50421142578125,248821400
2009-10-29,78.0831952385588,79.32284530080143,77.8976186784621,79.16696166992188,198110600
2009-10-30,78.90718441662271,79.14472227370503,76.78418734123427,76.87326049804688,325608100
2009-11-02,77.29639125633682,78.24654854805404,76.5169726533877,77.43743133544922,254222900
2009-11-03,77.00686387920534,77.79371250946902,76.85840486545283,77.68236541748047,228362600
2009-11-04,78.32071499085669,78.92940574140746,77.68233131791978,77.88275146484375,247996700
2009-11-05,78.43209655631975,79.33770560264918,78.2687882429879,79.31543731689453,180015300
2009-11-06,78.87749708469411,79.72372611467536,78.72161338583963,79.52330017089844,170954100
2009-11-09,80.13196489783586,81.3790397407119,80.07258469644006,81.33450317382812,159495700
2009-11-10,81.14152032404239,81.60175238502822,80.88913883673823,81.349365234375,171899800
2009-11-11,81.88381123646583,82.26238905876255,81.37162370866811,81.76504516601562,169466200
2009-11-12,81.65369280053294,82.07680716396543,80.7258099277996,80.93365478515625,157144500
2009-11-13,81.14149376199114,81.72049172647974,80.7258040774039,81.37161254882812,150963000
2009-11-16,81.93576431745137,82.9081893854754,81.89122775337378,82.5518798828125,210922200
2009-11-17,82.3366623984159,82.68554747301656,82.02489492622634,82.64842987060547,147134100
2009-11-18,82.58900130262626,82.71519201561293,82.07680813852458,82.59642028808594,156486800
2009-11-19,82.03224303474654,82.62608447575104,81.00785706290972,81.52005004882812,208734600
2009-11-20,81.096983056581,81.47556094766294,80.91883108686261,81.23059844970703,134196000
2009-11-23,82.18816825630633,82.945318317695,82.09908944652884,82.26239776611328,148010200
2009-11-24,82.39602023167815,82.54447926405327,81.66113839372795,82.38859558105469,138420100
2009-11-25,82.52215597168443,82.7671183088417,82.26235000652304,82.67803955078125,109564800
2009-11-27,80.4660061395076,81.89123291326658,80.38435199132213,81.33450317382812,126001800
2009-11-30,81.26771633281909,81.80217224390589,80.25817906185122,81.60917663574219,160874800
2009-12-01,82.33664089568589,82.88595181848883,82.19560650272795,82.61872100830078,159613700
2009-12-02,82.60383413709658,83.1457201622327,82.33660344844684,82.5815658569336,132315100
2009-12-03,82.80427081077126,83.27192174537373,81.86896327821863,81.9357681274414,167324900
2009-12-04,83.01953707262007,83.42038316966776,81.68338907914229,82.40342712402344,274907800
2009-12-07,82.32918091956527,82.7894071253788,82.0174080206649,82.27721405029297,127973800
2009-12-08,81.68339638311326,82.22527687997301,81.11181728750421,81.36420440673828,169863700
2009-12-09,81.34192241750486,81.78730504678995,80.92622705527104,81.66853332519531,155063400
2009-12-10,82.17329785328087,82.4850707757609,81.9877212947474,82.1287612915039,138014600
2009-12-11,82.47767639160156,82.66325301822954,82.10652313834564,82.47767639160156,124854000
2009-12-14,83.04179382324219,83.13829158717249,82.49248317621733,83.04179382324219,107141500
2009-12-15,82.73746928021353,83.07892953889915,82.3960090215279,82.65581512451172,120408800
2009-12-16,82.98985585443523,83.2348126565911,82.59642871437636,82.7820053100586,155358200
2009-12-17,82.188176818175,82.3440605040132,81.71310110990166,81.7873306274414,183390100
2009-12-18,82.24255826663635,82.31719309443282,81.55596112407727,82.2500228881836,174591200
2009-12-21,82.66049176693208,83.36201245960672,82.66049176693208,83.08588409423828,118039600
2009-12-22,83.26500349134572,83.56352575127181,83.16052155444737,83.38441467285156,91707500
2009-12-23,83.5858708652531,83.66796458678833,83.21271965603323,83.54855346679688,111783100
2009-12-24,83.72769386852679,84.0336749859832,83.58589454682124,83.94412231445312,39677500
2009-12-28,84.25756467621817,84.32472917717438,83.82470780171039,84.12322998046875,87508500
2009-12-29,84.33965426702964,84.35457781300647,83.99635577119555,84.00381469726562,80572500
2009-12-30,83.75753814636646,84.07098385254685,83.71275612131453,83.97396087646484,73138400
2009-12-31,84.1605778243465,84.18297169478258,83.13068184402408,83.16799926757812,90637900
2010-01-04,83.8620261315511,84.62325228661169,83.22020543300488,84.57847595214844,118944600
2010-01-05,84.52625503641553,84.83970083964267,84.2202681614759,84.80238342285156,111579900
2010-01-06,84.72026885988491,85.07103199378142,84.65310435875766,84.86206817626953,116074400
2010-01-07,84.705355715919,85.32478831807188,84.46653908174217,85.22030639648438,131091100
2010-01-08,84.99642014981153,85.5412236652143,84.8247737050373,85.50390625,126402800
2010-01-11,85.88450341271869,85.92181512591176,85.2576062764038,85.62329864501953,106375700
2010-01-12,85.0561124324062,85.23522347097492,84.49638545477134,84.82476043701172,163333500
2010-01-13,85.04117928880476,85.780022964942,84.60832810661252,85.54120635986328,161822000
2010-01-14,85.44418514566136,85.92928298615783,85.39194419015172,85.7725601196289,115718800
2010-01-15,85.62332564036059,85.70541371280088,84.48147753498175,84.80985260009766,212283100
2010-01-19,84.79489609230204,85.92180882080004,84.77250223342521,85.86956787109375,139172700
2010-01-20,85.28745647149218,85.41432654139966,84.31726655040133,84.99639892578125,216490200
2010-01-21,85.01880778399868,85.28001260733325,83.25753284117398,83.36201477050781,344859600
2010-01-22,82.9888484950418,83.39185259032735,81.41414952217748,81.50370788574219,345942400
2010-01-25,82.25001347320418,82.39927741787325,81.6529747760398,81.92163848876953,186937500
2010-01-26,81.60072679092188,82.44405240646186,81.3768394183346,81.57833862304688,211168800
2010-01-27,81.47386054289906,82.1529987008524,80.84696903756134,81.96642303466797,271863600
2010-01-28,82.2350818519663,82.2798581840523,80.53351290665691,81.02606964111328,316104000
2010-01-29,81.37683188217724,81.94402342244543,80.01856144978737,80.14543151855469,310677600
2010-02-01,80.71264448897995,81.39924166043562,80.2275465570765,81.39177703857422,187865000
2010-02-02,81.54104424043473,82.53362262151396,81.25744553683631,82.37689971923828,216327900
2010-02-03,82.00373475160237,82.451520905515,81.72760640970539,81.96642303466797,172730700
2010-02-04,81.33207197205677,81.36938369131416,79.42153315957053,79.43646240234375,356715700
2010-02-05,79.52599690473757,79.76481348997739,78.04832106289004,79.60063171386719,493585800
2010-02-08,79.66034181998519,80.10066333628377,78.9662801403368,79.02598571777344,224166900
2010-02-09,79.95138450193477,80.71261623788105,79.30956389862169,80.0185546875,337820500
2010-02-10,79.89166918363674,80.30213206157535,79.19014314963626,79.86181640625,240511500
2010-02-11,79.75737837692637,80.78727414067001,79.2946686138216,80.69771575927734,223591600
2010-02-12,79.84694154661064,80.67533817826865,79.48871936168982,80.63056182861328,304622100
2010-02-16,81.24250954191862,81.98134759485656,80.46635407774806,81.89925384521484,159317500
2010-02-17,82.29479718435984,82.39928480191026,81.89925765975663,82.28733825683594,168845100
2010-02-18,82.15302813729626,82.94410742334375,82.12317533674963,82.7724609375,193708600
2010-02-19,82.55601685056018,83.26500222499317,82.36197653048356,82.944091796875,222684900
2010-02-22,83.25006484803964,83.27245301705356,82.71272601635542,82.9590072631836,132346900
2010-02-23,82.73509696620349,82.98883708733521,81.73504863896143,81.95147705078125,207497000
2010-02-24,82.19779035492091,82.83961122169518,81.98882648087134,82.70527648925781,176350700
2010-02-25,81.52611714025633,82.6530359744537,81.30222971419074,82.59333038330078,259634700
2010-02-26,82.66794938873923,82.92915989454447,82.17539255672045,82.64556121826172,173589300
2010-03-01,82.98884122789293,83.58588554503497,82.96645306242152,83.50379180908203,147709700
2010-03-02,83.86202897324905,84.13815730357858,83.58589494908229,83.73515319824219,160992400
2010-03-03,83.95160812640228,84.30983600875541,83.60084486701291,83.809814453125,150785000
2010-03-04,83.92173825938079,84.18294876543304,83.60829248472353,84.06353759765625,135770400
2010-03-05,84.60834655864775,85.33225545822286,84.40684162345113,85.26509094238281,176118800
2010-03-08,85.2725551100356,85.46658972843198,85.13075576334437,85.28001403808594,114631200
2010-03-09,85.02628959777262,85.81736884949302,84.98151324581539,85.42182922363281,154556700
2010-03-10,85.45913061299534,86.03378123271234,85.3845014757882,85.80242919921875,186088800
2010-03-11,85.60089476614608,86.18301550096565,85.33969002901718,86.1606216430664,160791100
2010-03-12,86.53376980986359,86.54869904793094,85.92926662636467,86.16808319091797,162074800
2010-03-15,86.01882907476055,86.25018103131137,85.52626668410052,86.19047546386719,146816800
2010-03-16,86.42929673836895,86.95917086710996,86.19048014944573,86.87708282470703,168673000
2010-03-17,87.13831149246626,87.67565038846406,86.88456559431698,87.39205169677734,177468100
2010-03-18,87.39946994141638,87.51887535836735,86.99646598326596,87.34722900390625,196509100
2010-03-19,86.90511322021484,87.89428905639538,86.56789067682013,86.90511322021484,226641100
2010-03-22,86.41053545549592,87.52710969209247,86.35807936981776,87.36973571777344,184477800
2010-03-23,87.49714213426971,88.05917412639091,87.21237559919918,87.98423767089844,182941600
2010-03-24,87.65452093807443,87.99923324858663,86.61288864490245,87.55709838867188,196072600
2010-03-25,88.14908088529684,88.55374453821189,87.30978357609598,87.4146957397461,223396300
2010-03-26,87.57957864581151,87.99173203175904,87.01754662355864,87.36225891113281,205808500
2010-03-29,87.80440151685043,88.0741773863699,87.44470416901534,87.91680908203125,134513500
2010-03-30,88.0216910704042,88.29896220703534,87.60953776259954,87.97673034667969,145772500
2010-03-31,87.6395308619572,88.06667500175536,87.38474573733077,87.677001953125,161078700
2010-04-01,88.27649688720703,88.6137138071701,87.75193024613803,88.27649688720703,161215200
2010-04-05,88.61371962142631,89.05584875515576,88.36642414800866,88.99590301513672,105847600
2010-04-06,88.74111899904598,89.36310255248236,88.64370216140463,89.20573425292969,110384200
2010-04-07,89.02584840133042,89.44549702486422,88.28396223393268,88.69612121582031,184576300
2010-04-08,88.38889934297049,89.15326608566326,88.12661887921722,89.00338745117188,158704000
2010-04-09,89.19073178887002,89.62537125458762,89.02587386624279,89.58790588378906,133006500
2010-04-12,89.70031754363073,89.96260375439091,89.59540534624104,89.73029327392578,110279000
2010-04-13,89.64035359866239,89.95509012692354,89.17573844935917,89.79772186279297,125043600
2010-04-14,90.12740357844302,90.81683349609375,89.98502609795793,90.81683349609375,161609000
2010-04-15,90.66700009996977,91.10163954953345,90.63702437407382,90.89181518554688,144615300
2010-04-16,90.56959792756362,90.89182988645676,88.98841386384215,89.4455337524414,366786700
2010-04-19,89.18323277716618,89.87265727412313,88.77856908096499,89.78273010253906,217947800
2010-04-20,90.34477934828222,90.65952165040918,89.82771373526774,90.58457946777344,157708000
2010-04-21,90.6370146066366,90.84684466529609,89.91761441451473,90.4197006225586,192910100
2010-04-22,89.78273178916164,90.80188355045414,89.2656662653729,90.6894760131836,115360300
2010-04-23,90.62952549123965,91.31894996470713,90.39721506855041,91.28147888183594,177335500
2010-04-26,91.31143255905306,91.51376721005192,90.84682326041583,90.9367446899414,143457300
2010-04-27,90.4122163395131,90.9292818963118,88.61371278022071,88.78607177734375,355853300
2010-04-28,89.21325093724771,89.68535594874038,88.62873261983955,89.46054077148438,300674100
2010-04-29,90.00006790363612,90.75693936074231,89.97758753554247,90.56959533691406,193775000
2010-04-30,90.5845481921396,90.68197070901519,89.01086009398684,89.03334045410156,270000900
2010-05-03,89.4605127480961,90.43470392132477,89.32562482745344,90.18740844726562,182747900
2010-05-04,89.1832554662887,89.19824047338935,87.61705637046325,88.06668090820312,360353400
2010-05-05,87.34727487434543,88.2765053387048,86.90514572729664,87.5421142578125,328973200
2010-05-06,87.12245725929161,87.67699391053546,78.6844817145831,84.63452911376953,647356600
2010-05-07,84.40970126319448,85.25649397542887,81.98922029799286,83.37556457519531,637558800
2010-05-10,86.78519927883339,87.41467784918711,86.1107657126241,87.0474853515625,396159600
2010-05-11,86.23068177909808,87.94675322034588,86.11078461198639,86.80020904541016,317849800
2010-05-12,87.14494788312759,88.14161947431552,86.99506923184784,88.01422119140625,235607100
2010-05-13,87.7744007135651,88.18655976240574,86.84517616024262,86.92011260986328,234452500
2010-05-14,86.26813973164855,86.42550795550696,84.58204426808696,85.34640502929688,345601400
2010-05-17,85.57873192854125,85.81853200588266,83.7577481259133,85.39138793945312,325739800
2010-05-18,86.0882841700491,86.34307489823846,83.95256442431204,84.2298355102539,360556800
2010-05-19,83.75774904261449,84.50712500716867,82.70113190558125,83.75025939941406,394742700
2010-05-20,81.96673187349181,82.34891517395816,80.53542691258336,80.58788299560547,530418300
2010-05-21,79.36641853294117,81.9667485693091,78.95425942718313,81.76441955566406,500909400
2010-05-24,81.32229434370578,81.97425362886943,80.64036504483707,80.71530151367188,269823000
2010-05-25,78.76691354434186,80.83519295052858,78.21986653674242,80.79772186279297,396505200
2010-05-26,81.2923482131107,82.03422919192101,80.07086111482333,80.31066131591797,349719300
2010-05-27,81.82438751553143,83.0308836314404,81.51714053521171,83.00090789794922,300870500
2010-05-28,82.9109563643749,82.97090781376244,81.56957270007452,81.9592514038086,297933500
2010-06-01,81.1948943246839,82.39389486788139,80.46050899328787,80.58040618896484,277909400
2010-06-02,80.99253906791193,82.68612428522438,80.56539508410711,82.67863464355469,240243700
2010-06-03,82.91846394759148,83.22570516574339,82.11663177501383,82.96342468261719,226618300
2010-06-04,81.38971574140557,81.92926729611669,79.7785564369999,80.04833221435547,398475600
2010-06-07,80.33309067721358,80.64033752706307,78.99171290613083,79.0516586303711,264609100
2010-06-08,79.11161340753078,80.05582864085729,78.42218895278384,79.8984603881836,357774300
2010-06-09,80.3630823060949,81.14243404833485,79.13410609798562,79.47132873535156,268023300
2010-06-10,80.82771475302275,81.89182755016574,79.46385034219942,81.7944107055664,317890600
2010-06-11,81.0749826875277,82.24400729425207,81.02252660177172,82.1915512084961,214128200
2010-06-14,82.82101341374293,83.27064348121465,81.98171615133452,82.06414794921875,207196100
2010-06-15,82.64119458138468,84.00505884129494,82.49881129425194,83.93012237548828,238268700
2010-06-16,83.49545993126392,84.24483581802942,83.33059632141003,83.9001235961914,216374000
2010-06-17,84.13992345802738,84.17739453919333,83.21819432110189,84.0350112915039,263185800
2010-06-18,84.2014144909511,84.42729340081608,83.8550622335698,84.1261215209961,174006600
2010-06-21,85.1727372959166,85.23296824497749,83.41838237161545,83.88520812988281,213140700
2010-06-22,83.88520149657134,84.2541411625268,82.37931874387019,82.49978637695312,239355400
2010-06-23,82.55247733623557,82.84612396113822,81.67906848240575,82.2437744140625,254639900
2010-06-24,81.83718957035076,81.94260089000336,80.67012828842918,80.88095092773438,268523600
2010-06-25,81.1219015431477,81.63390190419774,80.39154749559975,81.21978759765625,238726500
2010-06-28,81.3402539429627,81.55860762600659,80.6701365942531,80.96378326416016,169218600
2010-06-29,79.82680301247595,80.94868924862396,77.96704355106718,78.46398162841797,373649500
2010-06-30,78.24566167497913,78.96848466281078,77.46260200203989,77.7186050415039,284101700
2010-07-01,77.66590773826339,77.92190506079697,76.14496287025493,77.37226104736328,382924800
2010-07-02,77.63577132330339,77.86918126828743,76.5138904898335,76.95059204101562,233385200
2010-07-06,78.03481737279878,78.58446691906782,76.70963939050137,77.4550552368164,256935300
2010-07-07,77.65082495086995,79.99247257448127,77.56800095817742,79.89459228515625,253769400
2010-07-08,80.56474540634427,80.7755681200652,79.74404187871805,80.68521881103516,210842100
2010-07-09,80.66264700039692,81.2951210527557,80.51206094932986,81.28759002685547,144999900
2010-07-12,81.0164831175862,81.4983650923261,80.67766182876439,81.34024810791016,131283600
2010-07-13,82.18356415255512,82.89132524147932,82.0179161069066,82.56756591796875,213025900
2010-07-14,82.30400218833147,82.88377013948963,81.96518094013763,82.56000518798828,184426800
2010-07-15,82.52989016792442,82.86871142973929,81.44565293893952,82.58259582519531,232337900
2010-07-16,82.13836533123508,82.22872035708893,80.15060071834121,80.30872344970703,282693400
2010-07-19,80.60238434493165,81.03908601917112,79.97744156411434,80.78308868408203,186709000
2010-07-20,79.71389983821068,81.73930808839543,79.67625047431137,81.6790771484375,258162400
2010-07-21,82.10068819847223,82.12327550959391,80.28609761191031,80.61739349365234,264527000
2010-07-22,81.57362751086623,82.7783377408374,81.56610223667988,82.41692352294922,274781300
2010-07-23,82.2512947293519,83.2527078997648,82.01788479658101,83.13224029541016,222020800
2010-07-26,83.27533052050372,84.08097771284228,83.04192048878039,83.99815368652344,184445700
2010-07-27,84.45740515115499,84.54776015474575,83.65928939180061,83.99058532714844,204855600
2010-07-28,83.81741063338231,84.07341361776108,83.16988076902365,83.44847106933594,163056200
2010-07-29,83.96800754663032,84.19389222446651,82.37930675859678,83.0418930053711,220149100
2010-07-30,82.19858321326721,83.47105558333703,82.05552830232853,83.02681732177734,220070600
2010-08-02,84.32190427867422,85.03720204265161,83.98308295249177,84.90167236328125,188263200
2010-08-03,84.69082245836363,84.90917033511516,84.21646586087259,84.49505615234375,146657300
2010-08-04,84.72848790834749,85.16519526338548,84.44990328955394,85.05978393554688,158171700
2010-08-05,84.5176577724669,85.01460176928414,84.38965913491799,84.96942138671875,140473800
2010-08-06,84.13367195419458,84.75861470621139,83.5162602247708,84.62308502197266,239728300
2010-08-09,85.02211581987247,85.217882133178,84.57035226527033,85.07482147216797,120800400
2010-08-10,84.351996038629,85.0672935771692,83.85505786721342,84.61552429199219,242916300
2010-08-11,83.31296322459518,83.34308156854749,82.16096385473142,82.29649353027344,273406900
2010-08-12,81.05411310329394,82.08563876614106,81.01646374932052,81.7919921875,239542600
2010-08-13,81.53603012438994,82.0404995160656,81.45320610551933,81.55108642578125,158698500
2010-08-16,80.99389639284284,81.77695604367165,80.70024974184282,81.513427734375,147895300
2010-08-17,82.21364442556005,83.11717149038891,81.98022876729937,82.51481628417969,172270300
2010-08-18,82.4772080557798,83.10967612358385,82.00285700492675,82.66544342041016,182922100
2010-08-19,82.236254569477,82.43954620492796,80.88848887341693,81.22731018066406,265847600
2010-08-20,80.98637058577044,81.27249197813185,80.37648992434603,80.96378326416016,209714200
2010-08-23,81.34777200379847,81.74682994062914,80.61741808417143,80.65506744384766,163490300
2010-08-24,79.77412733453421,80.1054233401905,79.03624808764577,79.45789337158203,280677800
2010-08-25,79.02120822869503,80.06779645548019,78.52426982519043,79.7666244506836,272234800
2010-08-26,80.14306810651767,80.24847942145674,78.96847585586183,79.23200988769531,224439500
2010-08-27,79.72895085639387,80.54212880907399,78.539302267601,80.45930480957031,272649000
2010-08-30,80.24849031659781,80.4969623403254,79.28472630945802,79.29225158691406,167238600
2010-08-31,78.99860492050387,79.79672665631186,78.67483991080972,79.29225158691406,273933100
2010-09-01,80.36143142750414,81.77695907308282,80.30872576369235,81.66401672363281,256828100
2010-09-02,81.85974797475801,82.43951002806106,81.68656901393634,82.42445373535156,156112200
2010-09-03,83.2301468786936,83.56896822650398,82.78590844509993,83.4936752319336,212197300
2010-09-07,83.10214763483197,83.20755897539398,82.48473589247419,82.55249786376953,141973700
2010-09-08,82.71812033937911,83.46353051574953,82.68047098174522,83.13224029541016,149924400
2010-09-09,84.06588494741118,84.08847226397606,83.29035644142836,83.5162353515625,147017900
2010-09-10,83.66683740716682,84.03577702725809,83.47860208647938,83.93789672851562,127819000
2010-09-13,84.76616304197181,85.04474774545507,84.42733588992725,84.87157440185547,178503500
2010-09-14,84.7059053002856,85.30072968017713,84.3896712991747,84.81884765625,209823600
2010-09-15,84.57034887776092,85.24046603488402,84.3143516467184,85.14258575439453,168608400
2010-09-16,84.87909222981548,85.17273893590783,84.59297080219612,85.12003326416016,199962900
2010-09-17,85.56811608740263,85.65138346992221,84.91711970147026,85.15177917480469,195836900
2010-09-20,85.44703703109654,86.64305473354419,85.1745265223049,86.45381164550781,214555200
2010-09-21,86.52193977731001,86.93069975399854,85.92393094255674,86.27970886230469,268389100
2010-09-22,86.1434499838976,86.62791179350607,85.6135659091606,85.85579681396484,191322400
2010-09-23,85.15181434091336,86.04504190617861,84.9171547706689,85.15938568115234,202354300
2010-09-24,86.10561286091864,86.97613229983551,86.02991677389136,86.91557312011719,209671800
2010-09-27,86.9458154535695,87.04421974701445,86.4159372961908,86.49919891357422,128761800
2010-09-28,86.61276651334586,87.08209140398301,85.67412250731172,86.80200958251953,209207500
2010-09-29,86.58246612699395,86.98366618845174,86.30995571083785,86.65059661865234,179665800
2010-09-30,87.0896607501231,87.64981860498654,85.98447616923792,86.39324188232422,287106700
2010-10-01,87.04422386925121,87.14263394259545,86.24183525715294,86.75657653808594,174638700
2010-10-04,86.57493102209192,86.93827452130186,85.67413206426427,86.10560607910156,166153200
2010-10-05,86.90042907359658,88.0510245175126,86.80201897082877,87.83907318115234,229634100
2010-10-06,87.82390296591984,88.05856825066877,87.47569648317511,87.83147430419922,148626600
2010-10-07,88.18725548774603,88.20996372821105,87.19562381917925,87.72550201416016,164860000
2010-10-08,87.8466677658629,88.45981369046241,87.51359799188673,88.21758270263672,177760100
2010-10-11,88.35381486060396,88.54305795076966,87.9980369270539,88.30082702636719,103098300
2010-10-12,88.01316247804611,88.83069390814504,87.54384337113899,88.57332611083984,182210000
2010-10-13,89.06536025182702,89.73906511155644,88.85340316456958,89.26216888427734,194347200
2010-10-14,89.17890246082932,89.330300381977,88.35380544772512,88.9139633178711,217764300
2010-10-15,89.5346720990312,89.58765992273598,88.38407688062476,89.09562683105469,243705000
2010-10-18,89.12590230106701,89.82988665509225,88.8004040346846,89.53466796875,141204800
2010-10-19,88.70959576469234,89.20919453633421,87.82393368387646,88.36138916015625,280604700
2010-10-20,88.52028206374924,89.65573973711601,88.46729427000157,89.2242660522461,200051800
2010-10-21,89.62552834893508,90.14783534883033,88.72472939477083,89.421142578125,221585500
2010-10-22,89.5573821611118,89.7239169747793,89.32272261925658,89.58766174316406,108212400
2010-10-25,90.18568503749013,90.65500997212231,89.78449061727197,89.85261535644531,151145700
2010-10-26,89.39841199259916,89.95856978052164,89.2243116278851,89.86773681640625,158982900
2010-10-27,89.23946725654748,89.7087921788397,88.76257676915094,89.61038208007812,190024000
2010-10-28,90.12512517070813,90.16297609789609,89.19405242438677,89.62552642822266,168576000
2010-10-29,89.53466294893971,89.86773253546826,89.37569949407082,89.6936264038086,144305500
2010-11-01,90.13267312225001,90.64741441213432,89.20916618081881,89.72390747070312,174074800
2010-11-02,90.39762728677387,90.64742952245496,90.15539639087586,90.43547821044922,158345900
2010-11-03,90.59443291379735,90.85180068907665,89.66335456888322,90.79881286621094,226702800
2010-11-04,91.80559657529746,92.59284843421769,90.8139647432611,92.54743194580078,215039400
2010-11-05,92.60796914310941,93.04701437182521,92.48685660343143,92.89562225341797,180654100
2010-11-08,92.60796486963504,92.8729097274803,92.30518064679278,92.72151184082031,156107100
2010-11-09,92.97132507028594,93.06972937687931,91.68447464457161,92.05538940429688,186621600
2010-11-10,92.03268466164346,92.4717299389647,91.33627159948962,92.42630767822266,221387400
2010-11-11,91.63149885811495,92.21436498567485,91.35141702915016,92.07810974121094,158017600
2010-11-12,91.45740019808987,91.85859462438592,90.57174392397512,90.98807525634766,239068800
2010-11-15,91.27573502579588,91.63151298425707,90.82155273264506,90.8593978881836,163940800
2010-11-16,90.29920114916519,90.4505932568015,89.0123451333016,89.4438247680664,299566200
2010-11-17,89.48165595814874,89.86014194347645,89.2167169234669,89.48922729492188,172308900
2010-11-18,90.35222185031087,91.13190246137572,90.34465050960166,90.80640411376953,197723700
2010-11-19,90.76094896825164,91.09401273948663,90.26891598602646,91.05616760253906,156852900
2010-11-22,90.6019979360679,91.0183291509177,89.90557917307922,90.98048400878906,181361000
2010-11-23,89.9055608843821,90.09480388224664,89.3151236550828,89.663330078125,222309000
2010-11-24,90.23110289722582,91.01078927832357,90.21596599114933,90.98807525634766,140046100
2010-11-26,90.20084766460269,90.69287517918687,89.92833709716797,89.92833709716797,76007800
2010-11-29,89.70120885178768,90.4430441749586,89.12590834250655,90.20081329345703,223642300
2010-11-30,89.30757477422945,90.20836768515316,89.17888512246402,89.6936264038086,233930700
2010-12-01,90.9880449552038,91.7752966395462,90.98047939230545,91.6011962890625,221037200
2010-12-02,91.74503056552358,92.84264374741366,91.69204274124196,92.7745132446289,191213600
2010-12-03,92.45658572009123,93.13029052827082,92.43387747771837,93.0243148803711,151288900
2010-12-06,92.82750086537146,93.13786224636874,92.72909655627558,92.92591094970703,103050500
2010-12-07,93.8190982105014,93.87208601197028,92.92587114628502,92.9788589477539,206581000
2010-12-08,93.09243849020864,93.3952227330815,92.66096459135166,93.31952667236328,138019200
2010-12-09,93.84181712122512,93.87966225501648,93.22110032971553,93.68285369873047,123705100
2010-12-10,93.97053932191962,94.31874588119152,93.66018368712433,94.22791290283203,117571700
2010-12-13,94.65939565010515,94.77293688357909,94.25819544928113,94.2884750366211,133812700
2010-12-14,94.43227852020954,94.79562770411806,94.08407201388519,94.37171936035156,147249600
2010-12-15,94.19762012690117,94.56853487882019,93.7812831169231,93.94024658203125,160823100
2010-12-16,94.00080590412027,94.55339813874609,93.67530763446166,94.48526763916016,185035200
2010-12-17,94.41907618043896,94.70823631172009,94.22122671924015,94.58648681640625,141075300
2010-12-20,94.8451894906387,95.04303891297108,94.3429634870087,94.81475067138672,119085500
2010-12-21,95.11154162224703,95.47680172339182,95.02023095117009,95.41592407226562,94965500
2010-12-22,95.48440217364238,95.74312345349736,95.43113568628331,95.71268463134766,78878100
2010-12-23,95.60616056570882,95.71269355035425,95.33982810409523,95.57572174072266,70053700
2010-12-27,95.2180554254739,95.70506492514166,95.14957243596336,95.61375427246094,58126000
2010-12-28,95.80397600710019,95.84202017061493,95.49959367093136,95.7507095336914,55309100
2010-12-29,95.86488263446641,96.03228745466934,95.8040049876952,95.81922149658203,58033100
2010-12-30,95.72793088217824,95.97904106788346,95.5224702326948,95.66705322265625,76616900
2010-12-31,95.52248494322254,95.7812121332286,95.37029657659359,95.68989562988281,91218900
2011-01-03,96.42038055566174,97.09762844820571,95.6518161878848,96.67910766601562,138725200
2011-01-04,96.8921716904649,96.92261051493138,96.02468551281292,96.62583923339844,137409700
2011-01-05,96.32145090778285,97.18893703241952,96.2301344399641,97.12805938720703,133975300
2011-01-06,97.16610869974384,97.27264167532837,96.648660330214,96.93782043457031,122519000
2011-01-07,97.06718040648423,97.22697986875954,95.99423950103233,96.7475814819336,156034600
2011-01-10,96.32145679434585,96.7628110406915,96.03229086472042,96.62583923339844,122401700
2011-01-11,96.97588813593222,97.20417063721175,96.60301684763388,96.96827697753906,110287000
2011-01-12,97.56183476327682,97.94991679432412,96.99111394135619,97.8433837890625,107929200
2011-01-13,97.881403215357,97.92705854460931,97.44004901387943,97.68354797363281,129048400
2011-01-14,97.54657697015656,98.41406301501488,97.4780939797994,98.3912353515625,117677900
2011-01-18,98.29994471891641,98.64998835653269,98.18580636492536,98.55867767333984,114401300
2011-01-19,98.47494010311202,98.57385610711088,97.3335104919952,97.59223175048828,151958400
2011-01-20,97.37157414781684,97.70638961959698,96.73998157659454,97.462890625,175745700
2011-01-21,98.07164149472372,98.29231278985095,97.57701500163638,97.68354797363281,151462900
2011-01-24,97.62266246057011,98.35318250338211,97.59983479778431,98.23904418945312,113715500
2011-01-25,97.9803190577479,98.37601792929772,97.48570417672796,98.29231262207031,167552200
2011-01-26,98.53581691914628,98.9619487792741,98.33796169035669,98.67278289794922,141281500
2011-01-27,98.69562262309817,99.08371616624842,98.5206066472753,98.91630554199219,123302700
2011-01-28,99.03044727443795,99.19025255261867,97.02914248299777,97.1889419555664,295637300
2011-01-31,97.45530134288099,97.99557172039681,97.21179069690503,97.91947174072266,149249200
2011-02-01,98.51301081832148,99.6620460220374,98.4521331662324,99.48703002929688,167194300
2011-02-02,99.22825834082967,99.56307949090667,99.17499767307397,99.2967529296875,118323600
2011-02-03,99.12175714953449,99.66964436860049,98.5967092082183,99.5174560546875,145886700
2011-02-04,99.55550462451049,99.83705358181902,99.09892807802065,99.79900360107422,134634800
2011-02-07,100.01966945044956,100.75017786667523,100.01205248886637,100.4229736328125,112439100
2011-02-08,100.51432692122356,100.93285359307416,100.24038324612378,100.87959289550781,99072800
2011-02-09,100.60565080764462,100.92524983176547,100.14907413819941,100.65130615234375,146436700
2011-02-10,100.14141348083959,100.80343883582366,99.91312527219041,100.68930053710938,162708500
2011-02-11,100.29362717246246,101.41983457972898,100.27079950693313,101.29047393798828,137710300
2011-02-14,101.22965032261286,101.61773245496788,101.11551193404661,101.53402709960938,101690700
2011-02-15,101.2219953199219,101.37418363377508,100.68933041582372,101.2143783569336,119575400
2011-02-16,101.55681302399171,101.97532796963948,101.35135242130507,101.85358428955078,130183500
2011-02-17,101.5568414510677,102.29495553460035,101.46551915140931,102.15798950195312,109810500
2011-02-18,102.24927741656886,102.49278801311864,102.01338378317647,102.37103271484375,130002400
2011-02-22,101.29808415433669,102.39385859726399,100.0425160450299,100.31645965576172,233116400
2011-02-23,100.25559641284538,100.49910704013972,99.0837334498623,99.70010375976562,227584000
2011-02-24,99.59356105428552,100.01969299928349,98.69563021770436,99.63159942626953,260431400
2011-02-25,100.05011512122103,100.75780757589852,99.98923747696314,100.69692993164062,141686900
2011-02-28,101.06983371231632,101.45031040309681,100.73501236663316,101.32093811035156,141585500
2011-03-01,101.64052707193083,101.73183774265192,99.60116640643739,99.63159942626953,258565500
2011-03-02,99.49460677250173,100.30883207243932,99.19023021080295,99.84465026855469,200277400
2011-03-03,100.7501895572395,101.67855330279981,100.74258420599575,101.56441497802734,176480100
2011-03-04,101.48831232033955,101.68616755964507,100.1414336789685,100.80345916748047,277202300
2011-03-07,101.10022334982418,101.32851158856425,99.48700658884597,100.01205444335938,216790400
2011-03-08,100.1718710735364,101.20676781033158,99.73813382075689,100.88716888427734,174615000
2011-03-09,100.689323547351,101.05457779792782,100.14143636587413,100.74258422851562,153806000
2011-03-10,99.68488164515907,99.82184766487089,98.77934536631149,98.8782730102539,301291800
2011-03-11,98.5586582012111,99.92075927170912,98.53583053492294,99.5631103515625,225621800
2011-03-14,98.91629688162253,99.28915646654717,98.20860446627711,98.96195220947266,234974100
2011-03-15,96.32905403295028,98.41406979120241,96.2605710378778,97.82813262939453,359585400
2011-03-16,97.51617849967431,97.83578916172624,95.33224584676353,96.01710510253906,468670300
2011-03-17,97.40201646361895,97.69878776808252,96.7171573742366,97.28787231445312,254303700
2011-03-18,98.46711116121857,98.49768804690777,97.45065128368803,97.64171600341797,230435400
2011-03-21,98.85690010750592,99.36130215296802,98.74225426770434,99.15496063232422,153992600
2011-03-22,99.13965726141268,99.26957986429358,98.71931256876016,98.81101989746094,129538600
2011-03-23,98.53590123234984,99.35366390982276,98.06971446612634,99.09381866455078,148603100
2011-03-24,99.65934398434285,100.18668442818314,99.10143831928839,100.04147338867188,159129800
2011-03-25,100.30134481701383,100.78282000647964,100.03384953045953,100.34719848632812,155642800
2011-03-28,100.56116764133725,100.82101281732348,100.07204250820777,100.10260772705078,109762400
2011-03-29,100.01855650790861,100.80574222620815,99.6899307850903,100.77517700195312,129798800
2011-03-30,101.30253469132008,101.76873315657198,101.15732361271695,101.47067260742188,135835000
2011-03-31,101.34073415886239,101.61586782757568,101.22608832759377,101.33308410644531,132537100
2011-04-01,101.95982325504491,102.23495703508826,101.5165515171045,101.7611083984375,153850100
2011-04-04,101.97506880474414,102.15849515580744,101.554735700432,101.84514617919922,100768900
2011-04-05,101.64643815970582,102.28077447393697,101.60058448956048,101.82986450195312,120791500
2011-04-06,102.31899392322954,102.41070126725805,101.7381496466055,102.1508560180664,120411600
2011-04-07,101.96741009573722,102.39539316794081,101.3865775922701,101.8909912109375,170731500
2011-04-08,102.34190281548693,102.40304492134125,101.1190840217293,101.5394287109375,147945400
2011-04-11,101.6464441067682,101.99035831464576,100.98918091900966,101.23374938964844,121385400
2011-04-12,100.66819181647138,100.86689494919862,100.11028603721182,100.47712707519531,161187400
2011-04-13,100.94329622284461,101.01971510018318,100.08733016200968,100.4694595336914,162059000
2011-04-14,99.88861258226419,100.69872496130614,99.55998692956939,100.5458755493164,161220400
2011-04-15,100.72929747539398,101.16491886376933,100.43123705334914,100.91271209716797,170006700
2011-04-18,99.8045811952488,100.90511603417188,98.97918006605649,99.78165435791016,210759300
2011-04-19,99.93449077782283,100.38541239715735,99.68993399092278,100.3548355102539,124258800
2011-04-20,101.55473197282701,101.94449983515524,101.4859398051618,101.72286987304688,156133800
2011-04-21,102.25016921176987,102.28838448017494,101.72284048976543,102.2425308227539,135935400
2011-04-25,102.1661090435887,102.30368168930708,101.79926809111237,102.13554382324219,65757100
2011-04-26,102.44890596128508,103.22080323764916,102.34191018375279,103.01445007324219,146600000
2011-04-27,103.21313692256918,103.83982297523204,102.79279231682226,103.68697357177734,143031000
2011-04-28,103.50357517695441,104.16083828438768,103.48829839565639,104.02327728271484,124791100
2011-04-29,104.06148840075615,104.37483732982007,103.92391574291591,104.26782989501953,115094100
2011-05-02,104.75699332481604,104.84105062490947,103.90101526097618,104.10736846923828,126278700
2011-05-03,103.90863705074833,104.08441331873848,103.20550865545887,103.73284912109375,138375000
2011-05-04,103.68699568555256,103.73284935020219,102.58646108730376,103.0450210571289,182678500
2011-05-05,102.47182005724062,103.13672147342234,101.66170760495861,102.11261749267578,226900000
2011-05-06,103.12912404317565,103.65646468407107,102.16615012096028,102.56356811523438,222787200
2011-05-09,102.55587370483765,103.2589902880886,102.39537425157968,102.96092987060547,114104500
2011-05-10,103.30487249013494,104.02327771071145,103.17494987857656,103.83985137939453,114806900
2011-05-11,103.68699863805486,103.70228708059489,102.2731267372186,102.74696350097656,193564200
2011-05-12,102.47184030147199,103.45009081390455,101.9444997658379,103.23609924316406,171550700
2011-05-13,103.28958147310372,103.43479252406944,102.07441267028247,102.44125366210938,157444900
2011-05-16,102.07441328683606,102.87688743640727,101.62350335023513,101.79164123535156,141675400
2011-05-17,101.40954134536312,101.91395514767899,100.97390806290805,101.77638244628906,192686200
2011-05-18,101.8298629022224,102.79282494514456,101.6082212844473,102.68582916259766,135217900
2011-05-19,103.02210077169465,103.19787705124332,102.36483765939829,102.93038177490234,119489500
2011-05-20,102.66288475491709,102.93036833466593,101.92155279499931,102.11261749267578,182594900
2011-05-23,100.8668593088043,101.43241494134737,100.56879888419724,100.9280014038086,168700000
2011-05-24,101.21843938201981,101.44006930736366,100.65288366039918,100.84394836425781,147199600
2011-05-25,100.43893503337628,101.6006121943811,100.40836979883335,101.18026733398438,151050100
2011-05-26,100.90510649697266,101.82986494167218,100.71404176276471,101.64643859863281,164850000
2011-05-27,101.92925142595006,102.31138104714555,101.6159139994394,102.03624725341797,120921900
2011-05-31,102.99918789108023,103.11382207551844,102.28842096256291,103.0985336303711,164731200
2011-06-01,102.80044142337216,103.11379031320429,100.69872983717545,100.78279876708984,233094300
2011-06-02,100.85159969375358,101.06559123185359,100.0873408686352,100.67581176757812,200466800
2011-06-03,99.46826084727749,100.43887261965126,99.4147688046506,99.67461395263672,234690200
2011-06-06,99.42244647879026,99.62879966568764,98.49004960367338,98.6199722290039,179951200
2011-06-07,99.12438204193877,99.40716577926159,98.47476894088027,98.558837890625,161660500
2011-06-08,98.40595571949733,98.73459305697494,97.96268423037837,98.14611053466797,198696400
2011-06-09,98.4136282460751,99.30015976511255,98.17670983746741,98.89510345458984,160964400
2011-06-10,98.47474609186554,98.5358765305268,97.2595716289503,97.51941680908203,238629400
2011-06-13,97.74108968681064,98.00858501965854,97.09911488197687,97.59587860107422,207599800
2011-06-14,98.49001286155136,99.17785267405223,98.45180925668635,98.83393859863281,160570400
2011-06-15,98.00855917750252,98.81867169309331,96.81631140586381,97.07615661621094,300958000
2011-06-16,97.1067576420785,97.80223620943097,96.54120755083451,97.2901840209961,308032800
2011-06-17,98.25637016915935,98.2640522890499,97.25022927389762,97.58049011230469,233284900
2011-06-20,97.25023222208834,98.28709576860477,97.2195096013353,98.07971954345703,159479000
2011-06-21,98.58662064986902,99.6158019369341,98.11811100135732,99.42378997802734,193157300
2011-06-22,99.11656893961097,99.70028103685375,98.76326180214879,98.82470703125,176703000
2011-06-23,97.66495338930362,98.80166076256349,96.91994614426399,98.54052734375,334286500
2011-06-24,98.51749601304348,98.59429376246716,97.25021595275749,97.3961410522461,226129300
2011-06-27,97.45760824681092,98.64039698591225,97.26559625076003,98.2640609741211,168904700
2011-06-28,98.65575349005054,99.56205613446541,98.51751048908694,99.54669189453125,165556300
2011-06-29,99.9998275355488,100.56049918352598,99.56204635601269,100.39921569824219,244295500
2011-06-30,100.72176436966184,101.52052873750861,100.39150951856918,101.35924530029297,223322700
2011-07-01,101.45144269953491,102.99522645467394,101.213349729404,102.85697174072266,202385700
2011-07-05,102.74945095477769,102.97986767726343,102.44991273139061,102.77249145507812,165936000
2011-07-06,102.52668799396587,103.02591429316807,102.23482612826015,102.89534759521484,143331600
2011-07-07,103.80935967884308,104.22410039906723,103.5943071988037,103.96296691894531,170464200
2011-07-08,102.78785810779617,103.96297052862688,102.44991513614887,103.22563934326172,194100500
2011-07-11,101.9583215060472,102.28857635713986,101.12115241332354,101.35924530029297,195918600
2011-07-12,101.14421105466053,101.98138029761402,100.89075388836218,100.92147064208984,214675700
2011-07-13,101.45143425824375,102.31933204958665,101.01365309269856,101.2594223022461,204062600
2011-07-14,101.51288466796834,101.98139433327722,100.36848913284196,100.56050109863281,226111800
2011-07-15,101.12117032031877,101.28245378609523,100.43760828657777,101.14421081542969,220012800
2011-07-18,100.67573417226532,100.82934142978159,99.56206690591927,100.31475067138672,196872100
2011-07-19,100.87542216467398,102.06589891632815,100.85238166208244,101.94300842285156,166554900
2011-07-20,102.2041364414342,102.26556995834535,101.70489829055708,101.88154602050781,137145400
2011-07-21,102.45754273965318,103.5481806191112,101.89687128630862,103.29472351074219,245246300
2011-07-22,103.31780297498621,103.47141020541888,102.73407909206938,103.36388397216797,126019400
2011-07-25,102.38075458975815,103.29473317284581,102.2732283870112,102.7878189086914,136653800
2011-07-26,102.71873394458281,102.88770542602964,102.17341476000779,102.4038314819336,131278200
2011-07-27,101.83545256810423,101.86618104228208,100.17646654687292,100.30704498291016,249020100
2011-07-28,100.30706735569268,101.20568205441953,99.85391015658902,100.01520538330078,207939900
2011-07-29,99.00901779255045,100.26861537331757,98.28705118171877,99.33159637451172,307038400
2011-08-01,100.49135603949665,100.58352973070916,97.94912008366926,98.9091796875,325790900
2011-08-02,98.16417947697464,98.69413429108612,96.38230895996094,96.38230895996094,346653800
2011-08-03,96.51290184114151,97.01212828790672,94.87695606535748,96.90460205078125,370830800
2011-08-04,95.56050073926319,95.71411380685991,92.21181204226656,92.36542510986328,520721800
2011-08-05,93.51752421726702,93.75561721730368,89.75408792191995,92.22720336914062,655619200
2011-08-08,89.79246983912705,92.25790253904538,86.0367107593517,86.2210464477539,702263900
2011-08-09,87.61120940322134,90.35313972380915,84.69262551621236,90.23025512695312,717828700
2011-08-10,88.52521359133928,89.3086199683683,85.98297074191808,86.24411010742188,662607400
2011-08-11,86.98907481203572,91.33622128068441,86.26710817635943,90.11502838134766,487979700
2011-08-12,90.93686183635504,91.55897868706745,90.07664618002325,90.72180938720703,313731600
2011-08-15,91.54365117155525,92.73412216204026,91.39772016340389,92.64196014404297,258810600
2011-08-16,91.75866809588149,92.69568731362023,90.86772986926452,91.850830078125,294095200
2011-08-17,92.35773101152881,93.08737394381593,91.1826190306035,91.91226196289062,238201100
2011-08-18,89.47758676345713,91.94301999600236,87.08895715446883,87.94917297363281,512956300
2011-08-19,86.75869931410287,89.0013980144438,86.40539794567172,86.51292419433594,428281300
2011-08-22,88.45607169575324,88.50215855253188,86.33626379562257,86.58203887939453,275090600
2011-08-23,86.9046100626167,89.5313321419715,86.4668230493909,89.43148803710938,331136600
2011-08-24,89.23949095380173,90.81398569608027,89.0321147310332,90.69110107421875,246869700
2011-08-25,91.19032988246401,91.70492056990041,88.99371241638039,89.30860900878906,312365400
2011-08-26,88.85544989266407,91.02134440639,87.44223892484328,90.60659790039062,314495900
2011-08-29,91.82780050596335,93.26405211741545,90.67572871295884,93.21028900146484,190977200
2011-08-30,92.80318493798049,94.03205982041209,91.59735054401048,93.45602416992188,241315700
2011-08-31,94.0551413101873,94.86159391632431,93.16420882944318,93.87081146240234,301828400
2011-09-01,93.92459715968309,94.77713096779294,92.76484295824453,92.88773345947266,254585900
2011-09-02,90.95221417310002,92.8339346976383,90.19184853276266,90.5144271850586,255517200
2011-09-06,87.85699666369267,89.98449257611976,87.84931454415322,89.85391998291016,285130500
2011-09-07,91.2133537444807,92.42686475355713,90.90613346810792,92.38846588134766,209803200
2011-09-08,91.83549312574912,92.88772092651108,91.22105242199572,91.42842864990234,250568200
2011-09-09,90.38388582611462,91.44378992086159,88.54056951633382,89.03211975097656,380195100
2011-09-12,87.91841369715996,89.67724348410151,87.59583509686634,89.60811614990234,305793500
2011-09-13,89.89999789870755,90.76788980865395,89.26251681436496,90.42994689941406,272514700
2011-09-14,90.89076777405094,92.78017039253926,89.64653417131386,91.6818618774414,319389500
2011-09-15,92.66498452242662,93.29478359468757,91.70492460375196,93.2640609741211,326777200
2011-09-16,93.63848602646881,94.16346086852973,92.88962424837611,93.81604766845703,284528300
2011-09-19,92.27971361575207,93.36054471412984,91.65437818950059,92.88188934326172,241517000
2011-09-20,93.27564177570348,94.17890555951763,92.65030621614859,92.7738265991211,218932200
2011-09-21,92.82014507546086,93.10578925325066,89.89418296123715,90.04086303710938,316251300
2011-09-22,87.43145909093798,88.17259922940517,85.9260191049981,87.13037109375,513911300
2011-09-23,86.55134333265757,88.13398999218585,86.48185832479575,87.65533447265625,307242500
2011-09-26,88.4813912217712,89.86331051721355,87.22299820281975,89.73978424072266,260673700
2011-09-27,91.50770014850875,92.30288128762888,90.20298203283234,90.74340057373047,311753900
2011-09-28,90.92867704532337,91.47681151742049,88.7592988558881,88.89054107666016,286696800
2011-09-29,90.36509995112924,90.81286785063898,87.95639125662358,89.59307861328125,298108900
2011-09-30,88.35784175714312,89.12986311243509,87.2924544072602,87.35421752929688,288392300
2011-10-03,86.84468964069191,87.97184022985161,84.7756719576992,84.86831665039062,365136800
2011-10-04,83.64848128619829,86.91413298556151,82.93822331940432,86.72884368896484,459177500
2011-10-05,86.94506632615726,88.56631035176912,86.14216323279419,88.33470153808594,284108000
2011-10-06,88.28837383042456,90.0640255282292,87.63215677342936,89.93277740478516,257800800
2011-10-07,90.45773202782797,90.51949514388474,88.82876665467391,89.33058166503906,312657900
2011-10-10,90.85147186909525,92.356911131745,90.84375000645065,92.31831359863281,230666300
2011-10-11,91.77022194641975,92.67348592522119,91.67757722164852,92.41099548339844,209088000
2011-10-12,93.10577612176323,94.29468973936305,92.89733294331359,93.2215805053711,281544900
2011-10-13,92.67342685947912,93.31420587811316,91.96316875909302,93.0362777709961,212538800
2011-10-14,94.1171321444374,94.64982290770794,93.592157354363,94.62666320800781,211397600
2011-10-17,94.1788827281163,94.61121868885289,92.58852063377753,92.82012939453125,202311600
2011-10-18,92.75063510876092,95.34462705281935,92.02493322856158,94.63436889648438,318857900
2011-10-19,94.47999581618501,95.02041443892347,93.19072123246146,93.51496887207031,226601300
2011-10-20,93.74655815904741,94.26381107969004,92.50360324283969,93.92412567138672,262075600
2011-10-21,95.02812159719886,95.82330867302211,94.74247741787866,95.70750427246094,278999400
2011-10-24,95.86189814940931,97.12029683156611,95.77697532214513,96.88096618652344,203215600
2011-10-25,96.41773151539569,96.46405090465296,94.78876623922913,94.9972152709961,268596800
2011-10-26,96.00087781660262,96.32512545146292,94.34875218367792,95.9622802734375,289053800
2011-10-27,98.53310260946003,99.91502181087222,97.74564326561149,99.30513000488281,393220200
2011-10-28,98.81872678107199,99.47494960064662,98.66432487649861,99.28194427490234,225906500
2011-10-31,98.17023777367132,99.29738234873282,96.74971542567845,96.88867950439453,228146700
2011-11-01,94.20975179704418,95.35234583384064,93.81601931199242,94.18659210205078,416565800
2011-11-02,95.59941054810136,96.03946250669001,94.79650759224462,95.72293090820312,244717600
2011-11-03,96.71113632620349,97.66072541793974,95.42186175999139,97.46772003173828,291174800
2011-11-04,96.6802551228747,97.04310028055085,95.73838794962538,96.87326049804688,249401600
2011-11-07,96.80378769774741,97.57580929571337,95.88508011134955,97.47544860839844,196617200
2011-11-08,97.9849799666182,98.83420843786874,97.05083453829995,98.72611999511719,224426300
2011-11-09,96.41774697180864,97.12028923512419,94.85054455678846,95.0821533203125,337982000
2011-11-10,96.3405732513824,96.45637766588463,94.97409176235898,95.97772216796875,231866500
2011-11-11,97.1434766575363,98.0390186259626,97.11259508758266,97.78425598144531,189924400
2011-11-14,97.42137387995304,98.3941165185321,96.44090348877444,96.85779571533203,159258300
2011-11-15,96.63392159521928,97.85371687600504,96.28651430552809,97.33646392822266,184709400
2011-11-16,96.35600712165483,97.53719914278953,95.65347057871655,95.79243469238281,235782500
2011-11-17,95.61488437919661,95.85421510646056,93.59219133688471,94.27156829833984,331219600
2011-11-18,94.57261397072321,94.76561930535733,93.77743293443946,94.1711654663086,215580400
2011-11-21,92.79698286644118,92.91278727060369,91.60035306357986,92.38009643554688,229611600
2011-11-22,92.17935859340615,92.71977123060634,91.49997597514765,92.0172348022461,216494900
2011-11-23,91.15257042008061,92.01723654604298,89.98681640625,89.98681640625,224329100
2011-11-25,89.84785238936922,90.86692044688368,89.7088882956147,89.81697082519531,99557000
2011-11-28,92.28745891896648,92.78155225113971,91.73160244775731,92.418701171875,210686000
2011-11-29,92.6811752319336,93.41459323602874,92.34148391716646,92.6811752319336,199241500
2011-11-30,95.33693236204448,96.67253213432754,92.64257900519262,96.49496459960938,324439500
2011-12-01,96.38688563161605,96.99678333946096,96.0626380067031,96.47953033447266,176954800
2011-12-02,97.3673717219948,97.66073782587308,96.33285965768914,96.39462280273438,221109700
2011-12-05,97.92319909580108,98.18568945486048,96.84237376454558,97.44454956054688,225263900
2011-12-06,97.4368451724772,98.13166578865804,97.08943780941546,97.47544860839844,178842100
2011-12-07,97.15118279919378,98.24745780638631,96.4795278633708,97.83828735351562,237802500
2011-12-08,97.19750008453646,97.41366514446129,95.4604518514969,95.69205474853516,240862800
2011-12-09,96.12438740822026,97.56034770202331,96.03946458191587,97.31330108642578,209111400
2011-12-12,96.46406299584493,96.47950672090285,95.08214999598162,95.89276885986328,215826100
2011-12-13,96.39457182076704,96.94270619051174,94.5339978182049,94.9972152709961,245159800
2011-12-14,94.61892758464366,94.98177853399312,93.7774272042843,93.98587036132812,238618800
2011-12-15,94.98180917233965,95.11305142059308,94.17890606352243,94.32559204101562,199109200
2011-12-16,94.96265638250019,95.52203216693324,94.24012265926915,94.46542358398438,220481400
2011-12-19,94.83056303042828,95.0325632717933,93.25342120638888,93.4554214477539,183903000
2011-12-20,94.92378812404596,96.44654583687209,93.51756923120057,96.28339385986328,225418100
2011-12-21,96.28342054319393,96.61749542510299,95.36665732730945,96.46987915039062,194230900
2011-12-22,96.82723611232996,97.42546596982949,96.51647382145363,97.324462890625,119465400
2011-12-23,97.63527451594378,98.22573380045661,97.43328012255293,98.19465637207031,92187200
2011-12-27,98.02367211737938,98.52866963955762,97.93821072466876,98.27228546142578,86075700
2011-12-28,98.28785743863438,98.3033931841863,96.90494491546423,96.98263549804688,119107100
2011-12-29,97.30119463444221,98.08588336100593,97.00596797086789,97.9848861694336,123507200
2011-12-30,97.9071531123194,98.14800159838903,97.50315856933594,97.50315856933594,95599000
2012-01-03,99.25901474274066,99.74070588812671,99.00263045919266,99.05701446533203,193697900
2012-01-04,98.82397383535987,99.29789432123428,98.44328564958698,99.21243286132812,127186500
2012-01-05,98.6763061002999,99.6241405938955,98.22569246942616,99.47652435302734,173895000
2012-01-06,99.60087243760537,99.61641411496122,98.89388023065743,99.22018432617188,148050000
2012-01-09,99.445495004183,99.58533454121577,98.98711627080652,99.4610366821289,99530200
2012-01-10,100.5254197055517,100.72741411813466,100.18357388823601,100.32342529296875,115282000
2012-01-11,100.01260198135485,100.50982878435028,99.8494559197278,100.37775421142578,111540700
2012-01-12,100.66523158720646,100.76622282643291,99.86499545368103,100.61860656738281,118983700
2012-01-13,99.94269469418076,100.26123380347892,99.22793181673701,100.09807586669922,179836200
2012-01-17,101.06145749380507,101.24792201259545,100.14468842828173,100.48653411865234,132209200
2012-01-18,100.46322908548838,101.6519122559089,100.28454132815568,101.5975341796875,163395200
2012-01-19,101.94712621054822,102.21905210658258,101.62082224819989,102.13359069824219,126328900
2012-01-20,101.96271527181696,102.51432037353516,101.71409583933826,102.51432037353516,138230200
2012-01-23,102.1724255712256,102.74734884193316,101.760660206672,102.2501220703125,129295800
2012-01-24,101.62082224819989,102.1646621854471,101.46544110253234,102.13359069824219,103083300
2012-01-25,101.97820960901382,103.22904753819353,101.58198586305859,102.98820495605469,198613200
2012-01-26,103.44662296515028,103.64085245765325,102.05594501495308,102.45994567871094,184880500
2012-01-27,101.96266307280412,102.59196438871263,101.89273148395354,102.41327667236328,135259100
2012-01-30,101.39553280692901,102.11807248978441,101.04592218514541,102.06368255615234,147311800
2012-01-31,102.56864299466208,102.69294077448627,101.52756462304734,102.0248031616211,157212000
2012-02-01,102.77842259530489,103.43880728764333,102.65412479077452,102.91827392578125,166234500
2012-02-02,103.12026914918356,103.34558189061765,102.71628053492537,103.0814208984375,113090400
2012-02-03,104.10699696151154,104.5886822583861,103.92830916667519,104.52652740478516,160598500
2012-02-06,104.09144405825384,104.50320954597869,103.97491112958639,104.45659637451172,107694500
2012-02-07,104.239063641177,104.89944853742023,103.82729814040306,104.72074890136719,135528100
2012-02-08,104.77511751617982,105.05480835174833,104.34781042644694,105.03150177001953,139361400
2012-02-09,105.20242247245113,105.3422619599881,104.54203772399968,105.16357421875,148602900
2012-02-10,104.2312765531488,104.47211913199939,103.9826572105787,104.38665771484375,167907500
2012-02-13,105.13250272868267,105.28788388866458,104.68188906635925,105.16357421875,115841900
2012-02-14,104.8838855158552,105.0936566062373,104.30119726298933,105.03150177001953,165329500
2012-02-15,105.37336092677833,105.52874210979596,104.33228210542904,104.54205322265625,195195100
2012-02-16,104.54983386155037,105.79289522657757,104.36336932212512,105.69966888427734,186567800
2012-02-17,106.06478574430368,106.15024714778706,105.62971381923225,105.97932434082031,129869400
2012-02-21,106.22794952632933,106.47656887063842,105.69965120190676,106.02595520019531,134042300
2012-02-22,105.86281558297975,106.08812838458134,105.49766326713568,105.68412780761719,124455300
2012-02-23,105.62971993719488,106.22793794140584,105.27233263243194,106.15025329589844,137704300
2012-02-24,106.38333892822266,106.59311003437682,106.15027309341107,106.38333892822266,105539100
2012-02-27,105.6763564688622,106.84949801244562,105.50543361419122,106.56204223632812,145728900
2012-02-28,106.59314231066537,106.99714297137596,106.38337114099272,106.87283325195312,129355900
2012-02-29,107.02821217008234,107.3622930519869,106.08037132583279,106.45330047607422,185934700
2012-03-01,106.67854834207027,107.2068584477499,106.38331587551926,107.00485229492188,145023500
2012-03-02,106.93495788668125,107.07480924521003,106.43773100435749,106.67857360839844,120638300
2012-03-05,106.51541805482373,106.5931027094813,105.87833987058768,106.24349212646484,140765000
2012-03-06,105.1558144763233,105.21795745951111,104.38666169261317,104.68965911865234,202129900
2012-03-07,104.93051328667315,105.59089814044901,104.8295101819058,105.41997528076172,143692200
2012-03-08,106.06479950973016,106.68633599256326,105.84726351896194,106.46878814697266,116968900
2012-03-09,106.670821211204,107.16027138640746,106.53874660171574,106.8805923461914,122836800
2012-03-12,106.8650067163584,107.02815275604884,106.50761944281186,106.88831329345703,104003500
2012-03-13,107.46324214424384,108.86946102524583,107.28454257071303,108.81507110595703,184090500
2012-03-14,108.84615596851002,109.1180700042918,108.36445901529379,108.69853973388672,145163600
2012-03-15,108.86173300405734,109.37450166627546,108.58204208419531,109.32788848876953,165118500
2012-03-16,109.52605785866986,109.61969274104864,109.24514130475802,109.47924041748047,152893500
2012-03-19,109.40897290583952,110.24391140730442,109.33093592883338,109.90837860107422,125291100
2012-03-20,109.28414522508713,109.7211238269115,108.96421021061792,109.58847045898438,121729700
2012-03-21,109.65089459361779,109.75232839755094,109.18269644380453,109.40899658203125,122388400
2012-03-22,108.60529322931411,108.89402068653158,108.26196128866232,108.62090301513672,135216700
2012-03-23,108.71458036488193,109.09693092411642,108.11372846308042,108.97207641601562,120521000
2012-03-26,109.75231972700617,110.50143432617188,109.71331313991459,110.50143432617188,120164000
2012-03-27,110.60291637508213,110.67314254305177,110.08790066308505,110.15812683105469,119868500
2012-03-28,110.10349197767613,110.27516385287785,108.9642160701351,109.61188507080078,148562100
2012-03-29,108.96418857777016,109.62746719249778,108.53500899805061,109.42457580566406,164963700
2012-03-30,109.96307901960688,110.06452478590974,109.28420204642336,109.87724304199219,135486800
2012-04-02,109.74457681201476,110.96968908544977,109.52608742297059,110.68096160888672,151741100
2012-04-03,110.52490472663476,110.7121864576439,109.58070903795183,110.22837829589844,155806700
2012-04-04,109.41684956966688,109.51048448317492,108.73016178586268,109.13593292236328,146896000
2012-04-05,108.76136037432452,109.40121867112448,108.66771357210767,109.08128356933594,137439400
2012-04-09,107.70790748280172,109.12028922089641,107.55964431130656,107.85617065429688,127555900
2012-04-10,107.64551661510745,107.949841998993,105.93660795683492,106.04585266113281,235360300
2012-04-11,107.13049365659278,107.32557432323925,106.70912465561915,106.90420532226562,154133000
2012-04-12,107.00561532274294,108.38677740819834,106.92757831944914,108.30094146728516,154321500
2012-04-13,108.0512657970108,108.32438345562383,106.91198962083715,107.01343536376953,169246700
2012-04-16,107.55964868307716,107.71571079902415,106.57644663651249,106.94319915771484,147825300
2012-04-17,107.55961778790643,108.74571096061018,107.45037314744508,108.5272216796875,147877600
2012-04-18,108.0434788267245,108.52727505717644,107.98105158621802,108.1605224609375,123884200
2012-04-19,108.17610734956028,108.5818664592935,106.95880620680882,107.46601104736328,198666700
2012-04-20,107.9420189305728,108.33218020253751,107.58306532138333,107.64549255371094,143199600
2012-04-23,106.54521481097294,106.83394219437113,106.07702851699791,106.74029541015625,171844900
2012-04-24,106.83397099574995,107.4192129510753,106.74813503269777,107.1460952758789,137484200
2012-04-25,108.19170209818671,108.65990032729823,108.09806721507464,108.61308288574219,150252200
2012-04-26,108.37898985318859,109.49485720225509,108.31656262535206,109.37000274658203,136291600
2012-04-27,109.69773980541237,109.86160086459917,109.08908920059393,109.54947662353516,130725000
2012-04-30,109.33097368202411,109.40901068597728,108.84717759648471,109.14369201660156,115092200
2012-05-01,109.08128536135926,110.54049664433768,108.95644280098107,109.82260131835938,138832200
2012-05-02,109.18270643194234,109.6040871866773,108.82376480345292,109.49484252929688,121081000
2012-05-03,109.51044542970774,109.59628137207257,108.45701730807598,108.65989685058594,143759700
2012-05-04,108.09029910937427,108.69894983676895,106.84177808012528,106.90420532226562,193927300
2012-05-07,106.5218393625092,107.34118051634603,106.48283275590914,106.98223876953125,127765900
2012-05-08,106.34236437090775,106.72472673636527,105.2811251447108,106.55305480957031,213377700
2012-05-09,105.42157642803757,106.5998591380054,104.94557921811847,105.92098236083984,220752500
2012-05-10,106.65447677769352,106.78714208462841,105.89757488426824,106.13947296142578,150600000
2012-05-11,105.47619049796985,106.80273636160629,105.42937305323083,105.81953430175781,153032400
2012-05-14,104.805125247129,105.81954699634903,104.49300097357413,104.64906311035156,163910000
2012-05-15,104.57880501769628,105.19525443720096,103.88431860023064,104.04817962646484,207629300
2012-05-16,104.51638878631653,104.99238594765214,103.62682168722093,103.65023040771484,207265500
2012-05-17,103.67365939534577,103.79851386690478,102.05838592484267,102.1130142211914,247992900
2012-05-18,102.51096175217863,102.69044449784693,101.09078101119509,101.23904418945312,319615900
2012-05-21,101.56677473983025,103.01817499868349,101.40290178346055,102.97915649414062,177861100
2012-05-22,103.24448159239626,103.96237695760966,102.48756771571709,103.15864562988281,197531200
2012-05-23,102.41731700903287,103.36151237053531,101.4341150521852,103.21324920654297,204958400
2012-05-24,103.49419761175959,103.65805870162262,102.55000195959796,103.4161605834961,167357600
2012-05-25,103.37715725624346,103.6658847778116,102.83093369849102,103.08064270019531,135465600
2012-05-29,103.90772511068128,104.50856473647373,102.35487937573276,104.32909393310547,152883500
2012-05-30,103.43956044003033,104.32132877531977,102.60462146175037,102.81529998779297,162370400
2012-05-31,102.7762862112361,103.35371726616624,101.70723624284895,102.58900451660156,196186000
2012-06-01,100.9815217464489,102.61239265806526,100.00611877441406,100.00611877441406,253240900
2012-06-04,100.18561600796112,100.45873367486631,99.21021277869646,99.9593276977539,202545800
2012-06-05,99.76425460144317,100.86450649720882,99.70963225134685,100.71625518798828,164149400
2012-06-06,101.41851156663287,103.02597393688171,101.38729200028823,102.97915649414062,184202800
2012-06-07,104.14962120918769,104.1964386433966,102.8308745806924,103.04156494140625,184772700
2012-06-08,102.77627602836398,103.88433248825275,102.44853011853174,103.86092376708984,143915400
2012-06-11,104.69586874305924,104.75829597207924,102.44073718685873,102.54218292236328,169756100
2012-06-12,102.83869836718726,103.79069278205222,102.3471032824319,103.72046661376953,181931800
2012-06-13,103.41613159453294,104.0638006458773,102.70603531943277,103.05718994140625,172223900
2012-06-14,103.267882291606,104.56322056821183,102.98696570037553,104.14965057373047,230615500
2012-06-15,104.61868444402454,105.30891801292125,104.39906304003893,105.21479797363281,169444500
2012-06-18,104.77559603628553,105.67761201390644,104.54028387780552,105.41876983642578,131360900
2012-06-19,105.95210506329911,106.8698113650432,105.3952002296925,106.43840789794922,137382600
2012-06-20,106.44625131219271,106.7521533900671,105.3167630343586,106.26583862304688,206451800
2012-06-21,106.39133779446043,106.50114848763448,103.79508985919199,103.8813705444336,205272200
2012-06-22,104.42260777711878,104.87754131195601,104.02257361678626,104.68144989013672,130029200
2012-06-25,103.57545203527668,103.61467269842902,102.63421596195057,103.00286865234375,146375700
2012-06-26,103.3009322100572,103.83430696464397,102.69696743409595,103.52055358886719,141634000
2012-06-27,103.8657052134738,104.65791026682541,103.51274303993976,104.4539794921875,108088000
2012-06-28,103.7637238624883,104.31278937792496,102.97151888532667,104.1559066772461,169242100
2012-06-29,106.04626839654452,106.88554566319867,105.77174750975475,106.75220489501953,212250900
2012-07-02,107.05023859973524,107.18357934648793,106.29725415119394,107.07376861572266,129524500
2012-07-03,107.05024243514337,107.8581382622487,106.9404317004438,107.77970886230469,80450000
2012-07-05,107.37963853798249,108.08557471097612,106.90117507583632,107.2933578491211,126177500
2012-07-06,106.25801386488774,106.49332594982125,105.77171099956966,106.2737045288086,151192100
2012-07-09,106.18742562467406,106.33645701326648,105.6540507585786,106.14036560058594,103780500
2012-07-10,106.6815577720658,106.8541191564072,104.85398454224564,105.21479797363281,167884800
2012-07-11,105.2697046795908,105.57560676229497,104.61867984338075,105.23048400878906,141733400
2012-07-12,104.6187208149638,105.2854246058195,104.00691640995595,104.7206802368164,143583200
2012-07-13,104.99521019688461,106.58747186997483,104.97951952915494,106.4776611328125,129642600
2012-07-16,106.23445959076939,106.54036164077824,105.81089554093123,106.22660827636719,97525200
2012-07-17,106.65019073167184,107.17571424322867,105.53639302484662,106.95609283447266,138860300
2012-07-18,106.705121182885,107.96011128575789,106.64238244936672,107.74832916259766,113349700
2012-07-19,107.96791185716796,108.3836246361352,107.6228010728782,108.0306625366211,129847300
2012-07-20,107.41887344770852,107.58359550044864,106.92473122642815,107.0423812866211,142904500
2012-07-23,105.47363524386107,106.97177629943464,104.9794811231769,105.9599380493164,145210900
2012-07-24,106.03837226183849,106.08543227617442,104.34413993494022,105.05006408691406,173301200
2012-07-25,105.26972270573967,105.54424351142342,104.51672639019738,105.0736312866211,129122300
2012-07-26,106.58745406285486,107.03454825491123,106.09329984394427,106.80707550048828,156526500
2012-07-27,107.37181621564044,109.08173960188469,106.7835419624387,108.77582550048828,236768900
2012-07-30,108.65033608917602,109.29350971573868,108.45424467144211,108.77582550048828,106782000
2012-07-31,108.62681898700363,108.9248698388232,108.0150146484375,108.0150146484375,120575900
2012-08-01,108.79153735113246,108.81506736836513,107.77185938665008,107.92089080810547,138293800
2012-08-02,107.10516067738908,107.90521720651375,106.34432483499593,107.17575073242188,199556600
2012-08-03,108.68170550130866,109.52882186253639,107.20709420934145,109.30136108398438,157825000
2012-08-06,109.59155627206516,109.94451837802478,109.46605491086707,109.51311492919922,86326200
2012-08-07,109.95236452063678,110.53279937570085,109.83471446753494,110.06218719482422,109545100
2012-08-08,109.69355540775955,110.32103843574451,109.66217407527735,110.19554901123047,89754700
2012-08-09,110.03865483292658,110.50927902340426,109.92884411761116,110.28965759277344,90291700
2012-08-10,109.84257488856223,110.50929056663557,109.66217411637253,110.4700698852539,99792700
2012-08-13,110.28185088293577,110.4700910400608,109.84259592320502,110.41519165039062,79426900
2012-08-14,110.8230376941013,110.893639711553,110.10142260032,110.43085479736328,102379400
2012-08-15,110.31316878859798,110.74457222820342,110.24257876260843,110.55632019042969,71085900
2012-08-16,110.71322448227527,111.50544157576616,110.43870364179,111.37210083007812,112014200
2012-08-17,111.56033884581034,111.61525019395164,111.27012734412538,111.5211181640625,90813700
2012-08-20,111.36423149982048,111.55248356423976,111.05832937543286,111.5289535522461,78255700
2012-08-21,111.80345453095677,112.23485795515684,110.9484989974762,111.191650390625,105581100
2012-08-22,110.90930252473677,111.41914739855513,110.65047238221709,111.2387466430664,133243500
2012-08-23,110.96423762100798,110.97207697084808,110.15634175397578,110.32890319824219,111466400
2012-08-24,110.05432346830213,111.24656240198723,109.98373344440137,110.99555969238281,99481200
2012-08-27,111.29365205336967,111.44268345582311,110.86224851165473,111.01911926269531,68785900
2012-08-28,110.73675558672721,111.25443987635028,110.57204547451117,110.90931701660156,75689600
2012-08-29,111.00341100735042,111.29362241792107,110.68965762034489,110.99555969238281,65421300
2012-08-30,110.5171298741077,110.5485112065899,109.96023689150032,110.19554901123047,96589900
2012-08-31,110.82304401513284,111.23876892038132,110.09358953046076,110.72108459472656,151970400
2012-09-04,110.6269494569342,110.95639363201254,109.91318566019123,110.61911010742188,120226200
2012-09-05,110.6661892817484,110.96425217338393,110.3053876462182,110.52500915527344,100660300
2012-09-06,111.19164437390288,112.77606596956264,111.18380502787538,112.76822662353516,158272500
2012-09-07,112.95653195050494,113.25459483033319,112.85457251935905,113.20753479003906,107272100
2012-09-10,113.09769835392967,113.29378978960304,112.52511471293542,112.56432342529297,86458500
2012-09-11,112.63493841149933,113.2388914856374,112.6035570758331,112.87808990478516,88760000
2012-09-12,113.2545394897461,113.3800408481883,112.87019606769245,113.2545394897461,87640900
2012-09-13,113.238908354969,115.33316400494469,112.94085743257544,114.9802017211914,225470200
2012-09-14,115.20761054116514,116.17237677233919,115.11347854091476,115.48998260498047,169777000
2012-09-17,115.2546795592701,115.45077095311167,114.8075854364463,115.09780883789062,119427800
2012-09-18,114.9017256040789,115.15271638241703,114.71347354397304,115.0036849975586,98326600
2012-09-19,115.13699626630647,115.43505895977819,114.8389455413014,115.06640625,128318300
2012-09-20,114.54088218377167,115.13699559879245,114.22714080080632,115.07425689697266,154009800
2012-09-21,115.63341140790406,115.65706703530866,114.97891097419473,115.0262222290039,108737500
2012-09-24,114.45840771191975,115.11290782886945,114.37166644262864,114.8526840209961,95682000
2012-09-25,115.09716359956198,115.31795740489241,113.59890616926552,113.63045501708984,133165200
2012-09-26,113.60685036823836,113.63838719785203,112.72366271830579,112.99176788330078,146502200
2012-09-27,113.46485223510027,114.31649063036093,113.1651983462975,114.05626678466797,111830300
2012-09-28,113.6225918641506,113.99321271384773,113.12581168684248,113.52796936035156,150696100
2012-10-01,113.96165873883336,114.8842641091116,113.55948909348756,113.82760620117188,135911200
2012-10-02,114.27706014840368,114.45842390718055,113.41754056076572,113.94586944580078,113422200
2012-10-03,114.25341702638123,114.6792302527728,113.65412121788466,114.41112518310547,121283100
2012-10-04,114.84480604649748,115.39679048820936,114.68709792491671,115.231201171875,124311600
2012-10-05,115.84630191670263,116.04344012892258,114.89214767531894,115.2391128540039,124842100
2012-10-08,114.81329655514641,115.22333536235416,114.58460949693318,114.84483337402344,78415400
2012-10-09,114.75815841472496,114.8527809584115,113.66995103285683,113.70938110351562,148872900
2012-10-10,113.6935336288417,113.80394256870382,112.83401398955337,112.98384094238281,124247500
2012-10-11,113.77235713658104,113.93795846076544,113.0232346456708,113.04689025878906,123601500
2012-10-12,113.12577322438308,113.51215633843539,112.43184301282277,112.6762924194336,124181900
2012-10-15,112.94442555689166,113.73297843635793,112.58169797045993,113.61470031738281,107689100
2012-10-16,114.15088292912745,114.84481314580928,114.07203487964215,114.76595306396484,108815500
2012-10-17,114.84477426317586,115.380996166981,114.67129176774083,115.28636169433594,128834100
2012-10-18,114.98674011230469,115.53872449801362,114.60034502612984,114.98674011230469,148108500
2012-10-19,114.77387186310986,114.78175306010657,112.80248970136755,113.07059478759766,185645200
2012-10-22,112.88136377090962,113.29141472406953,112.19532647094876,113.08639526367188,125578600
2012-10-23,111.86406251190874,112.02177061161336,111.05185436769104,111.51709747314453,192056300
2012-10-24,111.91929510750064,112.0533596743488,111.02823860974974,111.20172119140625,120179400
2012-10-25,111.99021079171656,112.19523007596743,110.84681226336942,111.52495574951172,134457400
2012-10-26,111.42251453307989,111.84832775652235,110.7049285877392,111.46194458007812,146023500
2012-10-31,111.8562209853386,111.99815471569909,110.93360360855142,111.46194458007812,103438500
2012-11-01,111.69851437517164,112.77094680913709,111.59601067934928,112.62901306152344,100995600
2012-11-02,113.29923007775115,113.33077891939404,111.50922436613943,111.62750244140625,137702200
2012-11-05,111.4619476439602,112.10855470953366,111.13074486595957,111.8562240600586,98378500
2012-11-06,112.19527662813653,113.17308630285937,112.07699853667617,112.73149871826172,107068100
2012-11-07,111.70636873830804,111.72213112765029,109.65612708213864,110.17657470703125,264304500
2012-11-08,110.16083014046887,110.72070795516842,108.76508823448505,108.8518295288086,181517300
2012-11-09,108.52065446101184,109.95582662316654,108.46546201066303,108.94647979736328,201055300
2012-11-12,109.28554906776246,109.45903167715298,108.78876889756506,109.03321838378906,97677500
2012-11-13,108.45757061904222,109.80600149719747,108.31563685942771,108.65470886230469,123018300
2012-11-14,108.9859154502428,109.15938604050942,106.94355403515897,107.18800354003906,191505000
2012-11-15,107.22740086573108,107.62957047377907,106.59655625167092,107.00660705566406,178128400
2012-11-16,107.16432944753043,107.74786289877416,106.21806841682421,107.53495025634766,239483900
2012-11-19,108.74140580409377,109.72709661824385,107.56647005433635,109.71133422851562,151495800
2012-11-20,109.53787316909663,109.94003076850622,108.88337289623409,109.7586669921875,119807400
2012-11-21,109.8532795510679,110.05831096280988,109.63248574793026,109.96367645263672,81710800
2012-11-23,110.49990918865372,111.50136259471537,110.42893029111247,111.46194458007812,65409200
2012-11-26,110.90994398221727,111.46982175171055,110.54721644059674,111.22537231445312,100124400
2012-11-27,111.11497006772409,111.49347201586136,110.58664117301832,110.65760803222656,128646200
2012-11-28,110.20813379522548,111.61175680133894,109.60883800540691,111.5486831665039,177086500
2012-11-29,111.9665881407546,112.37662682995177,111.47767734616136,112.069091796875,151085900
2012-11-30,112.08488461245136,112.30567841436412,111.70638267093803,112.09276580810547,136568300
2012-12-03,112.60529928296631,112.69992173250853,111.45400733999229,111.5407485961914,124656300
2012-12-04,111.53290648131704,111.87197839921686,111.08342562379167,111.3830795288086,127512200
2012-12-05,111.47767687787041,112.10064016812557,110.68912428023141,111.58019256591797,147300500
2012-12-06,111.47769968193951,112.00602858655058,111.31211034068242,111.9587173461914,103220600
2012-12-07,112.3924435422863,112.51861489368044,111.71428756899579,112.29782104492188,108726400
2012-12-10,112.14008103928602,112.61320542416733,112.09275777167487,112.34510040283203,98840700
2012-12-11,112.8103619539587,113.63834480271449,112.75516951463412,113.11001586914062,152570400
2012-12-12,113.55158679822833,113.98529318205449,113.00748351964269,113.16519165039062,145880100
2012-12-13,113.09424201098115,113.41755154926021,112.18741109687842,112.4712905883789,135715000
2012-12-14,112.22681964387017,112.43183900253703,111.87985455046578,112.05333709716797,137701700
2012-12-17,112.34508797122182,113.43329439104289,112.31353912963877,113.37020874023438,143238200
2012-12-18,113.55159123028439,114.73442030559985,113.38598986550201,114.63190460205078,177762800
2012-12-19,114.75809089502944,114.79752094248896,113.74086305179615,113.78028106689453,150895400
2012-12-20,113.85126253646789,114.45055836135917,113.53583418202926,114.43478393554688,168487000
2012-12-21,112.9036906814385,114.42844894385284,112.72104056668458,113.39605712890625,245883800
2012-12-24,113.14985391084252,113.21338700859576,112.91955703447401,113.04662322998047,53874600
2012-12-26,113.27689540287894,113.33249139542588,112.25245320455481,112.57010650634766,106947700
2012-12-27,112.601862376472,112.83217131087892,111.11681446899871,112.4192123413086,167920600
2012-12-28,111.68865300424028,112.3080856932526,111.07715741001459,111.2042236328125,148806700
2012-12-31,110.91038353686187,113.21340105712349,110.81507781955597,113.09428405761719,243935200
2013-01-02,115.23841570649407,116.06432142033353,114.93663663908416,115.99285125732422,192059000
2013-01-03,115.93729000035596,116.23905700891734,115.4210882255615,115.73080444335938,144761800
2013-01-04,115.92141374078399,116.42966635036719,115.68316767929541,116.23906707763672,116817700
2013-01-07,115.8261236559384,116.03259711934896,115.4925718891775,115.92141723632812,110002500
2013-01-08,115.71492627385815,115.87375292305518,115.1351914336289,115.58786010742188,121265100
2013-01-09,115.84203467441085,116.1994099499015,115.65938454802166,115.88174438476562,90745600
2013-01-10,116.52496932941742,116.81086220273068,115.92142309362235,116.80292510986328,130735400
2013-01-11,116.77114739719823,116.85850388571595,116.42967065334624,116.79498291015625,113917300
2013-01-14,116.65205069696822,116.79500321107132,116.28673837666085,116.71558380126953,89567200
2013-01-15,116.17553828031345,116.90616279393348,116.10406809453491,116.79498291015625,93172600
2013-01-16,116.55676919903304,116.96177914858445,116.42970297723978,116.77912902832031,104849500
2013-01-17,117.2952927350526,117.8670784879092,116.8585102686067,117.53353881835938,133833500
2013-01-18,117.50969281090663,117.92265180133133,117.08084751993182,117.79558563232422,169906000
2013-01-22,117.79555151283368,118.43087005615234,117.5175958633526,118.43087005615234,111797300
2013-01-23,118.43091096147224,118.7247408906957,118.21648830403207,118.62149810791016,104596100
2013-01-24,118.44678896390468,119.23299732140079,118.33560908566564,118.65327453613281,146426400
2013-01-25,119.02652832666124,119.32035827636719,118.62150637685211,119.32035827636719,147211600
2013-01-28,119.35212243237456,119.38389503843733,118.73268990883652,119.17742156982422,113357700
2013-01-29,118.93919172485431,119.79687044010174,118.85977231655903,119.64598083496094,105694400
2013-01-30,119.63007820577953,119.8683242804554,119.06622956630325,119.17742156982422,137447700
2013-01-31,119.03452613148251,119.42366197722349,118.80422915678977,118.88363647460938,108975800
2013-02-01,119.63802753698465,120.24952303041013,119.43155404725006,120.10658264160156,131173000
2013-02-04,119.37596015563348,120.13039597465743,118.66915901118804,118.75651550292969,159073600
2013-02-05,119.3998345759702,120.29721115531046,119.35217564562728,119.95573425292969,113912400
2013-02-06,119.53478477618361,120.12244469441201,119.44742828594713,120.04303741455078,138762800
2013-02-07,120.08279854619764,120.19397847978203,119.01069680843786,119.88426208496094,162490000
2013-02-08,120.0907397651883,120.62281604544526,120.0907397651883,120.55134582519531,103133700
2013-02-11,120.50361954109013,120.63067358739809,120.22566382204275,120.5274429321289,73775000
2013-02-12,120.535429118743,120.94838826111196,120.40042580863611,120.72602844238281,65392700
2013-02-13,120.97222958190548,121.19458943357358,120.48780016554932,120.82927703857422,82322600
2013-02-14,120.4639343931624,121.08336692176468,120.32893111053872,120.94041442871094,80834300
2013-02-15,121.05160563741653,121.17867183919353,120.35276576304298,120.7974853515625,215226500
2013-02-19,121.00396778051655,121.72664322409943,120.83720398135179,121.70281982421875,95105400
2013-02-20,121.61544612979476,121.65515582988365,120.12244865388587,120.18598175048828,160574800
2013-02-21,119.88422106684371,120.2495212446184,119.07418918919144,119.45537567138672,183257000
2013-02-22,120.03509253029522,120.62276458740234,119.51096568768529,120.62276458740234,106356600
2013-02-25,121.21040334968808,121.39305337924891,118.32765197753906,118.32765197753906,245824800
2013-02-26,118.89946449921248,119.28065094391586,118.11325609666935,119.13771057128906,186596200
2013-02-27,119.03449422549149,120.97221160293124,118.93125141052421,120.638671875,150781900
2013-02-28,120.63071040274151,121.40103259528014,120.241586818554,120.4004135131836,126866000
2013-03-01,119.98745346235911,120.98013544305446,119.44744028135683,120.7974853515625,170634800
2013-03-04,120.51956855517156,121.44078063964844,120.32898130852385,121.44078063964844,99010200
2013-03-05,122.028375571031,122.85428139093864,122.01248927131272,122.52867889404297,121431900
2013-03-06,122.9654639711932,123.02899705377425,122.42545094579897,122.6954574584961,94469900
2013-03-07,122.85430595641222,123.07666572614556,122.71136558345448,122.91783905029297,86101400
2013-03-08,123.45787238792131,123.60874986337431,122.82255352513721,123.44198608398438,123477800
2013-03-11,123.34670872103533,123.91848244328392,123.19581910803458,123.9105453491211,83746800
2013-03-12,123.82316000480785,123.96611249035293,123.25932350803643,123.63256072998047,105755800
2013-03-13,123.6961092287955,123.98200211779742,123.27521304744545,123.80728912353516,92550900
2013-03-14,124.13292902656019,124.52206483396598,123.81527555116595,124.46646881103516,126329900
2013-03-15,124.31805809520615,124.46960661417292,123.88730537765467,124.3021011352539,138601100
2013-03-18,123.1135405256519,124.1505236939401,123.00186616424193,123.61608123779297,126704300
2013-03-19,123.87935619534284,124.04686170564814,122.51532189630305,123.3289566040039,167567300
2013-03-20,124.05481833262947,124.39781384325812,123.8474143758831,124.19042205810547,113759300
2013-03-21,123.44861337419245,124.15057374122337,122.92215527051668,123.12954711914062,128605000
2013-03-22,123.52037889625757,124.11863708496094,123.42464930938111,124.11863708496094,111163600
2013-03-25,124.44570279787212,124.65310680503075,123.12156696836625,123.60016632080078,151322300
2013-03-26,124.11068289684763,124.62119618929823,123.97507913480887,124.58929443359375,86856600
2013-03-27,123.84744776879697,124.6291807569221,123.64005592772537,124.58929443359375,99950600
2013-03-28,124.5094602186693,125.11570282164844,124.2382528287002,124.97211456298828,102932800
2013-04-01,124.90829473970119,125.16355733697546,124.1744330299235,124.47755432128906,99194100
2013-04-02,124.92424876044682,125.40286003329817,124.73280181698821,125.09176635742188,101504300
2013-04-03,125.16359098085292,125.25930839476426,123.49644777339665,123.823486328125,154167400
2013-04-04,123.98302683950139,124.57331266105271,123.71181936943508,124.32603454589844,131885000
2013-04-05,122.80250462518117,123.91926093680074,122.65892845214911,123.7677001953125,159666000
2013-04-08,123.85539054278038,124.61318174392261,123.44059482900848,124.60520935058594,86571200
2013-04-09,124.8366141189989,125.49071595866822,124.42181812729642,125.0360336303711,101922200
2013-04-10,125.37101869722385,126.7270685264934,125.33911694064221,126.56753540039062,135711100
2013-04-11,126.59144100262853,127.39710322138014,126.46380965706064,126.98230743408203,110142500
2013-04-12,126.5754587786252,126.86262316304094,125.96922826556649,126.67118835449219,116359900
2013-04-15,126.03307149832814,126.13677349004105,123.71981113060454,123.73575592041016,217259000
2013-04-16,124.6690241652771,125.62624700271822,124.3659149602418,125.56243133544922,147507800
2013-04-17,124.66906006851013,124.69300160077563,123.06573204576628,123.7278060913086,226834800
2013-04-18,123.93518069297977,123.96709461716067,122.48341360423983,122.95404052734375,167583200
2013-04-19,123.2411980053657,124.07876197952702,122.93807660079806,124.02291870117188,149687600
2013-04-22,124.26220185043343,124.8684323778034,123.44059498676911,124.57329559326172,106553500
2013-04-23,125.19551575331032,125.9772365110734,124.57332810527087,125.85758972167969,166141300
2013-04-24,125.89741533464532,126.27232465609353,125.66608209123758,125.93730163574219,96781200
2013-04-25,126.30428003655406,127.04612660293596,126.11284518452935,126.44786834716797,131060600
2013-04-26,126.29632115824695,126.51169756142045,125.81770963377178,126.22453308105469,95918800
2013-04-29,126.56748948447193,127.34921003890251,126.36807010628912,127.07003021240234,88572800
2013-04-30,127.0460999003973,127.40505234409441,126.51962982479202,127.37313842773438,116010700
2013-05-01,127.0939879600143,127.15780363588196,126.11284780818981,126.25642395019531,138874200
2013-05-02,126.57549510821585,127.54069050751825,126.45584831853195,127.42901611328125,96407600
2013-05-03,128.53780520710322,129.12809118384885,127.45296287002338,128.7212677001953,144202300
2013-05-06,128.81695766429988,129.23174124521262,128.7611143909497,129.04827880859375,66882100
2013-05-07,129.32745267427217,129.74223619694828,128.96051568095925,129.70236206054688,90359200
2013-05-08,129.5587560830934,130.3325041003952,129.48696804146928,130.29261779785156,97419200
2013-05-09,130.23684455588852,130.57984013260474,129.59869994653243,129.92575073242188,106738600
2013-05-10,130.01348758197958,130.46018512892348,129.63059353751743,130.3485107421875,103203000
2013-05-13,130.18095628680211,130.6675400139837,129.8778471350898,130.45216369628906,81843200
2013-05-14,130.55585715083615,131.89596149721507,130.55585715083615,131.80023193359375,119000900
2013-05-15,131.5849113006613,132.77344321657694,131.54502498359946,132.5102081298828,120718500
2013-05-16,132.23899584992665,132.70165033354684,131.68859634059237,131.8880157470703,109913600
2013-05-17,132.37461656668438,133.2440823692801,132.19912649274443,133.16432189941406,129801000
2013-05-20,133.03658804279638,133.67473216804322,132.9009843940643,133.15623474121094,85071200
2013-05-21,133.27594449748707,133.85027321233582,132.81329013432608,133.3477325439453,95804200
2013-05-22,133.4834171167991,134.86340864995535,131.75245753112335,132.3586883544922,244031800
2013-05-23,130.9467247771081,132.3426602257428,130.77123477555244,131.97572326660156,211064400
2013-05-24,131.1940133005695,131.91990271301097,130.80314696196436,131.8640594482422,151573900
2013-05-28,133.24403634255773,133.83432203932463,132.2628964837895,132.6537628173828,143679800
2013-05-29,131.95181517571862,132.25493653116402,131.09032198518418,131.7922821044922,160363400
2013-05-30,131.89600302742485,132.88511551408973,131.792301039012,132.2788848876953,107793800
2013-05-31,131.9119257085326,132.66174451410706,130.12513587900324,130.38038635253906,176850100
2013-06-03,130.6835014265176,131.18604212774179,129.75022024681,131.09829711914062,168390700
2013-06-04,131.17006911374173,131.69653910090352,129.80603545093,130.46810913085938,157631500
2013-06-05,130.09326193352243,130.35649705284266,128.52982035231918,128.64149475097656,211737800
2013-06-06,128.58564537691703,129.8140758755747,127.82785398108315,129.80609130859375,200225500
2013-06-07,130.69946890831088,131.5769068933845,130.1331125032635,131.45726013183594,188337800
2013-06-10,131.86407129269423,131.93585934962337,131.11425246274135,131.45726013183594,105667100
2013-06-11,130.26074462141668,131.24985698047632,129.81404714679704,130.10121154785156,159505400
2013-06-12,130.99458670821704,131.13019040884188,128.90467576556472,129.02432250976562,177361500
2013-06-13,128.9525531534094,131.21795443029413,128.66538875411464,130.98663330078125,163587800
2013-06-14,130.84299327341557,131.35350620676888,129.94959868294438,130.1649627685547,141197500
2013-06-17,131.05044603889058,131.79229252757403,130.1969373459514,131.17010498046875,136295600
2013-06-18,131.24189701555372,132.4065116888961,131.23392462117815,132.20709228515625,114695600
2013-06-19,132.09540029906617,132.3267214210703,130.3245552561627,130.38038635253906,206149500
2013-06-20,129.11208764422778,130.39634897579285,126.81477242463481,127.14979553222656,321255900
2013-06-21,128.0150055231387,128.111229374606,126.27488820514311,127.55792999267578,271956800
2013-06-24,126.22683634050593,127.0447639391498,124.8796405989763,125.9461669921875,222329000
2013-06-25,127.08485567189958,128.38393940718632,126.23484532120492,127.15703582763672,162262200
2013-06-26,128.19943868798563,128.70463838032344,127.70226580726798,128.41595458984375,134848000
2013-06-27,129.1858106779038,129.76317838654214,129.06551860093975,129.16976928710938,129483700
2013-06-28,128.8089680442393,129.4264211180211,128.1915027344567,128.64056396484375,160402900
2013-07-01,129.31410764860522,130.29242449444106,129.1697718365948,129.39430236816406,131954800
2013-07-02,129.20185244515054,130.1480988184549,128.70467940595506,129.27403259277344,154863700
2013-07-03,128.68866370998123,129.72311959383046,128.48017451165487,129.33018493652344,75216400
2013-07-05,130.2844477710384,130.77360633608137,129.34622801238214,130.72549438476562,122416900
2013-07-08,131.39906926493117,131.824074428191,130.77358950632242,131.4712371826172,108092500
2013-07-09,132.29718837281837,132.57785769399422,131.72784738780172,132.41748046875,119298000
2013-07-10,132.28923376727315,132.91471379448456,132.01659113715607,132.4656524658203,121410100
2013-07-11,134.00523900916974,134.40618819988163,132.45756877030271,134.26986694335938,135592200
2013-07-12,134.22978013050357,134.6627999066781,134.02129093990092,134.3260040283203,104212700
2013-07-15,134.69483656598865,135.03163232899976,134.4622792445794,134.83917236328125,69450600
2013-07-16,134.92741183998515,135.00760656930936,133.9731630826148,134.33401489257812,88702100
2013-07-17,134.84723705462028,135.10383817832923,134.50241438201328,134.6788330078125,92873900
2013-07-18,134.9675342578072,135.73736219982524,134.87932493357596,135.41659545898438,103620100
2013-07-19,135.13596680570816,135.70530800718743,134.9675627017761,135.65719604492188,103831700
2013-07-22,135.84956977337566,136.11419763362068,135.52880316883858,135.92173767089844,79428600
2013-07-23,136.1622817353634,136.18633769628758,135.56085824027434,135.63302612304688,80829700
2013-07-24,136.1543428511992,136.2104816202709,134.86328575855282,135.1359405517578,112914000
2013-07-25,134.895380538226,135.58501380867327,134.67084991398747,135.4647216796875,111088600
2013-07-26,134.89538057498012,135.64916720055825,134.33405401423084,135.60906982421875,107814600
2013-07-29,135.26418450399132,135.56890974001837,134.80710888594643,135.1920166015625,79695000
2013-07-30,135.60099252065052,135.74532832550815,134.87126221121505,135.1920166015625,85209600
2013-07-31,135.4727022278883,136.20243262543573,135.11185043617712,135.28826904296875,142388700
2013-08-01,136.31468886561782,136.97223907244936,136.24250872326127,136.85195922851562,110438400
2013-08-02,136.5472328154961,137.10054456488174,136.36279964436628,137.08450317382812,91116700
2013-08-05,136.77984048927866,137.0925804319207,136.60342183076256,136.8840789794922,54072700
2013-08-06,136.61946156655895,136.916172371212,135.80153379849273,136.1062469482422,87495000
2013-08-07,135.67315742821305,135.86560516377514,135.1599430733885,135.66513061523438,84854700
2013-08-08,136.3066740822953,136.46705130036042,135.46467839245673,136.16233825683594,102181300
2013-08-09,135.98594044578007,136.40293106532772,135.29630729022017,135.76942443847656,91757700
2013-08-12,135.087840639809,135.7694470935755,135.02368728486604,135.60906982421875,68593300
2013-08-13,135.8495715441072,136.24249381529376,135.04767337630443,136.00994873046875,80806000
2013-08-14,135.94584179700064,136.1623578022669,135.28026462229258,135.31234741210938,79829200
2013-08-15,134.24581521997368,134.26184437819077,133.18730344971087,133.41986083984375,152931800
2013-08-16,133.1632387373742,133.62032667253578,132.71417761679305,132.9788055419922,130868200
2013-08-19,132.8264624525956,133.28355045505293,132.12078788150345,132.12881469726562,96437600
2013-08-20,132.34527317476213,133.27547802080468,132.20093737244284,132.77830505371094,89294400
2013-08-21,132.40951053674814,133.13924129649675,131.66375061278762,131.96044921875,159530500
2013-08-22,132.23310926038096,133.35577493925916,132.2250946772193,133.16331481933594,101471400
2013-08-23,133.55617816339753,133.78070873180397,132.93069840340837,133.6123046875,90888900
2013-08-26,133.74866787731895,134.15764401199476,133.02696400060015,133.11517333984375,89702100
2013-08-27,131.80004509708417,133.11515821896404,130.87786666647358,130.97409057617188,158619400
2013-08-28,130.91795232863305,131.9042963509897,130.74956048598733,131.43919372558594,108113000
2013-08-29,131.1505014087714,132.34532233623182,131.03020929282573,131.64767456054688,119200500
2013-08-30,131.92034623857487,131.93638763810932,130.84580495381658,131.230712890625,134928900
2013-09-03,132.49768849712046,132.77835787238436,131.27078474536745,131.8240966796875,142375100
2013-09-04,131.8561155745313,133.13915759303396,131.61555590255813,132.9146270751953,97389400
2013-09-05,132.99484428222704,133.4358785794302,132.89860816116658,133.0830535888672,63090500
2013-09-06,133.52411005728314,133.90100331769125,131.89625713934998,133.147216796875,159756500
2013-09-09,133.47593407085182,134.5023626428471,133.47593407085182,134.42218017578125,87559300
2013-09-10,135.2321622305009,135.44065143504744,134.9274368857021,135.41659545898438,105847200
2013-09-11,135.23214487656293,135.84158325195312,134.99959972579515,135.84158325195312,94545900
2013-09-12,135.79349861457217,135.96991727587383,135.29632542508628,135.4807586669922,83209000
2013-09-13,135.6250994291586,135.88972740678804,135.31235949850569,135.7854766845703,72727800
2013-09-16,137.25290746971172,137.31706079806074,136.35477310882155,136.5712890625,106299200
2013-09-17,136.69161234021303,137.2128414275196,136.69161234021303,137.18077087402344,82523300
2013-09-18,137.1326596182019,139.1454327068184,136.78784913261433,138.76853942871094,203460600
2013-09-19,139.14540026280395,139.20955359688514,138.39962846060772,138.53594970703125,146616900
2013-09-20,138.86474807876078,138.86474807876078,137.4545855617542,137.56739807128906,132867100
2013-09-23,137.3820484092429,137.51096819258325,136.49565573580432,136.9307861328125,104616500
2013-09-24,136.90661941958908,137.41428181995528,136.35062285685513,136.6084747314453,106333100
2013-09-25,136.69714283780215,136.9711143547332,136.09278739393736,136.21365356445312,117306500
2013-09-26,136.439297251707,137.12422607587607,136.22172583902102,136.73744201660156,77146900
2013-09-27,136.05247431714568,136.2942189178306,135.75432961049762,136.10888671875,99141800
2013-09-30,134.95657493736573,135.81072852943117,134.69065710850063,135.38365173339844,143937000
2013-10-01,135.48837170333346,136.5842695793948,135.35138600578048,136.45533752441406,127160000
2013-10-02,135.65765260869426,136.45539390024055,135.23862940470838,136.3264617919922,113350000
2013-10-03,136.01217454222467,136.13305298420312,134.44085316162887,135.0693817138672,176698000
2013-10-04,135.17416890464952,136.22977445606548,134.99689032243458,136.09278869628906,96878000
2013-10-07,134.90820612207548,135.73818634631758,134.7712204078999,134.916259765625,96295000
2013-10-08,134.89210360061676,135.06938214624023,133.24826252695607,133.34495544433594,178015000
2013-10-09,133.60282461628967,133.9251425500409,132.579446118386,133.44166564941406,168973000
2013-10-10,134.80349874105246,136.39094011670431,134.75515227002043,136.31842041015625,195955000
2013-10-11,136.1088235189333,137.24501400763285,135.99601106374837,137.1966552734375,105040000
2013-10-14,136.35067708422318,137.8575330044163,136.2459181864488,137.74472045898438,112106000
2013-10-15,137.3981852823111,137.91390141363706,136.56015117977225,136.7454833984375,155485000
2013-10-16,137.56739834353596,138.72776261284324,137.5029322957254,138.65524291992188,161676000
2013-10-17,138.09116110150356,139.66249480929125,138.06698787175057,139.5819091796875,129389000
2013-10-18,140.09759676223763,140.62136636127076,139.81555941159624,140.52467346191406,138316000
2013-10-21,140.57305343633786,140.81479803802065,140.21849632662193,140.5327606201172,104104000
2013-10-22,140.943760770203,141.76567538069563,140.55696440517178,141.34666442871094,126663000
2013-10-23,140.86317042632606,140.92763648501642,140.17824160707247,140.66978454589844,105484000
2013-10-24,140.95179851807615,141.3144093107033,140.62141460441123,141.1371307373047,70350000
2013-10-25,141.42722689811558,141.82207687949563,141.15325538237084,141.7817840576172,93625000
2013-10-28,141.73341378417757,142.200783389054,141.58030846414073,142.00738525390625,84979000
2013-10-29,142.3296707276735,142.8212134079368,142.1282190111006,142.76480102539062,87401000
2013-10-30,142.9340488087236,143.03879535711312,141.5480597926929,142.0557098388672,140002000
2013-10-31,141.9429383841291,142.53924015965924,141.44334183705726,141.65284729003906,133795000
2013-11-01,141.83813617440822,142.313559301808,141.19348818531077,141.99124145507812,142805000
2013-11-04,142.37807798528954,142.54729061392862,141.8059494557731,142.4908905029297,85677000
2013-11-05,141.93486821308,142.42641105706866,141.4755645400381,142.0396270751953,85825000
2013-11-06,142.6519885559353,143.03071876674326,142.25713876502314,142.76480102539062,87348000
2013-11-07,143.03080011081443,143.14361264442817,140.82288361506636,140.95986938476562,157000000
2013-11-08,140.91147490366853,142.8776460730375,140.89536761552864,142.8615264892578,136713000
2013-11-11,142.72457090694638,143.05495481818193,142.55535827626446,142.8857421875,62614000
2013-11-12,142.57949198954975,142.91792945274915,142.1201760994398,142.59561157226562,83990000
2013-11-13,141.89457816287776,143.78016394385847,141.89457816287776,143.73988342285156,103844000
2013-11-14,143.86879845562532,144.57791265908796,143.63511979983383,144.45704650878906,103435000
2013-11-15,144.690751816864,145.14200192195545,144.50541958705355,145.08560180664062,102818000
2013-11-18,145.32733372696484,145.44819988894812,144.2556086733587,144.5779266357422,104796000
2013-11-19,144.50541651062187,144.94054701822694,144.0138735932598,144.263671875,93891000
2013-11-20,144.55368822785383,144.98881851044683,143.4174976349213,143.81234741210938,124909000
2013-11-21,144.21525685821254,145.08552975540508,144.12661761047156,144.97271728515625,92841000
2013-11-22,145.02916140581752,145.71410237319768,144.85994879688698,145.69798278808594,81296000
2013-11-25,145.95583626803113,145.98806314025146,145.34341503508614,145.5529327392578,79486000
2013-11-26,145.62547037300584,146.0283739514403,145.3756721216791,145.59323120117188,86994000
2013-11-27,145.74631740225797,146.04447437220907,145.56903886735944,145.94776916503906,58800000
2013-11-29,146.10901480225218,146.45550610874238,145.6899914795453,145.8511505126953,55870900
2013-12-02,145.92355515305925,146.19752652291587,145.24668037024773,145.47230529785156,99726000
2013-12-03,144.99694688523886,145.3595576594831,144.3764719097993,144.84384155273438,116563000
2013-12-04,144.3200020571783,145.43200707443575,143.71564696028162,144.82765197753906,123033000
2013-12-05,144.56983133349436,144.83574910887756,144.05411536489504,144.19110107421875,106934000
2013-12-06,145.58514778556753,145.9397048293897,145.1661247069014,145.80271911621094,127728000
2013-12-09,146.22981327698673,146.3909722354961,145.98001504695117,146.17340087890625,70124000
2013-12-10,145.83502098141216,146.14123173047986,145.56104941416484,145.64968872070312,80976000
2013-12-11,145.7060549154739,145.7302281463476,143.83657642363426,144.01385498046875,130591000
2013-12-12,143.94936352001346,144.1266420455511,143.2402494178629,143.5384063720703,115565000
2013-12-13,143.83658793053863,143.96552003594033,143.24835210615157,143.52232360839844,107808000
2013-12-16,144.19920716080478,144.89220189835913,144.1589143385524,144.41677856445312,96195000
2013-12-17,144.54572195524938,144.56989519135826,143.63515574300183,143.9574737548828,89886000
2013-12-18,144.17500314624834,146.43931910308544,142.88571917892682,146.41514587402344,234906000
2013-12-19,145.99610015680534,146.41512322178596,145.61738219487955,146.24591064453125,136531200
2013-12-20,146.3917643799095,147.44500328563038,146.2945465112687,147.09661865234375,197087000
2013-12-23,147.81769128605507,147.97162783139441,147.5098305577716,147.88250732421875,85598000
2013-12-24,147.89060303032971,148.27138952376308,147.8825056615485,148.20657348632812,45368800
2013-12-26,148.53875441852878,149.04107562946845,148.52255968059828,148.96005249023438,63365000
2013-12-27,149.15448027252967,149.21928394020773,148.79799828833194,148.95193481445312,61814000
2013-12-30,148.96812676441957,149.08966145442898,148.7331794768976,148.92762756347656,56857000
2013-12-31,149.1301832602598,149.6324920654297,149.01674593016926,149.6324920654297,86119900
2014-01-02,149.0573386379626,149.13026444163256,147.8420651672095,148.19854736328125,119636900
2014-01-03,148.449668552571,148.74944434777657,147.9635666909158,148.17420959472656,81390600
2014-01-06,148.66027570396943,148.71698200639668,147.51791630085418,147.74476623535156,108028200
2014-01-07,148.33620544756394,148.90333032169139,148.22278047273844,148.6521759033203,86144200
2014-01-08,148.62788215737586,148.93575526656878,148.17418222534167,148.68460083007812,96582300
2014-01-09,149.162631680905,149.17883878489306,148.10129507405247,148.78184509277344,90683400
2014-01-10,149.0329836006231,149.25173621262283,148.27141050598445,149.18692016601562,102026400
2014-01-13,148.80613760958147,149.21932601008743,146.91841192460825,147.2019805908203,149892000
2014-01-14,147.6880364567109,148.88711443441463,147.41257760874925,148.80609130859375,105016100
2014-01-15,149.1545001646257,149.83505002755044,148.8385297023824,149.6082000732422,98525800
2014-01-16,149.30031709578466,149.60819016870454,148.9357377192395,149.4137420654297,72290600
2014-01-17,149.15453431011005,149.43809063671137,148.52259324095513,148.78184509277344,107848700
2014-01-21,149.64062797782793,149.69734665748268,148.30383248833644,149.21932983398438,88621200
2014-01-22,149.47043431198546,149.53525033495393,149.00052741725827,149.31649780273438,61270900
2014-01-23,148.56313846315766,148.5874429454671,147.30736566916343,148.09323120117188,132496900
2014-01-24,147.12896212455723,147.17757103551108,144.8847559572102,144.93336486816406,208677100
2014-01-27,145.07121374920715,145.4439029775294,143.4994584007847,144.22052001953125,180843100
2014-01-28,144.32577868279253,145.26559249430284,144.309571586072,145.07925415039062,110463200
2014-01-29,143.8720988678548,144.65797627571578,143.30497402774745,143.68576049804688,216597300
2014-01-30,144.88487069404655,145.67884571396158,144.4230609494931,145.2089385986328,118938100
2014-01-31,143.41031908332138,145.25753315368803,143.3374056663746,144.3582305908203,194677900
2014-02-03,144.18809976593195,144.51216763948628,140.83394658881727,141.10940551757812,254837100
2014-02-04,141.7412963681093,142.4623576396503,141.06074665702639,142.0977783203125,165012400
2014-02-05,141.60358523152996,142.235526096595,140.7366970653076,141.9195556640625,164230500
2014-02-06,142.2517209370423,143.7910614013672,141.96005499657736,143.7910614013672,132877600
2014-02-07,144.46358644384895,145.7274687008382,143.99367928325563,145.5735321044922,170787200
2014-02-10,145.58972686434663,145.88950266006307,145.19274553101138,145.84088134765625,92218800
2014-02-11,145.96239532178333,147.80960933372947,145.86516507319908,147.43692016601562,117814100
2014-02-12,147.65571456587,148.1256217527775,147.21822159179752,147.5098876953125,94717700
2014-02-13,146.51329949081497,148.42532936929877,146.50520212185364,148.27139282226562,100542200
2014-02-14,148.1336548379803,149.3651347808746,147.99592539920312,149.0896759033203,96498400
2014-02-18,149.21935353648945,149.47052040605993,148.78995795408747,149.26797485351562,80460900
2014-02-19,148.8789453326848,149.84306327846156,148.1578843050482,148.2794189453125,126524300
2014-02-20,148.48204276747998,149.49477015948366,147.93922236885342,149.1544952392578,104998100
2014-02-21,149.43810557541326,149.79458772439781,148.9114920859402,148.98440551757812,118116400
2014-02-24,149.3003266619537,150.8153629312274,149.23551062337577,149.8107452392578,114063900
2014-02-25,149.93219295313443,150.36158817787663,149.25974079531062,149.7539520263672,117085000
2014-02-26,149.97272774230876,150.36972120660687,149.34078703580388,149.7620849609375,98677200
2014-02-27,149.54341963111588,150.58854914349962,149.37327594368685,150.5480499267578,93880800
2014-02-28,150.5237266996153,151.62557484850132,149.92419985842585,150.92881774902344,150842000
2014-03-03,149.60010061603631,150.2482486853138,148.87094176459675,149.86746215820312,167748500
2014-03-04,151.33390249273202,152.29802112813462,151.30150064958448,151.9739532470703,167545900
2014-03-05,152.1035664491777,152.37092798092115,151.86860675655663,152.11166381835938,88376900
2014-03-06,152.48432354151197,152.80839131979369,152.13593893558544,152.4600067138672,82516500
2014-03-07,153.09200916426587,153.09200916426587,151.85241922556102,152.52487182617188,114513500
2014-03-10,152.28991109870154,152.50055396764373,151.56884961523474,152.44384765625,74939200
2014-03-11,152.67067893018606,152.88943150424993,151.34198111115174,151.6903533935547,99009100
2014-03-12,150.95312813739542,151.78761467453904,150.61284079151804,151.73089599609375,104824400
2014-03-13,152.1846442153306,152.30617898092578,149.6082703684072,150.02955627441406,155014300
2014-03-14,149.76213661989323,150.531806990753,149.4299590573721,149.6082000732422,153919600
2014-03-17,150.3616730332421,151.3176942129153,150.29685699034934,150.96121215820312,98359500
2014-03-18,151.26907171395297,152.24128754541803,151.10702544004627,152.0387420654297,101804600
2014-03-19,152.0549073813189,152.26556255167927,150.2644126076116,151.22853088378906,176267300
2014-03-20,150.89639087174132,152.22508879888122,150.62902933999786,152.11166381835938,117241000
2014-03-21,152.75041867753828,153.81643896619968,151.38329968436506,151.52163696289062,163128000
2014-03-24,152.0424972495155,152.2296704749576,150.23595402478614,150.8950958251953,121411000
2014-03-25,151.66001426979915,152.12386210576946,150.7648882753869,151.61119079589844,103852000
2014-03-26,152.20522381434162,152.44935359020155,150.48006158765565,150.520751953125,119843000
2014-03-27,150.34169116039294,150.8218050830826,149.6499923506544,150.20335388183594,142383000
2014-03-28,150.6347072707036,151.70072800493435,150.54519341577802,150.94393920898438,101642000
2014-03-31,151.9041115619217,152.41678276212545,150.96829540045695,152.1807861328125,99745000
2014-04-01,152.6772394843825,153.2794247462945,152.17271360521457,153.18991088867188,89193000
2014-04-02,153.38522586876317,153.9060304105226,153.10040564658362,153.7025909423828,78774000
2014-04-03,153.93850806856966,153.9791984278284,153.02710362255414,153.49908447265625,77435000
2014-04-04,154.33726002764072,154.36980486620476,151.44028513420295,151.6844024658203,169381000
2014-04-07,151.31825290656013,151.57051582531005,149.6988829118913,150.0081024169922,140803000
2014-04-08,149.9429752967917,150.87065849127953,149.39775917886038,150.6265411376953,112660000
2014-04-09,151.03341973361054,152.29473411517827,150.59398366387555,152.24591064453125,100254000
2014-04-10,152.23779559035867,152.31103080501325,148.8606936056731,149.04786682128906,172959000
2014-04-11,148.21779511557287,149.25940375427803,147.54237487974848,147.7051239013672,167251000
2014-04-14,148.86067466742165,149.21873000501265,147.6481837669817,148.8688201904297,132382000
2014-04-15,149.17806671049902,149.99995751291175,147.70515485128857,149.8941650390625,157093000
2014-04-16,150.92765383291942,151.47287004603055,150.26036650474998,151.46473693847656,105197000
2014-04-17,151.26125765007822,152.09942693478808,151.00084927345333,151.67626953125,105255000
2014-04-21,151.7169379264729,152.25402081278622,151.52977719346785,152.20518493652344,68329000
2014-04-22,152.35982863677876,153.311923517907,152.27846032873288,152.89691162109375,85790000
2014-04-23,152.83994761124427,152.92131591533143,152.41679021234503,152.53884887695312,73869000
2014-04-24,153.2875224162851,153.30380104580553,152.11570942993745,152.8480987548828,88170000
2014-04-25,152.3517720916908,152.44128596739296,151.25319383688807,151.594970703125,100380000
2014-04-28,152.21334949803114,152.73415382407077,150.51259922891234,152.07501220703125,135121000
2014-04-29,152.56328670990428,153.0189890250075,152.23778860396104,152.7830047607422,84098000
2014-04-30,152.53077365636585,153.39335499215466,152.31918866814334,153.23873901367188,101508000
2014-05-01,153.16546053018055,153.66998628214427,152.76671482549432,153.25497436523438,93019000
2014-05-02,153.23870247587024,153.91412282153638,152.80741191081154,153.03526306152344,98122000
2014-05-05,152.2865925878882,153.43399375246767,151.86343517075403,153.3282012939453,75883000
2014-05-06,152.98643766664537,153.09223013420257,151.96110750132425,151.99365234375,85454000
2014-05-07,152.50631162910932,152.96201388893328,151.36704356259412,152.88877868652344,106500000
2014-05-08,152.75045259526684,153.84088485656233,152.23778130687074,152.7260284423828,93618000
2014-05-09,152.75044853415946,153.01897762222592,152.03433785409985,152.95388793945312,83679000
2014-05-12,153.637472455639,154.51633235441358,152.98646374355135,154.44308471679688,86940000
2014-05-13,154.64649532345615,154.95572719784522,154.4267897024539,154.58140563964844,66454000
2014-05-14,154.44306918822426,154.5163168184762,153.62931148417408,153.84902954101562,72367000
2014-05-15,153.53977767771636,153.57233493514147,151.74951344495696,152.4981689453125,154956000
2014-05-16,152.58766360803162,153.09220169909082,151.94480064963798,153.027099609375,97458000
2014-05-19,152.734114336961,153.710620643705,152.59577708172614,153.58856201171875,63839000
2014-05-20,153.51541120600294,153.5316898395151,152.22968474860153,152.6202850341797,111644000
2014-05-21,153.05969085342065,153.97924107615248,153.0352791144948,153.906005859375,89093000
2014-05-22,153.94662989974776,154.59763834935004,153.6862339700789,154.2802734375,61549000
2014-05-23,154.41866195586297,155.0045685132304,154.2803246321731,154.89878845214844,61092800
2014-05-27,155.47651141033967,155.89966880191193,155.38699758552542,155.85084533691406,72010000
2014-05-28,155.850864047553,156.0949938188057,155.476530076038,155.7369384765625,66723000
2014-05-29,156.0949999841699,156.5669684990892,155.69625426147576,156.5425567626953,64377000
2014-05-30,156.39606654941716,156.8924591548588,156.26586236049198,156.7947998046875,76316000
2014-06-02,157.01452153887968,157.04707879535923,156.21704259250285,156.9738311767578,64656000
2014-06-03,156.59135732162838,156.97382435844173,156.44488692469795,156.8924560546875,65047000
2014-06-04,156.6238715712771,157.29929163345068,156.4611225915012,157.20977783203125,55529000
2014-06-05,157.3888659864315,158.39791749942088,156.81109260644888,158.23516845703125,92103000
2014-06-06,158.57696474691588,159.03266708864416,158.5037295313433,158.9919891357422,78696000
2014-06-09,158.96756333664337,159.5371912134205,158.821080501497,159.15472412109375,65119000
2014-06-10,158.95937459241404,159.20350430664186,158.61759795927625,159.17095947265625,57129000
2014-06-11,158.60130560445546,158.78033321826143,158.25952900090365,158.61758422851562,68772000
2014-06-12,158.43047287734328,158.51998671213835,157.14473434890292,157.49464416503906,106350000
2014-06-13,157.80386740872933,158.12937788880913,157.29934168579962,157.97476196289062,82017000
2014-06-16,157.77945189584332,158.43859352890433,157.59229113487714,158.10494995117188,87424000
2014-06-17,157.88532215345816,158.65838972852833,157.71442751917732,158.54446411132812,84834000
2014-06-18,158.54438624306277,159.79756741677176,158.1944640369068,159.7080535888672,105267000
2014-06-19,159.84644036348794,159.98479011785662,159.33378138766497,159.8871307373047,85929000
2014-06-20,160.28531710020567,160.3425590847571,160.01548876544248,160.21173095703125,100587000
2014-06-23,160.25258619397073,160.30164361353548,159.86828643877416,160.1626434326172,70611000
2014-06-24,159.8764717466059,160.66960003241414,159.0179294038133,159.19781494140625,96237000
2014-06-25,158.8625890342185,160.08090257839908,158.82988824056676,159.91737365722656,82782000
2014-06-26,159.94188715648718,159.95824378998552,158.73175828318043,159.80288696289062,84312000
2014-06-27,159.42674512074063,160.16264384547245,159.35315899120386,160.11358642578125,71445100
2014-06-30,160.01548845772493,160.39978828439496,159.87648825095488,160.03184509277344,70201200
2014-07-01,160.4243550487361,161.59361144112296,160.3671255271778,161.10301208496094,90470000
2014-07-02,161.11933771711568,161.47092428941778,161.0457515707907,161.26651000976562,52475000
2014-07-03,161.72443463096496,162.1332632879259,161.60179102446088,162.05967712402344,52938800
2014-07-07,161.74889121943968,161.87970683912883,161.25829209713004,161.4954071044922,61696000
2014-07-08,161.20101306935916,161.25825502693314,160.06447075785002,160.4569549560547,108143000
2014-07-09,160.8577041436341,161.323774755692,160.5142896025458,161.1765899658203,72992000
2014-07-10,159.6229855626005,160.96394241773632,159.49215746052516,160.53875732421875,99040000
2014-07-11,160.44068148221004,160.87403875876763,160.08091035228506,160.7595672607422,64243000
2014-07-14,161.57717232120305,161.78158653584572,161.43817215242046,161.56900024414062,58658000
2014-07-15,161.66716648940854,161.9778801869462,160.55515230904254,161.26651000976562,111307000
2014-07-16,161.98603162310204,162.10867518468064,161.4218462869287,161.86338806152344,79986400
2014-07-17,161.36463882838706,161.97788167296954,159.79472616697322,160.023681640625,145398000
2014-07-18,160.54692177141285,161.82246441576146,160.45697902205734,161.658935546875,124330000
2014-07-21,161.1520158028646,161.48725816860198,160.6123591862809,161.35643005371094,67592000
2014-07-22,161.9043202381446,162.35403425609374,161.78984871325397,162.05967712402344,67678000
2014-07-23,162.30485534300743,162.59104017928084,161.9777976527959,162.41932678222656,65612000
2014-07-24,162.57475128375143,162.76280891014906,162.26403761508513,162.4275665283203,56888000
2014-07-25,161.96968916351875,162.10868937095717,161.34827426971347,161.6671600341797,76837000
2014-07-28,161.69983068115712,161.9696589663929,160.76770227600386,161.7325439453125,69259000
2014-07-29,162.03510982225907,162.26405281752918,161.01303842321133,161.03756713867188,80466000
2014-07-30,161.60988613735938,161.82248492266098,160.39158530478142,161.0620574951172,104222000
2014-07-31,159.9418771902756,160.08087737521083,157.78326333186325,157.88137817382812,183479000
2014-08-01,157.44802898109054,158.42921487992484,156.63855654086868,157.3989715576172,189261000
2014-08-04,157.70146325394504,158.87071896740875,157.0309911647208,158.5354766845703,91340000
2014-08-05,157.88959252168598,158.29842107562465,156.42597931176957,156.9983367919922,152690000
2014-08-06,156.26245273262336,157.71788140838956,156.23792401713519,157.0474090576172,94818000
2014-08-07,157.75873399508706,157.9140908118847,155.8045343828295,156.19700622558594,135733000
2014-08-08,156.54859999522847,158.11031523633244,156.13158697949297,158.0040283203125,117014000
2014-08-11,158.6009295143126,159.16511484135017,158.38834318553347,158.46192932128906,74544000
2014-08-12,158.3065639560834,158.74809322325737,157.75873529202562,158.24114990234375,73632000
2014-08-13,158.86258774881384,159.49218719051353,158.59277189311365,159.3123016357422,69047000
2014-08-14,159.57397313011776,160.06455993652344,159.42678835467544,160.06455993652344,57371000
2014-08-15,160.64508790429497,160.7922601903608,158.87894561276332,160.03184509277344,139951000
2014-08-18,160.91487111669977,161.44634308040656,160.824928363839,161.3727569580078,75424000
2014-08-19,161.7652672078942,162.337624645587,161.43820937962872,162.21498107910156,59135000
2014-08-20,161.9941873887426,162.84455758490736,161.96148660109995,162.6483154296875,72763000
2014-08-21,162.78730102849514,163.33512962673134,162.6564729367348,163.12254333496094,67791000
2014-08-22,162.9917994854192,163.27798452450284,162.50121260243864,162.86915588378906,76107000
2014-08-25,163.64587360586935,164.01381676535593,162.8363886738342,163.69493103027344,63855000
2014-08-26,163.8012237548828,164.20188016527197,163.76033841072794,163.8012237548828,47298000
2014-08-27,163.88296632054315,163.99745026382894,163.4823224248595,163.7357940673828,47874000
2014-08-28,163.19612973744634,163.75214289015344,163.03260086069255,163.64584350585938,58330000
2014-08-29,163.899339676143,164.12828263316752,163.38422426106558,164.1119384765625,65907000
2014-09-02,164.32452363670265,164.34905234789187,163.41692389333517,164.03016662597656,72426000
2014-09-03,164.659742836578,164.6842715443179,163.71125788245573,163.94020080566406,57462000
2014-09-04,164.21824046232354,164.82331117650244,163.25341112300598,163.703125,85236000
2014-09-05,163.67035024329206,164.50436362217232,163.04893560446178,164.43894958496094,102177000
2014-09-08,164.28365278623264,164.52078031725583,163.53140979833506,164.01382446289062,64146000
2014-09-09,163.86666132961986,163.98113282381013,162.64017568767133,162.9754180908203,88591000
2014-09-10,163.06534106999337,163.69494049799076,162.52569689388076,163.58865356445312,67251000
2014-09-11,162.93448679143233,163.80120107108627,162.81183077595358,163.77667236328125,66774400
2014-09-12,163.61318144081503,163.62952559884081,162.35398259126396,162.82005310058594,117409300
2014-09-15,162.8445571716785,162.97538527482644,162.20678576440062,162.69737243652344,76401000
2014-09-16,162.39485928485348,164.21823092407925,162.30491651467878,163.9238739013672,116201000
2014-09-17,164.1610099547734,164.9050683905817,163.3269962676584,164.1446533203125,151266000
2014-09-18,164.64340356424353,165.044059960326,164.43081724926674,165.01953125,94990000
2014-09-19,165.54445315364154,165.8566066529436,164.53402494905814,164.87083435058594,121649000
2014-09-22,164.58333433620854,164.60797770517428,163.25252973818064,163.59754943847656,125553000
2014-09-23,163.00612207684068,163.6879513606726,162.61181554533042,162.66110229492188,111393000
2014-09-24,162.68567474256693,164.04112243928157,162.25851474248702,163.934326171875,107276000
2014-09-25,163.50715990461782,163.51538271613242,161.23167230478964,161.28916931152344,150300000
2014-09-26,161.584967145864,162.97326909404813,161.3549539569697,162.57073974609375,103547000
2014-09-29,161.1742147887442,162.5625166272838,161.05099792398883,162.27499389648438,95112000
2014-09-30,162.3981983070698,162.8993010379308,161.51099941301544,161.84780883789062,131302000
2014-10-01,161.5849484882693,161.6424580462418,159.29302714400507,159.65447998046875,177798000
2014-10-02,159.51478657901976,160.23769211185038,158.01149103608077,159.67909240722656,157285000
2014-10-03,160.74705118551753,161.78212304707858,160.2541711638594,161.43710327148438,121569000
2014-10-06,162.11064802945648,162.32424057218302,160.6648496341685,161.2480926513672,104778000
2014-10-07,160.4184706122452,160.7799234960903,158.7262253240421,158.7590789794922,147913000
2014-10-08,158.84938944579716,161.76564238855954,158.01970017235396,161.53562927246094,186461000
2014-10-09,161.28101656749686,161.5028194663607,158.20046949630316,158.3319091796875,210705000
2014-10-10,158.29076904042788,159.07938175396376,156.4835179925706,156.5245819091797,221909000
2014-10-13,156.45889788893538,157.02570787709192,153.86302120684854,153.95338439941406,230939000
2014-10-14,154.78303985787713,155.93311774232643,153.64939505978668,154.1915740966797,215847000
2014-10-15,152.10504618278952,154.18338693433543,149.44344985840436,153.1483154296875,380715000
2014-10-16,150.3799534623979,154.09304229233166,150.24030352753704,153.01690673828125,270391000
2014-10-17,154.78308125534656,155.87564989713857,154.1258955077184,154.82415771484375,214625000
2014-10-20,154.5448608018225,156.450685718143,154.49557406339343,156.3274688720703,130011000
2014-10-21,157.46110666797045,159.53123749388763,157.29681335618127,159.42445373535156,154949000
2014-10-22,159.70376238225862,160.1145019516581,158.22509742546504,158.2908172607422,151822000
2014-10-23,159.87629435507725,161.17423312889727,159.580561311235,160.13095092773438,154944000
2014-10-24,160.3937742033161,161.4124126723631,159.76945467796293,161.3631134033203,117927000
2014-10-27,160.7881148597562,161.37958086650323,160.21308194619033,161.141357421875,82954000
2014-10-28,161.68349077766734,162.99784955909732,161.60954814673516,162.98963928222656,106736000
2014-10-29,163.10467790743206,163.57291447662246,161.66708948159052,162.74322509765625,142557000
2014-10-30,162.307879571314,164.2547814768722,162.16000678107534,163.7865447998047,113330000
2014-10-31,165.75801254444386,165.79087872013602,164.92832336243012,165.65943908691406,146903000
2014-11-03,165.873094807846,166.3084778237115,165.37199194536961,165.7498779296875,93600000
2014-11-04,165.30629289763516,165.61024879330176,164.34516352273204,165.17486572265625,93343000
2014-11-05,166.38235665297634,166.4234331112912,165.48694752167876,166.2180633544922,91709000
2014-11-06,166.25916424681674,166.9738470943814,165.64305488587422,166.88348388671875,107089000
2014-11-07,166.8999160898097,167.25315863961796,166.43988977498898,167.03956604003906,89540000
2014-11-10,167.0724276653789,167.61459435889068,166.86705788509786,167.5653076171875,66319000
2014-11-11,167.63101026693292,167.8363800261612,167.29420085345245,167.72958374023438,54499400
2014-11-12,167.04777117544438,167.7788870344358,167.01490499370564,167.5488739013672,90120300
2014-11-13,167.71321062860954,168.263600234867,166.93280782973045,167.73785400390625,85357900
2014-11-14,167.66387832263254,167.98425464921996,167.35171227398692,167.7788848876953,80417500
2014-11-17,167.45852104157512,168.05819728018307,167.29421519228953,167.88568115234375,80441000
2014-11-18,167.94319914755718,169.1589847777636,167.94319914755718,168.85504150390625,76068100
2014-11-19,168.65785344235604,168.85501291716375,167.82816415524326,168.58392333984375,82373000
2014-11-20,167.79529563649885,168.98645021154314,167.72957581247903,168.87965393066406,72840300
2014-11-21,170.57195078978833,170.73624413266037,169.20829222787106,169.7833251953125,142327300
2014-11-24,170.18578975270128,170.36651612149424,169.9722097417522,170.2597198486328,65880800
2014-11-25,170.48981150963317,170.69518133837093,169.88192483882835,170.13658142089844,79108300
2014-11-26,170.28440721568992,170.6705034183542,170.07082714955146,170.57192993164062,62167800
2014-11-28,170.44871571261106,170.76086927029675,169.97225629482244,170.21047973632812,57890100
2014-12-01,169.55333417742398,169.66834078594937,168.7154342587876,169.027587890625,103968400
2014-12-02,169.06856420169623,170.3254258698104,169.04392083838204,170.12005615234375,74507200
2014-12-03,170.2925978582392,170.9908474818442,170.12830456649536,170.7772674560547,68952000
2014-12-04,170.4897471256687,171.08943582415705,169.79970777004428,170.5883331298828,91316600
2014-12-05,170.76083372500187,171.2537261331566,170.4979669661541,170.8676300048828,91025500
2014-12-08,170.47328725563628,170.9661670239382,169.1671264129221,169.72573852539062,108588200
2014-12-09,167.8856073920744,169.71751402159708,167.5077341881989,169.6107177734375,125180100
2014-12-10,169.1507605881323,169.20825760572254,166.70274390155328,166.89169311523438,159856400
2014-12-11,167.4831974359879,169.380812542506,167.34354746438038,167.73785400390625,159012800
2014-12-12,166.4644893682512,167.43384102078957,164.9940476033174,165.0269012451172,202330200
2014-12-15,165.9223497243175,166.37416574884256,163.29361903813998,163.89329528808594,189965800
2014-12-16,163.12932321550753,166.26736689853817,162.53785725335305,162.5789337158203,259543800
2014-12-17,163.01430333652465,166.21806659106207,162.8910739591806,165.76625061035156,253910100
2014-12-18,168.18963614241468,174.95040565365042,167.51601726093492,169.86544799804688,257633900
2014-12-19,170.5138298050776,171.2572489465312,169.83650580930632,170.5881805419922,245084600
2014-12-22,170.77816400149624,171.37289428710938,170.53862581054813,171.37289428710938,148318900
2014-12-23,171.95118737965487,172.00074616108745,171.31515360869037,171.60426330566406,122167900
2014-12-24,171.82723079267222,172.0915484032343,171.57942436754888,171.6207275390625,42963400
2014-12-26,172.06673233974107,172.51278633066443,172.01717358607308,172.1741180419922,57326700
2014-12-29,171.992465212084,172.61197509659473,171.92638264526087,172.4054718017578,79643900
2014-12-30,171.98412341797103,172.11627588142056,171.4059043990667,171.48025512695312,73540800
2014-12-31,171.80247454080862,171.96767464514608,169.6548353725416,169.7787322998047,130333800
2015-01-02,170.47254275626065,170.88554919758974,168.6553043312476,169.6878204345703,121465900
2015-01-05,168.64708148544278,168.81228157325947,166.31773125812248,166.62335205078125,169632600
2015-01-06,166.928980437492,167.44937271154942,164.26096171619886,165.05393981933594,209151400
2015-01-07,166.37555138501293,167.44937089898684,165.92950987204858,167.11070251464844,125346700
2015-01-08,168.5148859394458,170.29082122362388,168.49837475641723,170.0760498046875,147217800
2015-01-09,170.48908829723226,170.5056120873232,168.10191108942752,168.71316528320312,158567300
2015-01-12,168.84530078782205,169.0022452562674,166.78852411875266,167.39151000976562,144396100
2015-01-13,168.60579178755538,169.729170120032,165.6238839596993,166.9207305908203,214553300
2015-01-14,164.91348263853635,166.111211515272,164.0213997320499,165.9129638671875,192991100
2015-01-15,166.54900663505038,166.86288300701946,164.27747086579527,164.3931121826172,176613900
2015-01-16,164.18662850345416,166.70597099593076,164.0049046119339,166.5490264892578,211879600
2015-01-20,167.1850008985163,167.4493310684787,165.34299571593226,166.90415954589844,130991100
2015-01-21,166.4416173249317,168.22580840656576,165.97905206760984,167.74671936035156,122942700
2015-01-22,168.49842947284804,170.3734702759483,167.12724459882256,170.24131774902344,174356000
2015-01-23,169.98524661622298,170.2413212891238,169.17575722964745,169.30792236328125,117516800
2015-01-26,169.09314984264265,169.7952534260455,168.3827780615787,169.7043914794922,92009700
2015-01-27,167.65583025769982,168.60573999976427,166.63983797473307,167.46585083007812,134044600
2015-01-28,168.64703747352567,168.74615497955716,165.12822736589717,165.31820678710938,168514300
2015-01-29,165.51650818201227,167.1024518135914,164.1122758358799,166.8463897705078,173585400
2015-01-30,165.67346483912053,166.99507832706456,164.48400387719852,164.74832153320312,197729700
2015-02-02,165.24388830461308,166.87939036836673,163.43491798072392,166.7885284423828,163107000
2015-02-03,167.68063958790245,169.20876868484345,167.30893625739085,169.20050048828125,124212900
2015-02-04,168.4405873095906,169.64657196321926,168.101918918727,168.5562286376953,134306700
2015-02-05,169.2169950571287,170.40645559253682,169.14265692465472,170.2577667236328,97953200
2015-02-06,170.62125595934074,171.18295139519486,169.26659504269838,169.7869873046875,125672000
2015-02-09,169.14269515542406,169.8613224730138,168.62230290257145,169.0270538330078,87219000
2015-02-10,170.05960307410575,171.08385138415224,169.06837714263187,170.82778930664062,96164200
2015-02-11,170.6625317819855,171.35637961746548,170.01824270561735,170.92684936523438,91087800
2015-02-12,171.71985574390754,172.6284751578654,170.9599252358515,172.57064819335938,97545900
2015-02-13,172.69454368851316,173.33056462266381,172.43846907159076,173.281005859375,93670400
2015-02-17,172.96706848013085,173.72701131774258,172.71927473303418,173.5535430908203,76968200
2015-02-18,173.18190224563585,173.64446754543653,172.91757201491595,173.57012939453125,80652900
2015-02-19,172.97534624270514,173.80961464663997,172.83492557693128,173.4461669921875,91462500
2015-02-20,173.0331782281016,174.56130712996128,172.41366855501633,174.48696899414062,140896400
2015-02-23,174.2391464711458,174.46217346191406,173.85917502776118,174.46217346191406,74411100
2015-02-24,174.38785846833633,175.1560571033271,174.090493287688,174.9578094482422,72472300
2015-02-25,174.83395297110542,175.31304212871333,174.47050515471588,174.80917358398438,73061700
2015-02-26,174.71828719907174,174.87523169819997,173.99964726116664,174.60264587402344,72697900
2015-02-27,174.5034889950828,174.7678191855219,173.9583300342273,174.0078887939453,108076000
2015-03-02,174.1070098663145,175.16430544173227,174.05745110558516,175.1064910888672,87491400
2015-03-03,174.67697275512717,175.15606181483415,173.52881517195365,174.3878631591797,110325800
2015-03-04,173.7931306588669,173.86748140808916,172.68627626062957,173.6527099609375,114497200
2015-03-05,173.97484964121526,174.12353853152536,173.33882872209776,173.8426971435547,76873000
2015-03-06,172.98364859577046,173.41317890386983,171.06730490510006,171.397705078125,188128000
2015-03-09,171.5959387365701,172.46324227095045,171.43899425580943,172.10806274414062,89818900
2015-03-10,170.74518923817772,170.82778299344065,169.2748741885522,169.31617736816406,157121300
2015-03-11,169.57217657973325,169.7456448282181,168.8370256294043,168.9196319580078,110145700
2015-03-12,169.5474329380123,171.13337647061587,169.497874171987,171.0673065185547,93993500
2015-03-13,170.79467305582406,171.75283834092306,168.9857029767861,170.01821899414062,162410900
2015-03-16,170.74513950639326,172.380641590183,170.0430234693745,172.28977966308594,136099200
2015-03-17,171.55460667379185,172.15759251056483,170.96813201877035,171.7776336669922,94510400
2015-03-18,171.30683124757832,174.51176564005567,170.67079772450302,173.8426971435547,228808500
2015-03-19,173.42963876086787,173.85090071677513,172.66144036603225,173.04966735839844,117917300
2015-03-20,173.99639149072578,175.083296458346,173.81385647904116,174.57717895507812,177715100
2015-03-23,174.58551785943564,175.15801303387462,174.23704528808594,174.23704528808594,71784500
2015-03-24,174.11261643600022,174.56894148177798,173.1916485785176,173.25802612304688,77805300
2015-03-25,173.46543463004932,173.6977496835964,170.6776413272634,170.7191162109375,159521700
2015-03-26,170.05537123840853,171.2252389858429,169.3584133966899,170.3125762939453,153067200
2015-03-27,170.19635140623822,170.87669876838024,170.00551130618186,170.7024688720703,118939000
2015-03-30,171.73131157884472,173.08372670196508,171.71472669332005,172.7850341796875,96180400
2015-03-31,171.96360057178282,172.66055812517274,171.2168757091274,171.2749481201172,126768700
2015-04-01,171.2417760098176,171.2666659960578,169.68193601760873,170.66928100585938,137303600
2015-04-02,170.60293450290862,171.73132717172223,170.42039946381973,171.28329467773438,86900900
2015-04-06,170.39548636758687,172.950963908092,170.26274398824668,172.43655395507812,114368200
2015-04-07,172.4614980599821,173.20822323643148,171.94708794554901,171.9802703857422,81236300
2015-04-08,172.20423971106177,173.00074463141883,171.81427969330997,172.56100463867188,89351900
2015-04-09,172.3950807864195,173.55665582878575,171.90556078000932,173.3243408203125,85548900
2015-04-10,173.57325759435778,174.31169017357283,173.37413767380824,174.27020263671875,72722900
2015-04-13,174.12914439239796,174.75972452913572,173.4321993930522,173.4819793701172,74436600
2015-04-14,173.2828505371855,173.9963930455423,172.66057553548654,173.81385803222656,75099900
2015-04-15,174.27850309836572,175.09989806919253,174.19552802686758,174.59378051757812,99529300
2015-04-16,174.26194181977996,175.05015452218305,174.0628092028716,174.54403686523438,68934900
2015-04-17,173.35752513560135,173.59813257219798,171.75619750508687,172.53611755371094,191113200
2015-04-20,173.4571243470922,174.4444696253035,173.37416192199962,174.1125946044922,92189500
2015-04-21,174.7929085814658,174.95055361711223,173.60644358302048,173.90513610839844,72559800
2015-04-22,174.24531243943684,174.94227014118775,173.3243448273341,174.75973510742188,78264600
2015-04-23,174.36148812213582,175.84665853711883,174.24533060310532,175.19949340820312,102585900
2015-04-24,175.6143384293135,175.87154345258304,175.15800081050318,175.6060333251953,61327400
2015-04-27,176.1701843329373,176.29463425600326,174.68501439653176,174.8758544921875,79358100
2015-04-28,174.8510512929891,175.48161898319196,173.6811707946478,175.4318389892578,86863500
2015-04-29,174.54405651764822,175.3073793114101,173.90519637105058,174.7100067138672,125684900
2015-04-30,174.13744681855195,174.52740684652383,172.26231664314207,172.9592742919922,161304900
2015-05-01,173.73917105110024,174.87586863463142,173.63961110459596,174.83438110351562,103399700
2015-05-04,175.25753173188116,175.91300183759805,175.14967933819705,175.33221435546875,70927200
2015-05-05,175.09160603354397,175.44838364955402,173.1832933266122,173.3243408203125,113326200
2015-05-06,173.87195706754807,174.17894206411373,171.5487941735033,172.61080932617188,135060200
2015-05-07,172.5112715607244,173.72263947585762,172.1793965303919,173.2994842529297,88244900
2015-05-08,174.96716101043745,175.78026356297747,174.884185936411,175.5811309814453,155877300
2015-05-11,175.5396205318406,175.8051179265287,174.66843307198297,174.74310302734375,75708100
2015-05-12,173.91341300842794,174.7597105314007,173.09200547199407,174.22039794921875,119727600
2015-05-13,174.62699413270371,175.24926925428832,174.02131655922287,174.25363159179688,94667900
2015-05-14,175.26588372196588,176.1619615027784,174.9920811228103,176.07069396972656,95934000
2015-05-15,176.26150512695312,176.40255263581574,175.78027751189376,176.26150512695312,76510100
2015-05-18,176.09553949672417,177.05798191288406,176.02916197488247,176.80908203125,74549700
2015-05-19,176.92523439359275,177.19903691566,176.46889685681396,176.75099182128906,72114600
2015-05-20,176.85058157999936,177.37329672479893,176.31128154758866,176.62657165527344,76857500
2015-05-21,176.48553362894427,177.34841625919387,176.319583462163,177.1409912109375,64764600
2015-05-22,176.75930935079924,177.17415941398292,176.65145694332057,176.71783447265625,57433500
2015-05-26,176.22835923642697,176.6515145413864,174.40302089530246,174.81787109375,124308600
2015-05-27,175.2741711023209,176.70954893500715,174.86761343770593,176.47723388671875,93214000
2015-05-28,176.17021111534228,176.38592856818985,175.58942361904656,176.278076171875,74974600
2015-05-29,176.2117706503356,176.25324554113234,174.91744008394502,175.1829376220703,124919600
2015-06-01,175.84665786635355,176.17853287368334,174.75144755376922,175.5396728515625,93338800
2015-06-02,175.08330724450371,176.05405477905722,174.46103221002957,175.3654022216797,91531000
2015-06-03,175.8963793424853,176.45227675797386,175.34048192699674,175.8300018310547,87820900
2015-06-04,175.12482989319332,175.78028749043622,174.02961953601317,174.34490966796875,151882800
2015-06-05,174.19555883491697,174.7182740253216,173.3907486078771,174.0462188720703,121704700
2015-06-08,173.9383617105217,174.0877143403882,172.90123638724768,172.9759063720703,89063300
2015-06-09,172.95098876953125,173.49030144767775,172.32042123131572,172.95098876953125,105034700
2015-06-10,173.71429518187028,175.40689037129914,173.65622276176234,175.0252227783203,134551300
2015-06-11,175.4650453945855,175.97116316907213,175.23273028435136,175.58950805664062,73876400
2015-06-12,174.76800006322568,175.4649449951425,173.97148252659449,174.2452850341797,135382400
2015-06-15,173.1086208896227,173.78067591599498,172.40337077095992,173.4985809326172,124384200
2015-06-16,173.3492477236761,174.5274330875997,173.17501778043052,174.4444580078125,85308200
2015-06-17,174.7265625,175.33225276281615,173.70603479640596,174.7265625,126708600
2015-06-18,175.32390383786228,177.0081938141268,174.7597139184238,176.54356384277344,165867900
2015-06-19,176.3017778218902,176.3768109906399,175.38466335339805,175.7598419189453,130478700
2015-06-22,176.67695659843193,177.24389083650507,176.45184437011525,176.6602783203125,70696000
2015-06-23,176.86880962289496,177.11893304516468,176.3935865702076,176.78543090820312,68476800
2015-06-24,176.5185779533559,176.89375658989982,175.47640800639996,175.5014190673828,92307300
2015-06-25,176.00159493005566,176.12665018466365,174.89272502594616,174.96775817871094,97107400
2015-06-26,175.32635352834328,175.56814411418458,174.38424041488037,174.93450927734375,104174800
2015-06-29,173.45875114834269,174.9427999864751,171.19098855307968,171.26602172851562,202621300
2015-06-30,172.8001770178951,172.85021188107152,171.14938274364292,171.62461853027344,182925100
2015-07-01,173.19198460957617,173.44210796677788,172.21651496611176,173.00022888183594,135979900
2015-07-02,173.47547496516904,173.64221963939704,172.4249593461065,172.84182739257812,104373700
2015-07-06,171.5578830488215,173.1252982860013,171.3577818024183,172.3499298095703,117975400
2015-07-07,172.55000349604325,173.55881690458054,170.17385087151584,173.4337615966797,173820200
2015-07-08,172.09982401155173,172.38329126489245,170.2906179932704,170.52406311035156,164020100
2015-07-09,172.61672967082305,172.87519856778974,170.72415773962516,170.83253479003906,144113100
2015-07-10,172.82510865174763,173.40038845669895,170.87416970419113,172.9835205078125,129456900
2015-07-13,174.24247873239707,175.0011687694546,174.20078939102447,174.89279174804688,106069400
2015-07-14,174.85109465607158,175.95996493406554,174.79272703637704,175.65147399902344,81709600
2015-07-15,175.69313809511496,176.15169532040034,175.11785836901134,175.5930938720703,97914100
2015-07-16,176.6436079459637,177.0021209716797,176.40183015050818,177.0021209716797,106683300
2015-07-17,176.99380980423336,177.21058930613975,176.5852873062746,177.1522216796875,89030000
2015-07-20,177.37738889162435,177.7358893761019,176.92717690989346,177.24398803710938,70446800
2015-07-21,177.1104981066195,177.36896690292505,176.24341843197277,176.54356384277344,77965000
2015-07-22,175.8599302436575,176.56027815967443,175.82658640089568,176.22677612304688,88667900
2015-07-23,176.3601370692926,176.46018129676366,174.87608832674283,175.23458862304688,90509100
2015-07-24,175.33472532004032,175.39308023867378,173.08364012548387,173.41712951660156,117755000
2015-07-27,172.53333219491864,173.04191167062774,171.96638509196006,172.40826416015625,132361100
2015-07-28,173.24196436651047,174.66765824861352,172.41657402795545,174.5259246826172,123544800
2015-07-29,174.65103579980737,175.9516620887631,174.50930218850357,175.7265625,105791300
2015-07-30,175.217919792156,175.9349330931648,174.60095071674886,175.7681884765625,91304400
2015-07-31,176.26845462172625,176.2934656827091,175.21795189504306,175.5014190673828,103266900
2015-08-03,175.46812984148264,175.52648476133868,173.95905660227538,174.90951538085938,113965700
2015-08-04,174.83441582600307,175.29297311573126,174.08405860412074,174.567626953125,81820800
2015-08-05,175.4597859681181,176.17679963033186,174.85949486850632,175.14297485351562,85786800
2015-08-06,175.32634530357268,175.43473505916185,173.12528267877659,173.7089080810547,116030800
2015-08-07,173.55047160996344,173.7005379686232,172.4749451523665,173.37538146972656,117858000
2015-08-10,174.4842574429596,175.64314989691428,174.4842574429596,175.55978393554688,80270700
2015-08-11,174.22583137864711,174.64269942277045,173.2170051142753,173.9757080078125,126081400
2015-08-12,172.67506764659507,174.36755074979908,171.2160296112949,174.1841278076172,172123700
2015-08-13,174.02570109250638,174.7093706772288,173.42541019141387,173.96734619140625,89383300
2015-08-14,173.77554911505968,174.67598531825396,173.6338155536956,174.6009521484375,72786500
2015-08-17,174.00897114456424,175.57638549804688,173.55041399788198,175.57638549804688,79072600
2015-08-18,175.30131614183904,175.6514837139726,174.83442604566096,175.06787109375,71692700
2015-08-19,174.3258205748909,175.09285600718206,172.87512838151815,173.68385314941406,172946000
2015-08-20,172.1748281472573,173.65887730749114,169.99877653472075,170.05714416503906,194327900
2015-08-21,168.18955347177467,170.0321155609395,164.67953216633668,164.93798828125,346588500
2015-08-24,156.31714588799085,164.64615924941685,152.07342055854252,157.99295043945312,507244300
2015-08-25,162.9370352578318,162.95371354145988,155.8419458295441,156.13375854492188,369833100
2015-08-26,160.14398522546526,162.40340227776665,157.05081959287378,162.12828063964844,339257000
2015-08-27,164.2626591901485,166.26362036631141,162.75359916753715,166.13856506347656,274143900
2015-08-28,165.49658334975751,166.61378645112822,165.01301498010434,166.1468963623047,160414400
2015-08-31,165.1714571207478,166.02187149373609,164.254342334015,164.8046112060547,163298800
2015-09-01,161.01109506866067,162.3867671258326,159.0184665026377,159.88555908203125,256000400
2015-09-02,162.26167538279665,162.96202320130396,160.42745896303018,162.9203338623047,160269300
2015-09-03,163.62899367032688,165.12138796903685,162.54514724058606,163.03704833984375,152087800
2015-09-04,160.78597809066974,161.62804679436817,159.75214096468508,160.56919860839844,207081000
2015-09-08,163.3622791217533,164.75461710077136,162.72029866184022,164.6045379638672,116025700
2015-09-09,166.18027845850835,166.30533377944414,162.0366092008,162.4034423828125,149347700
2015-09-10,162.21162888709986,164.42936908185118,161.9531728346661,163.2871551513672,158611100
2015-09-11,162.89532399093918,164.09590572079074,162.18664338818505,164.02920532226562,119691200
2015-09-14,164.20427649476838,164.25429861131062,162.93699441456607,163.42056274414062,79452000
2015-09-15,163.92080987050704,165.90510531161007,163.3788866438561,165.46322631835938,113806200
2015-09-16,165.76339385199034,167.08903100857285,165.4215590465416,166.8972625732422,99581600
2015-09-17,166.76387002000322,169.15668815047755,166.14690083072153,166.52207946777344,276046600
2015-09-18,164.01880987005143,166.50786789515337,163.3902568927763,163.8009033203125,223657500
2015-09-21,164.6305891335132,165.66978848327827,163.5997658860086,164.64735412597656,105726200
2015-09-22,162.48512807068556,162.97121054142366,161.37886876736252,162.51026916503906,153890900
2015-09-23,162.67785382616628,163.1471712270909,161.67217185447925,162.2504425048828,92790600
2015-09-24,161.03523499204192,162.12472915587193,159.70270601966715,161.66378784179688,159378800
2015-09-25,163.12202764694086,163.42373351263564,160.7502868003842,161.62188720703125,155054800
2015-09-28,160.72520407056442,160.83415735794168,157.2555917492138,157.565673828125,178515900
2015-09-29,157.78349409278962,159.0154584188091,156.6604702066107,157.65777587890625,159045600
2015-09-30,159.5434342791708,160.7670225082803,158.76403506104677,160.5994110107422,163452000
2015-10-01,160.97660282342954,161.32021483947682,159.08256786590152,161.0185089111328,131079000
2015-10-02,159.04060203189462,163.44884714027629,158.49584867228302,163.4237060546875,211003300
2015-10-05,164.647331093964,166.5581307533342,164.5383778401069,166.33184814453125,126320800
2015-10-06,166.1977784415177,166.75928420829425,165.09990800289916,165.76197814941406,110274500
2015-10-07,166.69218957934794,167.4716016642994,165.50213120205433,167.11961364746094,124307300
2015-10-08,166.73409610650796,168.91308416476795,166.4323902644095,168.62814331054688,153055200
2015-10-09,168.7706200665533,169.20640746419622,168.10016119364352,168.7287139892578,107069200
2015-10-12,168.80412730347533,169.0890681515825,168.37671603131454,168.887939453125,56395600
2015-10-13,168.15884675409936,169.42434143886834,167.65601210879015,167.82362365722656,88038700
2015-10-14,167.76494043382095,168.34321110380344,166.72574123600018,167.01905822753906,99106200
2015-10-15,167.68113366653773,169.59193322957273,167.3123806301731,169.58355712890625,134142200
2015-10-16,169.98581547086303,170.37132068160702,169.22316836151685,170.3545684814453,114580100
2015-10-19,169.7092981902237,170.43841552734375,169.39921615727704,170.43841552734375,76523900
2015-10-20,170.00259578875122,170.83227734943787,169.75117209632427,170.22048950195312,78448500
2015-10-21,170.6394734313065,170.79031992865305,168.9968502174489,169.1644744873047,102038000
2015-10-22,170.111509053374,172.23182592847675,169.16449829269143,172.02230834960938,174911700
2015-10-23,173.69008055517259,174.2767272443333,172.8939162778874,173.90797424316406,144442300
2015-10-26,173.73206036672747,173.79071866657026,173.11188343900216,173.4806365966797,69033000
2015-10-27,172.81010415201033,173.48056299169156,172.4664922383321,173.1453399658203,77905800
2015-10-28,173.48061775933203,175.13999400075386,172.81854759844293,175.11485290527344,135906700
2015-10-29,174.61198147797265,175.3830047490535,174.49465212776337,175.01425170898438,90525500
2015-10-30,175.20700293085025,175.5254737879926,174.10075660741566,174.25997924804688,131076900
2015-11-02,174.5868408471371,176.51439263594077,174.46112260790636,176.32164001464844,86270800
2015-11-03,175.9696589159223,177.38600006681244,175.7433763067183,176.83287048339844,95246100
2015-11-04,177.1261725166253,177.2518779531897,175.76011376224523,176.29647827148438,96224500
2015-11-05,176.3551879167048,176.81612929827372,175.2321763964768,176.1205291748047,78408700
2015-11-06,175.77690939553904,176.26299181489833,174.70418019003608,176.0283203125,110471500
2015-11-09,175.41656550519926,175.56742487175757,173.43871826193913,174.3857421875,131008700
2015-11-10,173.90801773697598,174.82152436849697,173.6398418068349,174.78799438476562,75874600
2015-11-11,175.05616889469752,175.10645107827153,174.03372186888976,174.10076904296875,67846000
2015-11-12,173.0615183821333,173.53083570794695,171.6535664046923,171.67031860351562,121315200
2015-11-13,171.2597162378276,171.5278921550629,169.65899847215078,169.7427978515625,153577100
2015-11-16,169.55839847536257,172.38269144815004,169.44105635054686,172.3240203857422,117645200
2015-11-17,172.6341033533533,173.5140669260381,171.7038448214845,172.19830322265625,121123700
2015-11-18,172.67597851843675,175.07285980385765,172.6340852387526,174.93038940429688,121342500
2015-11-19,174.81310398174264,175.19862199754098,174.48625703293217,174.7795867919922,88220500
2015-11-20,175.53386378238736,176.0953694832022,175.03940525616932,175.41653442382812,94011500
2015-11-23,175.47511644972147,175.97795082211576,174.75437567348197,175.21531677246094,64931200
2015-11-24,174.2096893297508,175.85231293454058,173.82418410838238,175.45004272460938,98874400
2015-11-25,175.57578858457168,175.77693012980754,175.16512939186023,175.42494201660156,51980100
2015-11-27,175.517069100086,175.82716382863123,175.03937564531228,175.6260223388672,37317800
2015-11-30,175.7852488515511,175.90257818432067,174.78794312904074,174.8968963623047,112822700
2015-12-01,175.52546763035855,176.6820088811428,175.2489028622171,176.56466674804688,97858400
2015-12-02,176.5143660168775,176.83283682937392,174.51137847141774,174.76280212402344,108441300
2015-12-03,175.0142773246412,175.28245325525342,171.59494789072716,172.31568908691406,166224200
2015-12-04,172.3156725330037,175.96966035065273,172.3156725330037,175.67633056640625,192913900
2015-12-07,175.3494162639031,175.76845134454288,173.64813485954045,174.61192321777344,102027100
2015-12-08,173.05316968576795,174.56168624677528,172.45813404692703,173.4386749267578,103372400
2015-12-09,172.8017509958119,174.88853826661926,171.11722117910855,172.08938598632812,162401500
2015-12-10,172.15644016941516,173.84095726678345,171.9217814530039,172.5335693359375,116128900
2015-12-11,170.42161596421371,171.08368593413098,168.8795567545404,169.1896514892578,211173300
2015-12-14,169.34890738654443,170.17021287319162,167.57218927991457,170.04449462890625,182385200
2015-12-15,171.55300981600035,172.7346921593939,170.01933943609507,171.82957458496094,154069600
2015-12-16,172.95259575159645,174.645501651764,171.6368317866301,174.3437957763672,197017000
2015-12-17,174.65388239389682,174.72092956664895,171.67035354010022,171.68711853027344,173092500
2015-12-18,170.94691963686665,171.08179917599455,168.46832640071943,168.62850952148438,251393500
2015-12-21,169.8003255285047,170.19656384250655,168.6874827238922,170.01951599121094,99094300
2015-12-22,170.9047326303982,171.85739236404658,169.9183562341986,171.56231689453125,111026200
2015-12-23,172.56557498754754,173.7289993524299,172.47283807637507,173.6868438720703,110987200
2015-12-24,173.4339217902471,173.94818777080295,173.1810017751457,173.4001922607422,48539600
2015-12-28,172.7089222548446,173.04614042610552,171.93331016970558,173.00399780273438,65899900
2015-12-29,174.09997460624697,175.17908826127268,174.06625793254906,174.8502960205078,92640700
2015-12-30,174.6057465465948,174.6900574939759,173.46761307717205,173.61093139648438,63317700
2015-12-31,172.9365444743356,173.57726411896667,171.87428283691406,171.87428283691406,114877900
2016-01-04,169.02470737729644,169.47995304876915,167.4228894178709,169.47152709960938,222353500
2016-01-05,169.7919564218734,170.21348562139548,168.65383530159394,169.75823974609375,110845800
2016-01-06,167.21214413008352,168.6622051229766,166.58828935540473,167.6168212890625,152112600
2016-01-07,164.67460325391284,166.4534570404176,163.20767696731886,163.59548950195312,213436100
2016-01-08,164.55653231278043,165.1129538128163,161.51309169258369,161.7997283935547,209817200
2016-01-11,162.71867774379808,163.05590878200323,160.02933257438642,161.95993041992188,187941300
2016-01-12,163.40155500404893,164.01698392014976,161.14215222113893,163.26666259765625,172330500
2016-01-13,163.93268573198264,164.27834272629687,158.81532848192018,159.1947021484375,221168900
2016-01-14,159.80171165185732,162.92945090371774,158.20833189652004,161.8081817626953,240795600
2016-01-15,157.45800285707142,159.13568064709096,156.4041799782958,158.33477783203125,324846400
2016-01-19,160.14735061786772,160.27380420958087,156.97744336907945,158.5455322265625,195244400
2016-01-20,155.99102579083947,158.07338014777642,152.61036773180177,156.5137176513672,286547800
2016-01-21,156.98591478207572,159.228440413078,155.6623068817454,157.3905792236328,195772900
2016-01-22,159.99554772623839,160.82174097213112,159.23680066466977,160.61941528320312,168319600
2016-01-25,160.11360839355606,160.3075081734972,157.997536987637,158.19143676757812,130371700
2016-01-26,158.8490429279834,160.6278964509055,158.5118247544825,160.3496856689453,141036800
2016-01-27,159.82693898727493,161.49619024417947,157.70242920136823,158.60450744628906,185681700
2016-01-28,160.14734498842466,160.3496707280536,157.7867794017223,159.4307403564453,143798800
2016-01-29,160.1978876241089,163.4520920768119,160.0798600165619,163.31719970703125,210529300
2016-02-01,162.314018537112,164.04229067887618,161.73230623370387,163.25823974609375,136061600
2016-02-02,161.83347120425384,161.84189715589827,159.7932588700517,160.3159637451172,182564900
2016-02-03,161.36983656237945,161.68176410246153,157.73625635075018,161.277099609375,205054900
2016-02-04,160.77958617091525,162.49941871660846,160.14729271287396,161.5299072265625,139531800
2016-02-05,161.01567798450176,161.58895134209288,157.82048044601333,158.45277404785156,180788300
2016-02-08,156.6149455486678,156.91000823816955,154.1110613436716,156.3198699951172,191526700
2016-02-09,154.5831537838088,157.60130371702277,154.44826138293897,156.32827758789062,184513100
2016-02-10,157.1544756864922,158.7815717708362,156.06692344935064,156.19338989257812,148214100
2016-02-11,153.72324244853974,155.2070332423687,152.66941960703548,154.16163635253906,219058900
2016-02-12,155.9320903264691,157.35684824409887,155.08903191023703,157.33999633789062,127632400
2016-02-16,159.14415155960603,160.02092671139553,158.18306541489093,159.99563598632812,120250700
2016-02-17,161.15897844483843,162.97998690347998,161.03251202007326,162.60903930664062,136009500
2016-02-18,162.8788033190904,162.9378235539374,161.6310810787867,161.94300842285156,102343000
2016-02-19,161.1674172080311,162.01890126735088,160.56041434022336,161.86715698242188,114793000
2016-02-22,163.44364484690635,164.35414899997147,163.37619866548928,164.21083068847656,103640300
2016-02-23,163.5532945241324,163.82307932901813,162.01892239045185,162.136962890625,111455300
2016-02-24,160.71217722714357,163.15704068573677,159.6077731227988,162.8788299560547,150812200
2016-02-25,163.32567486757412,164.86004709204892,162.56692757101848,164.8516082763672,110728300
2016-02-26,165.7199029634104,165.81262698594284,164.31198490429745,164.47216796875,129833700
2016-02-29,164.4891160692248,165.4333373098158,162.98847322726425,163.182373046875,125918100
2016-03-01,164.40476411830258,167.1025604717824,163.93265361565753,167.01824951171875,141799700
2016-03-02,166.7063516447515,167.81918190324672,166.29324844973772,167.7686004638672,102415000
2016-03-03,167.59156085410075,168.44305800594853,167.0182873607036,168.4261932373047,95172200
2016-03-04,168.62003825160113,169.7497458306991,167.79384495325377,168.97412109375,129293600
2016-03-07,168.05517107764842,169.51367061419285,167.97929894842989,169.10899353027344,100219000
2016-03-08,168.03835062068885,168.54417777416353,167.10255559310772,167.26272583007812,123974900
2016-03-09,168.07204820145247,168.4345569770791,167.28799754972553,168.0889129638672,94801200
2016-03-10,168.5778504941788,169.51364520640868,166.40275973429195,168.2237548828125,156838700
2016-03-11,169.6738589665338,170.9806015203438,168.2069461885924,170.93844604492188,137964500
2016-03-14,170.4326625925799,171.17454512106875,170.10387038253248,170.71929931640625,73612000
2016-03-15,169.75816509438127,170.74454144381465,169.49681916385336,170.4410400390625,93169100
2016-03-16,169.96051635333183,171.83210634515947,169.91836087595732,171.42742919921875,129303200
2016-03-17,171.34314903469127,173.02082657892635,170.94691066119776,172.51499938964844,134278500
2016-03-18,173.01495584424373,173.53187424367286,172.701419627185,173.1929168701172,138372400
2016-03-21,172.9302388198123,173.66747828660118,172.70143545996896,173.4386749267578,72926700
2016-03-22,172.66748565017772,173.91317382020262,172.5064893309166,173.3454132080078,97471900
2016-03-23,172.9641377131054,173.1505681737441,172.03198540991207,172.20147705078125,81052500
2016-03-24,171.17610725384458,172.15910186414206,170.95578622618342,172.1251983642578,84360900
2016-03-28,172.54040388108646,172.7522554642158,171.77774335397856,172.22686767578125,62408200
2016-03-29,171.820172829653,173.93022010610332,171.51510590932764,173.82005310058594,92922900
2016-03-30,174.81994487938724,175.3029598090337,174.21828063922183,174.58267211914062,86365300
2016-03-31,174.4894540415597,174.91315723940892,173.99795678040715,174.15896606445312,94584100
2016-04-01,173.16750911313966,175.53176736306241,172.85395994142385,175.3453369140625,114423500
2016-04-04,175.2690546011857,175.47243677743458,174.47249057387086,174.77755737304688,63497000
2016-04-05,173.43867285349214,174.78604597682616,172.7776968710869,173.03192138671875,99662200
2016-04-06,173.03190307804113,174.98094025112778,172.85394205681024,174.92161560058594,91839800
2016-04-07,173.83696804503958,174.1928772216563,172.09978214243185,172.82855224609375,113859000
2016-04-08,174.00643500437033,174.4386205635236,172.760746505157,173.29461669921875,95040600
2016-04-11,173.93012339335658,174.6250026873143,172.79460218314483,172.8878173828125,83757500
2016-04-12,173.05729110844524,174.77752461935836,172.61663627434967,174.4978790283203,115350600
2016-04-13,175.41315254798303,176.3453049075951,175.2775643992399,176.26055908203125,96336400
2016-04-14,176.3198524369293,176.76897678579215,175.92157040221767,176.2689971923828,65212900
2016-04-15,176.26896597530424,176.4045540759585,175.7520476556538,176.07406616210938,75761600
2016-04-18,176.07406054605502,177.3451698557611,175.41308473943926,177.311279296875,82531000
2016-04-19,177.73499977198375,178.12479942403957,177.0570721544678,177.87057495117188,88316100
2016-04-20,177.91299661996968,178.73498198033556,177.43845103674758,178.0401153564453,81100300
2016-04-21,178.057001050569,178.16716800323152,176.8113128010852,177.08248901367188,85695000
2016-04-22,176.72657993244698,177.35365229586503,176.18424043766717,177.08248901367188,99251700
2016-04-25,176.4808531477876,176.81982346782792,175.87071950211055,176.77745056152344,66166500
2016-04-26,177.14183050563952,177.5485948928953,176.56560035262072,177.04014587402344,75864200
2016-04-27,176.65880402601422,177.79432543947834,176.30289490822972,177.40452575683594,77329400
2016-04-28,176.65036822776358,177.75198635557425,175.37925845223072,175.7944793701172,97216200
2016-04-29,175.17580955389846,175.5232491969226,173.74369101639257,174.84532165527344,142424100
2016-05-02,175.34528258377605,176.41300969961898,174.9131100933998,176.2350616455078,62188000
2016-05-03,175.0063301736889,175.24360287272106,173.95554184198056,174.70126342773438,106422100
2016-05-04,173.70980679084445,174.43857666186707,173.22677903580248,173.72674560546875,92243800
2016-05-05,174.19286831503095,174.54877747344975,173.26919838505867,173.69290161132812,67619200
2016-05-06,172.9217325732904,174.37080307810095,172.76920564141264,174.32843017578125,89315000
2016-05-09,174.20130986701582,174.9046456791933,174.02334886427658,174.47247314453125,74374900
2016-05-10,175.1758666469914,176.65882797062716,175.1080725776919,176.64187622070312,77472200
2016-05-11,176.18428717716878,176.71814447543505,174.98944091796875,174.98944091796875,81727000
2016-05-12,175.65885569735008,175.82834731079288,174.03183706537783,175.04025268554688,89586300
2016-05-13,174.74367267247877,175.29448163900955,173.1929174688306,173.51492309570312,96474600
2016-05-16,173.68442685674904,175.70124535905617,173.62510220030677,175.22669982910156,77486800
2016-05-17,174.95557270476823,175.24368784609737,173.06584667278338,173.59124755859375,114924900
2016-05-18,173.2437772589709,174.81995377820982,172.55738010114683,173.64205932617188,120062100
2016-05-19,172.92175363194215,173.32850509687862,171.8370744385142,173.04039001464844,115430500
2016-05-20,173.65053228615866,174.650478644596,173.59968996682053,174.13356018066406,104990400
2016-05-23,174.15051288649207,174.4301585955466,173.70987079682823,173.89630126953125,58682600
2016-05-24,174.70980211521845,176.4639398326518,174.68438095384093,176.150390625,93537800
2016-05-25,176.82828119514468,177.76043335068047,176.1503535302454,177.34519958496094,76621400
2016-05-26,177.48074187887926,177.7095451544151,177.08245996347625,177.39599609375,55280700
2016-05-27,177.55708811938115,178.1672218517118,177.50624579675315,178.15875244140625,64211200
2016-05-31,178.42989685111044,178.54006382536642,177.2604718333041,177.81976318359375,109879400
2016-06-01,177.2096634975956,178.36213698719126,177.01476360071948,178.18418884277344,69936200
2016-06-02,177.7858797671181,178.7434402843368,177.31133421338203,178.72650146484375,63044700
2016-06-03,178.16720579410213,178.5400667002992,176.98931134792298,178.192626953125,101757100
2016-06-06,178.54851283883448,179.45524382712608,178.38750356574386,179.09933471679688,64887000
2016-06-07,179.25186150671053,179.93825857110662,179.22644035102138,179.37896728515625,60974800
2016-06-08,179.51454452608584,180.0907875243807,179.38743875534112,179.9636688232422,66170900
2016-06-09,179.2349286731146,179.836592925502,178.96376534035116,179.71795654296875,73786900
2016-06-10,178.3451058045161,178.6840630957541,177.47226556531416,178.01461791992188,113829200
2016-06-13,177.4130192122889,178.2688950927016,176.55714333187618,176.64187622070312,117751200
2016-06-14,176.26052776899468,176.8876131477305,175.34532732316208,176.29441833496094,125059300
2016-06-15,176.29440241797562,177.41298494979887,175.86222985634978,176.0486602783203,109124500
2016-06-16,176.04869354899654,176.7435730586443,174.2182924766721,176.57408142089844,149533100
2016-06-17,176.47011618017717,176.49566953304955,175.26054315288454,175.91644287109375,117055700
2016-06-20,177.8755912887902,178.5485178186072,176.96414516867182,177.04933166503906,82789600
2016-06-21,177.4327180900244,177.96083819196116,176.98977152195235,177.55197143554688,72461700
2016-06-22,177.7308159554772,178.45486236220714,177.11750942210634,177.2623291015625,95560500
2016-06-23,178.71895691353055,179.62187698505792,178.2589834234159,179.57077026367188,102731400
2016-06-24,173.45470414468605,179.6047957109169,172.67955111125858,173.12249755859375,333444400
2016-06-27,171.71699607695817,171.7255225262651,169.21266353631458,170.0218963623047,230775800
2016-06-28,171.623305065418,173.1139780365979,171.31665182001268,173.0884246826172,159382400
2016-06-29,174.48539942212344,176.26568575451566,174.3831860051859,176.03570556640625,137328600
2016-06-30,176.50425916404453,178.4889729349765,175.95057265912678,178.4378662109375,165021900
2016-07-01,178.43783741644256,179.29817712440217,178.27599081800903,178.81263732910156,106055300
2016-07-05,177.9863405319092,178.0970803915935,176.930100630808,177.5263671875,109803700
2016-07-06,177.0323211874561,178.71039406322262,176.37642144980018,178.5911407470703,96021500
2016-07-07,178.77005163259213,179.43446496128354,177.71381146782082,178.48043823242188,85593800
2016-07-08,179.77519856716046,181.38512517532322,179.54520533809736,181.13809204101562,133971000
2016-07-11,181.5980735130661,182.34767335157056,181.39363364866333,181.77694702148438,73633900
2016-07-12,182.73951473729417,183.39541464824282,181.80251486451039,183.09727478027344,101275600
2016-07-13,183.51461698511312,183.52313043699377,182.5861438223003,183.07167053222656,87324100
2016-07-14,184.3323481790319,184.56234135354606,183.7020148085183,184.09384155273438,91230900
2016-07-15,184.65605216198605,184.85196554560372,183.4038858015429,183.84683227539062,107155400
2016-07-18,183.96608149334548,184.5027279208938,183.71053495653027,184.34088134765625,58725900
2016-07-19,183.92354068706234,184.18760075127324,183.67652052953488,184.15353393554688,54345700
2016-07-20,184.1534935758465,185.1586268899919,184.1534935758465,184.9201202392578,58159500
2016-07-21,184.80943298769506,185.03089978296316,183.77873309932338,184.2216796875,67777300
2016-07-22,184.3409212505255,185.0990345753437,184.07686120445751,185.0479278564453,62787500
2016-07-25,184.84350426323465,184.8946109866342,183.96613751783332,184.5453643798828,55873100
2016-07-26,184.44307799515505,184.98823782523522,183.78717830974068,184.63047790527344,70080500
2016-07-27,185.00531412403691,185.07346074090879,183.6679611384984,184.43460083007812,84083900
2016-07-28,184.23868801764283,184.93718114385538,183.77871456688854,184.64756774902344,65035700
2016-07-29,184.38349187444857,185.3034386969352,184.1023919573851,184.9456787109375,79519400
2016-08-01,185.00534225200298,185.39716911154125,184.34092888353362,184.79238891601562,73311400
2016-08-02,184.54530878477047,184.69864190641763,182.77354891834582,183.6083221435547,92295500
2016-08-03,183.54870710658165,184.204606918532,183.25058028125014,184.1449737548828,53993600
2016-08-04,184.25569483617224,184.65604804440085,182.50096187975078,184.34088134765625,46585500
2016-08-05,184.3408719822423,185.8911650309218,184.3408719822423,185.84857177734375,71892200
2016-08-08,186.0360266481112,186.1382530864224,185.47383972677943,185.73789978027344,39906500
2016-08-09,185.8059915214018,186.34262492404972,185.52489164495,185.84857177734375,51251700
2016-08-10,185.95929347107847,186.0359535214485,185.03933387373343,185.38858032226562,57941100
2016-08-11,185.91674052230485,186.49598024514216,185.65268051536748,186.2489471435547,72504300
2016-08-12,185.94230799561387,186.30008099732774,185.68677441958778,186.08712768554688,61313500
2016-08-15,186.45341923045174,186.97302588150868,186.44490577630455,186.623779296875,49813500
2016-08-16,186.20638433318723,186.2745179562473,185.66122436523438,185.66122436523438,53213600
2016-08-17,185.69525506641838,186.146714967824,184.86048187105433,186.0104217529297,75134300
2016-08-18,185.98487945182433,186.46189273466416,185.87415258107467,186.42782592773438,52989300
2016-08-19,185.9593752599649,186.33417522346545,185.47384839644144,186.15528869628906,75443000
2016-08-22,185.91679628320082,186.3767828183617,185.5505227437594,186.14678955078125,61368800
2016-08-23,186.76005207653185,187.0581919083206,186.4619122447431,186.52154541015625,53399200
2016-08-24,186.37672479739823,186.4704247663063,185.1501117490151,185.5675048828125,71728900
2016-08-25,185.18418122816422,185.85712092302123,185.03086109372353,185.43972778320312,69224800
2016-08-26,185.62716170076396,186.64933511037958,184.20463498108924,185.09051513671875,122506300
2016-08-29,185.21824086345805,186.26596732761564,185.1841610610908,186.0019073486328,70502200
2016-08-30,185.9167334635116,186.19783336276384,185.14159337511722,185.6952667236328,58114500
2016-08-31,185.36305815850932,185.4823114783603,184.3919916975407,185.16714477539062,85269500
2016-09-01,185.15864979220905,185.46530309503095,184.01722310856502,185.17568969726562,97844200
2016-09-02,186.02746165420058,186.43632830124716,185.43970853790063,186.0104217529297,79293900
2016-09-06,186.29151670298387,186.64927663438348,185.57599684018467,186.57261657714844,56702100
2016-09-07,186.41079634401157,186.73448951712933,185.95082293799388,186.55560302734375,76554900
2016-09-08,186.22341494644138,186.4960014346624,185.82306166539124,186.1297149658203,74102900
2016-09-09,184.81795240213467,184.8690591259492,181.64920554922554,181.6747589111328,221589100
2016-09-12,180.9166356660939,184.68164908797755,180.84848903883682,184.2812957763672,168110900
2016-09-13,183.0035302588737,183.26759025031527,181.01029064834364,181.63211059570312,182828800
2016-09-14,181.6832334317643,182.88429317458588,181.01030671634427,181.56398010253906,134185500
2016-09-15,181.40215693605646,183.76167029972945,181.2232704331191,183.37835693359375,134427900
2016-09-16,182.76365265916039,182.9434427794408,181.98459697339692,182.6694793701172,155236400
2016-09-19,183.32013997282112,183.96222703135763,182.3784070616497,182.7037353515625,80250500
2016-09-20,183.55987049912048,183.71396513879625,182.67807189218635,182.71231079101562,69665300
2016-09-21,183.4143331732737,184.94677537147538,182.72943762383147,184.76699829101562,110284400
2016-09-22,185.77719504411826,186.23093553533752,185.52892712117182,185.93128967285156,76678700
2016-09-23,185.537451837607,185.67443352635397,184.81831756662461,184.91249084472656,73630900
2016-09-26,184.082030169297,184.26180717888167,183.2173448169915,183.4142608642578,89827300
2016-09-27,183.25160245667985,184.6470624255257,182.88346584394623,184.5529022216797,78494800
2016-09-28,184.7754965742225,185.62305601942785,183.8166509448692,185.4689483642578,87411000
2016-09-29,185.26352112161058,185.6658967386846,183.24308657792002,183.79100036621094,128070600
2016-09-30,184.62141895723138,185.87991058216204,184.37315105327025,185.1779022216797,117202900
2016-10-03,184.76699427111006,184.9553278063955,184.09921165404296,184.7327423095703,83512100
2016-10-04,184.84403258789584,185.0666180738813,183.20029122302313,183.79100036621094,119948100
2016-10-05,184.4159777481273,185.03238240361438,184.3474868904848,184.6043243408203,72816000
2016-10-06,184.38173155191478,184.9553278063955,183.84238725897382,184.7327423095703,62927400
2016-10-07,185.00670674603865,185.17792736477304,183.37152175103935,184.09921264648438,89788300
2016-10-10,185.05804443359375,185.52034134257795,184.91250627588957,185.05804443359375,51855000
2016-10-11,184.63005030496248,184.6985411787513,181.9932104489363,182.7209014892578,130367400
2016-10-12,182.85785897793858,183.48283321961216,182.36131000631838,182.96060180664062,73866100
2016-10-13,181.63353072361255,182.85777004359633,180.82022332868672,182.36122131347656,101357000
2016-10-14,183.3372428027531,183.79955277491104,182.37839702834248,182.4554443359375,93346200
2016-10-17,182.42976500852797,182.68660243484823,181.6421398142282,181.82192993164062,58275700
2016-10-18,183.4143423549097,183.4742636969639,182.58390858242552,182.96060180664062,76869700
2016-10-19,183.22597713186872,183.75676495027773,182.86640992617598,183.4485626220703,66519200
2016-10-20,183.09747906561424,183.66251861985413,182.44683577070452,183.10604858398438,73639800
2016-10-21,183.10606190251767,183.27728245960162,182.14720326892362,183.19166564941406,89089100
2016-10-24,184.06495270797885,184.33891611727435,183.61976869952085,183.9707794189453,60146600
2016-10-25,183.79096929824388,184.04780670068533,183.19169073474242,183.35435485839844,66542300
2016-10-26,182.53252658412072,183.56841979028252,182.29280204849215,182.98626708984375,75705500
2016-10-27,183.70541800756126,183.739656908129,182.42124369187502,182.498291015625,77220200
2016-10-28,182.4725676586778,183.1488935654366,181.24832802261642,181.95889282226562,140623200
2016-10-31,182.2927529041506,182.51535139937488,181.80477363248966,181.96743774414062,61272500
2016-11-01,182.29277374641168,182.34415167961674,179.44191895997065,180.64903259277344,122781800
2016-11-02,180.34083850479635,180.72610117322677,179.12515529623803,179.56178283691406,103330800
2016-11-03,179.77578944949215,179.98981843271363,178.46593311724016,178.73988342285156,88939300
2016-11-04,178.85118627336155,179.69017624675064,178.39744586486492,178.54298400878906,109122100
2016-11-07,178.54298408491587,182.51536157260367,178.54298408491587,182.48110961914062,109794900
2016-11-08,182.08734096045808,183.8680640704405,181.82194705147958,183.3030242919922,106772100
2016-11-09,181.8133351814696,185.86277292051915,181.78765274873078,185.24636840820312,258429000
2016-11-10,186.0339921705313,186.8986645476055,184.25326948797823,185.7086639404297,172113300
2016-11-11,184.98954808289514,185.52033582618566,184.338904621336,185.28062438964844,100552700
2016-11-14,185.80285585272793,186.00832839708144,184.68134597429705,185.42616271972656,94580000
2016-11-15,185.81139737428916,186.87298583984375,185.60593790974423,186.87298583984375,91652600
2016-11-16,186.25656357218344,186.7531123363409,186.13670787485518,186.52195739746094,65617700
2016-11-17,186.6760686915259,187.54074102033763,186.56476944779976,187.48081970214844,69797200
2016-11-18,187.54933270762592,187.72055328977922,186.88155022962977,187.06134033203125,86265800
2016-11-21,187.63494794012425,188.49962042400998,187.48940978323023,188.47393798828125,72402600
2016-11-22,188.7821676498624,189.02187912694623,188.11439809751522,188.84210205078125,67429000
2016-11-23,188.32841957006784,188.99618909559098,188.13151652107902,188.94482421875,56620200
2016-11-25,189.2872681456414,189.6810742220705,189.21020777130136,189.64683532714844,37872300
2016-11-28,189.33862014822847,189.61257047886514,188.6537247266964,188.75645446777344,76572500
2016-11-29,188.79067283273022,189.57829785519968,188.4910270568457,189.1245574951172,69886700
2016-11-30,189.7409976860947,189.9036618200159,188.61091826935393,188.6708526611328,113291800
2016-12-01,188.97045571472006,188.97045571472006,187.61779104827826,187.9773712158203,79040500
2016-12-02,188.06300726316525,188.55955612953525,187.71199655470292,188.07156372070312,74840300
2016-12-05,188.90201429267543,189.54410137465365,188.70511124525808,189.20166015625,67837800
2016-12-06,189.39001699968676,189.83520105835166,188.91059404264573,189.8009490966797,59877400
2016-12-07,189.6468069632402,192.3435669528581,189.52695125399703,192.2836456298828,110738100
2016-12-08,192.25793514740985,193.22533713684425,191.99252827117817,192.7544708251953,99714400
2016-12-09,192.9771338845785,193.93597973954576,192.94288192501824,193.91885375976562,88005800
2016-12-12,193.82464019077423,194.3040760819301,193.276726521317,193.69622802734375,102016100
2016-12-13,194.35546564979694,195.48553202149307,194.33833967139873,194.98898315429688,110477500
2016-12-14,194.68934251772694,195.39135084417444,192.94285856387455,193.37948608398438,142501800
2016-12-15,193.61915859978868,195.03174448924327,193.3880036687411,194.17562866210938,124972600
2016-12-16,194.6312726357613,194.69156029974823,193.47731839077315,193.7959442138672,156420200
2016-12-19,193.97683212030256,194.63993085278233,193.83043608799062,194.21795654296875,90341100
2016-12-20,194.75179627515462,195.11349590689724,194.51929197797907,194.9670867919922,89838800
2016-12-21,194.8379146533777,195.010144436063,194.424560546875,194.424560546875,67909000
2016-12-22,194.27820185658513,194.39876404162973,193.69260471473083,194.0887451171875,56219100
2016-12-23,194.13174158145424,194.38148591773765,193.94229803224883,194.3728790283203,36697800
2016-12-27,194.63987303648184,195.2512908050914,194.62264611418124,194.85516357421875,42672500
2016-12-28,195.1135303322501,195.13074411562522,193.13285459982077,193.2447967529297,64095000
2016-12-29,193.31369386357355,193.6667735318223,192.7625505615506,193.20175170898438,48696100
2016-12-30,193.52895156569957,193.61507303026372,191.80662739674145,192.4955596923828,108998300
2017-01-03,193.79591197608372,194.476237389342,192.79697393302524,193.96815490722656,91366500
2017-01-04,194.2953794720281,195.26849680321703,194.28677258194588,195.12210083007812,78744400
2017-01-05,194.85514465863406,195.12210279706622,194.17481926686474,194.9670867919922,78379000
2017-01-06,195.07899964620458,196.12961819114082,194.5364634568541,195.6645965576172,71559900
2017-01-09,195.4063039034097,195.54409299917106,194.98432972524992,195.01878356933594,46939700
2017-01-10,195.03599735108756,195.87132567623993,194.63125009497077,195.01878356933594,63771900
2017-01-11,194.93266630385088,195.56993103027344,194.2695677639523,195.56993103027344,74650000
2017-01-12,195.0531762032134,195.2684666846739,193.72699261914352,195.07901000976562,72113200
2017-01-13,195.25127729217894,195.82825431654757,195.21683659025288,195.52685546875,62717900
2017-01-17,194.88958876507553,195.2943359950259,194.4504008335571,194.83792114257812,61240800
2017-01-18,195.08767433052773,195.3115849069483,194.5365310613489,195.26852416992188,54793300
2017-01-19,195.34600995331297,195.48379904463542,194.11455444288248,194.54513549804688,66608800
2017-01-20,195.2254491108912,195.75075852737518,194.59680444535826,195.25990295410156,129168600
2017-01-23,195.2599267517825,195.3202012743101,193.99401723548334,194.7518310546875,75061600
2017-01-24,194.96711366334637,196.41387296884554,194.85517151455983,196.00051879882812,95555300
2017-01-25,196.94778620019798,197.69700622558594,196.78416328499497,197.69700622558594,84437700
2017-01-26,197.5506309747665,197.81760233184454,197.21477819553937,197.4903564453125,59970700
2017-01-27,197.56778761210302,197.71418357760163,196.99941752937463,197.18026733398438,59711100
2017-01-30,196.49135954736528,196.51719335976878,194.97571894509807,195.9574432373047,79737300
2017-01-31,195.4665590486064,196.0004884566942,194.89820208042732,195.94020080566406,75880800
2017-02-01,195.94018351228783,196.8530131051667,195.43210109969132,196.01768493652344,79117700
2017-02-02,196.01768366488298,196.43105087203583,195.32876460020597,196.14686584472656,69657600
2017-02-03,197.05112178644802,197.67976645215273,196.74110289892536,197.49891662597656,80563200
2017-02-06,197.0941453700368,197.49028567706006,196.80996032940286,197.14581298828125,57790100
2017-02-07,197.53342403446828,197.77454844122832,196.96505372983617,197.15451049804688,57931200
2017-02-08,197.15439905713146,197.54191926750158,196.61186287844095,197.41275024414062,51566200
2017-02-09,197.41281856891618,198.88539850604153,197.41281856891618,198.58399963378906,65955200
2017-02-10,198.92842684589928,199.59152528133336,198.60118107303498,199.36761474609375,66015900
2017-02-13,199.85852425311793,200.71107955863835,199.83269043843177,200.45272827148438,55182100
2017-02-14,200.2718463350098,201.26219058701622,199.92738676753206,201.25357055664062,71109000
2017-02-15,201.0382595522616,202.49362538606246,200.98659193643488,202.30416870117188,86785800
2017-02-16,202.33005214808165,202.51090198813316,201.38278163151736,202.13198852539062,84722400
2017-02-17,201.46882223227414,202.45054626464844,201.4515953151342,202.45054626464844,77204100
2017-02-21,202.82087604014896,203.82843399397925,202.81225601044366,203.6562042236328,88946100
2017-02-22,203.25147490734517,203.69926972156108,203.08785201202807,203.47537231445312,62115200
2017-02-23,203.99204201344,204.00925579101815,202.85530195944816,203.61312866210938,74615900
2017-02-24,202.769204202893,203.91453806498942,202.72614347613032,203.87149047851562,82381600
2017-02-27,203.7854077732879,204.36238482880697,203.53567653504197,204.19015502929688,56515400
2017-02-28,203.81120682091307,204.0523311271555,203.25145678291233,203.63897705078125,96961900
2017-03-01,205.29242616150023,206.95447579618843,205.27519924075014,206.48944091796875,149158200
2017-03-02,206.29998018539592,206.308600215748,205.13741929311072,205.1890869140625,70246000
2017-03-03,205.1029468100965,205.48186018302286,204.72403343717016,205.3182373046875,81974300
2017-03-06,204.52598307687302,205.05989933306515,204.10400894970482,204.7068328857422,55391500
2017-03-07,204.40541680082913,204.75849638133062,203.8887143347153,204.09539794921875,65103700
2017-03-08,204.38822766273705,204.64657894355068,203.57873311499068,203.71652221679688,78168800
2017-03-09,203.8370491788356,204.30208403201433,203.010340991413,203.97483825683594,90683900
2017-03-10,204.93073003089174,204.9737907605969,203.74232222053638,204.68960571289062,81991700
2017-03-13,204.62933059248675,204.83601422355267,204.30209793532902,204.79295349121094,57256800
2017-03-14,204.25041693502382,204.3020976979482,203.3978748809851,204.00929260253906,59880800
2017-03-15,204.5776435433198,206.1966323155387,204.34512612298658,205.774658203125,96081800
2017-03-16,205.91243981213134,205.98994123600284,205.04267095023275,205.36990356445312,78344000
2017-03-17,205.6320125701059,205.82229351135118,205.00927734375,205.00927734375,89002100
2017-03-20,205.0092647739321,205.29468616829985,204.39518711730236,204.78439331054688,52537000
2017-03-21,205.38982235241298,205.51090901439778,202.02532881856098,202.15505981445312,131809300
2017-03-22,202.1896540008086,202.9161739384226,201.56691885500925,202.63075256347656,97569200
2017-03-23,202.63074737271714,203.54754820347628,202.04261597089257,202.41452026367188,100410300
2017-03-24,202.7172885306516,203.2881181952796,201.48911986212113,202.2675323486328,112504900
2017-03-27,200.5982540724432,202.31942701311294,200.3214901709673,202.05995178222656,87454500
2017-03-28,201.75723863446456,203.95410073492422,201.64479629003603,203.53030395507812,93483900
2017-03-29,203.24486140080134,203.95407953685887,203.01997673531778,203.72055053710938,61950400
2017-03-30,203.65996842333578,204.56812482226906,203.48698939436136,204.3691864013672,56737900
2017-03-31,204.03191476196116,204.55950948750663,203.84163383160336,203.89353942871094,73733100
2017-04-03,203.94541794497783,204.14434319591695,202.3107414799695,203.53890991210938,85546500
2017-04-04,203.25348777187656,203.75513626156143,202.872925938498,203.66864013671875,56466200
2017-04-05,204.34329340648705,205.32064431094852,202.8556496145903,203.063232421875,108800600
2017-04-06,203.2016094614245,204.15300091336346,202.76049767058808,203.63406372070312,69135800
2017-04-07,203.3832655994939,204.11844323759587,202.942166935108,203.426513671875,74412300
2017-04-10,203.56484825057547,204.34326055720862,203.0199517174591,203.54754638671875,67615300
2017-04-11,203.16700087724368,203.4091742008586,201.8177457321159,203.30538940429688,88045300
2017-04-12,203.02861106024082,203.21889197199712,202.1896488213487,202.41452026367188,81864400
2017-04-13,202.07725025970024,202.81242786863328,201.0998992919922,201.0998992919922,92880400
2017-04-17,201.61884991623276,202.88162231445312,201.41992462795403,202.88162231445312,68405400
2017-04-18,202.14640731501228,202.81239052775499,201.59286642580503,202.27613830566406,83225800
2017-04-19,202.83829258526222,203.21019680916933,201.67930546534396,201.90419006347656,68699900
2017-04-20,202.51830324525685,203.98865813160546,202.1982913499118,203.54754638671875,92572200
2017-04-21,203.4696921736506,203.52158456378126,202.50099903133335,202.8988494873047,110389800
2017-04-24,205.1390154286658,205.33795390885047,202.87295911968172,205.13037109375,119209900
2017-04-25,205.77032704005964,206.66982582242673,205.68383093518952,206.32386779785156,76698300
2017-04-26,206.28932381353593,207.17153418835883,206.15094848210717,206.19418334960938,84702500
2017-04-27,206.5142203713662,206.66989757723962,205.83093521903572,206.3671875,57410300
2017-04-28,206.62665285973316,206.65259906113272,205.78769048792753,205.9174346923828,63532800
2017-05-01,206.4363555908203,206.8601655092565,206.02120320380425,206.4363555908203,66882500
2017-05-02,206.5747121383258,206.6957987823536,206.1076674249198,206.51417541503906,57375700
2017-05-03,206.5141822668873,206.60932271874108,205.588723944541,206.2633514404297,73137700
2017-05-04,206.5660888673445,206.6439274612729,205.65793234581244,206.5055389404297,61462700
2017-05-05,206.87744394406326,207.33584434389297,206.43633221020283,207.31854248046875,62001300
2017-05-08,207.3618199234985,207.50885278980158,206.86017139275205,207.2839813232422,48385700
2017-05-09,207.54341448674987,207.7423397129345,206.74768718710308,207.09365844726562,51363200
2017-05-10,207.05045428669604,207.46560668945312,206.842871486589,207.46560668945312,54293800
2017-05-11,207.01589339556276,207.2061743568771,205.9607037728046,207.04183959960938,62358300
2017-05-12,206.79097176249238,207.08503748747037,206.4277117732625,206.69583129882812,53912700
2017-05-15,207.1196031252513,207.95856527850188,207.10230126300635,207.8374786376953,61918900
2017-05-16,208.13154811015895,208.15749430527327,207.25799541391686,207.64720153808594,51241800
2017-05-17,207.64721259393744,207.64721259393744,203.9021575960711,203.96270751953125,172174100
2017-05-18,203.88488106209277,205.631999962106,203.62540586744421,204.78439331054688,107047700
2017-05-19,205.268726412231,206.7823162173544,205.21683401621968,206.1163330078125,115011400
2017-05-22,206.62666576766244,207.32725284158846,206.55748469124688,207.1629180908203,61010600
2017-05-23,207.5347502262916,207.78558103145653,207.15418845118182,207.62124633789062,48341700
2017-05-24,207.85480369589155,208.2094061280343,207.51747673301352,208.10562133789062,46927700
2017-05-25,208.61597976846699,209.37710366213088,208.40841012289295,209.10032653808594,64071700
2017-05-26,208.90996080003987,209.22132833952406,208.8321222145324,209.0570068359375,46629900
2017-05-30,208.73702345379505,209.12622965651605,208.58134625168944,208.8754119873047,35201900
2017-05-31,209.16947497747938,209.20407870913107,208.13158738469383,208.82351684570312,91796000
2017-06-01,209.28193892827278,210.50146324456628,208.9965175012174,210.48416137695312,68962000
2017-06-02,210.5359958403654,211.34036749477772,210.2419301591628,211.18467712402344,88666100
2017-06-05,211.0117508671959,211.29717228709103,210.8301142554598,211.029052734375,44698800
2017-06-06,210.466783963883,211.02032475169133,210.27650308081263,210.35435485839844,50375400
2017-06-07,210.6917141693969,210.96847802447388,210.025730934513,210.7436065673828,54144300
2017-06-08,210.83879829100587,211.3231450532426,210.3198477900611,210.84744262695312,65950700
2017-06-09,211.11547509073324,211.91118918567153,209.26457175746387,210.52734375,132256400
2017-06-12,210.28523609050535,210.53605378233445,209.6365546283226,210.48416137695312,86108100
2017-06-13,211.0203777650746,211.56527435779938,210.67441963482645,211.5133819580078,60067000
2017-06-14,211.78147826011883,211.79012259331708,210.423565693046,211.2452392578125,78602300
2017-06-15,209.89596964776152,210.95981650965615,209.6192058152247,210.83872985839844,66464900
2017-06-16,210.99781733459514,211.04996279608503,210.00701378083883,210.88482666015625,84553100
2017-06-19,211.71048558799038,212.7012891020136,211.61488115848746,212.6404571533203,65123800
2017-06-20,212.28412717005747,212.29281365996601,211.18903265983135,211.20640563964844,56906400
2017-06-21,211.59749874860742,211.71047615166384,210.68491346435795,211.15423583984375,55977600
2017-06-22,211.16291317368038,211.6583082251127,210.8847864163885,211.05860900878906,44148100
2017-06-23,211.11946010978448,211.64092790155846,210.73704243872845,211.3106689453125,66986800
2017-06-26,211.9798898399386,212.39707999389566,211.2411404748748,211.44972229003906,56700500
2017-06-27,211.23247558101465,211.52798863761825,209.72889061406468,209.74627685546875,82247700
2017-06-28,210.7631562637456,211.82349155414153,210.5284884176897,211.62359619140625,70042600
2017-06-29,211.77132102248703,211.82346647947858,208.55555631046235,209.76364135742188,106949700
2017-06-30,210.5719621526262,210.94569343453097,209.96357627003223,210.15478515625,86820700
2017-07-03,211.09337558433424,211.52793868409657,210.5110626220703,210.5110626220703,39153800
2017-07-05,210.8761560786922,211.2064151136477,210.0678615791739,210.99783325195312,54427600
2017-07-06,210.2329855748634,210.3546627410907,208.88583699475083,209.068359375,65400800
2017-07-07,209.64194027036658,210.57189842478374,209.0770002732185,210.4241485595703,57972300
2017-07-10,210.42414792570648,211.02384713446918,210.1199484464805,210.65011596679688,36663300
2017-07-11,210.65013448651465,210.80658411472686,209.3290720753313,210.4936981201172,50354600
2017-07-12,211.4584586799916,212.24066714602068,211.4584586799916,212.07553100585938,59610400
2017-07-13,212.0841937898011,212.54482964689768,211.85821247452137,212.4318389892578,39471600
2017-07-14,212.43186492959558,213.77901345016744,212.33626049879845,213.42266845703125,60262700
2017-07-17,213.34443047246788,213.7268481601751,213.22275332290783,213.39657592773438,33531900
2017-07-18,212.98813184736824,213.56175850371997,212.64917305258177,213.50961303710938,42742500
2017-07-19,213.8224585033008,214.6741985738077,213.81375875263902,214.66551208496094,51034300
2017-07-20,214.9175294927569,215.03920663244577,214.21353938014167,214.76109313964844,47135200
2017-07-21,214.18752852191926,214.5960190221116,213.9615471530706,214.5699462890625,82340800
2017-07-24,214.49169049735036,214.65682662914074,214.04844082397815,214.5177764892578,46622300
2017-07-25,215.26516786371363,215.3694720242996,214.81323179448947,215.03919982910156,54915600
2017-07-26,215.32602409893403,215.36078331303545,214.78717007857182,215.0478973388672,47575400
2017-07-27,215.50856694803846,215.54332616544713,213.52694674855073,214.8480224609375,70766600
2017-07-28,214.36998121506053,214.72632615533806,213.91804511998137,214.59596252441406,50088400
2017-07-31,214.9957873263703,215.09139175817583,214.26572435357318,214.4743194580078,65838700
2017-08-01,215.0739934319725,215.10875264770706,214.43083521545947,214.9523162841797,55050400
2017-08-02,215.08271335630772,215.19570403318554,214.1266690023028,215.056640625,47211200
2017-08-03,214.94363633984614,214.96970906950318,214.36132327447956,214.6394500732422,40856000
2017-08-04,215.1261067255815,215.36076123579224,214.64808469435366,215.03050231933594,60191800
2017-08-07,215.10006939833806,215.43032836914062,214.99576522593466,215.43032836914062,31995000
2017-08-08,215.1174127672828,216.33419735787277,214.52641333953756,214.90013122558594,61719400
2017-08-09,214.21353161209558,214.94359442375458,213.8571866938526,214.89144897460938,62632600
2017-08-10,214.05710373969825,214.18748063761373,211.80606987759083,211.85821533203125,120479500
2017-08-11,212.0842073860186,212.76212485168887,211.84953956734344,212.17111206054688,74869900
2017-08-14,213.4487466454919,214.491695659703,213.41398742513857,214.2744140625,73291900
2017-08-15,214.65678138337805,214.6741676203797,213.9441048080686,214.248291015625,55242700
2017-08-16,214.76980493632897,215.16960887774223,214.19617838370715,214.62205505371094,56715500
2017-08-17,214.013680686834,214.32656670840692,211.2759246826172,211.2759246826172,128490400
2017-08-18,211.110771048936,212.2319513923749,210.50238529682153,210.94564819335938,136748000
2017-08-21,210.88482598104898,211.37153463580879,210.18083572957025,211.1107940673828,65469700
2017-08-22,211.6930974516388,213.47479574199497,211.6757112124789,213.318359375,63140100
2017-08-23,212.35360200555618,212.97937391862,212.20585214577906,212.55349731445312,50203800
2017-08-24,212.93596411886358,213.09240050234038,211.8495561386653,212.0581512451172,50741700
2017-08-25,212.84899703400743,213.46608245948897,212.405747454676,212.55349731445312,64445900
2017-08-28,213.0837237566261,213.10979648839782,212.14506562739396,212.562255859375,40565600
2017-08-29,211.24985935435748,213.0663303362766,211.1368686792757,212.80560302734375,51135700
2017-08-30,212.78817339108335,214.08317622922343,212.60565105023682,213.81373596191406,62030800
2017-08-31,214.43085140317208,215.3434367114177,213.848538347503,215.10008239746094,103803900
2017-09-01,215.47382858264075,215.83017361111806,215.25654696944488,215.404296875,62007000
2017-09-05,214.90012645902428,215.12610774493686,212.8924471801666,213.857177734375,91398800
2017-09-06,214.53513481681557,214.91755251446293,214.00496723813447,214.5872802734375,57916900
2017-09-07,214.89145995468658,214.90884619256107,214.15269735588026,214.56118774414062,58034700
2017-09-08,214.27440110391774,214.76980948125174,214.06581927077957,214.30917358398438,63832800
2017-09-11,215.57812682484715,216.67323468005944,215.56075384371064,216.5950164794922,71364800
2017-09-12,216.960011255318,217.3598019428115,216.77748888976458,217.32504272460938,56896000
2017-09-13,217.03823234422606,217.46410902833395,216.9252416753817,217.42933654785156,59228000
2017-09-14,217.10776144378448,217.55971085193482,216.93393882890064,217.35980224609375,95446300
2017-09-15,217.21570023594433,217.739756008967,217.11089174686597,217.6524200439453,95432400
2017-09-18,218.01926229600497,218.46471170061017,217.73102562444956,218.11534118652344,46235200
2017-09-19,218.35988131876667,218.42102848279805,218.01051083970842,218.33367919921875,47108100
2017-09-20,218.4210659244812,218.525874420639,217.4166023016523,218.41232299804688,59574100
2017-09-21,218.25509286573282,218.34242882969582,217.65241740557613,217.8271026611328,48211400
2017-09-22,217.53016287852802,218.03675951066276,217.50396075338588,217.8708038330078,51214000
2017-09-25,217.61745072905316,217.96683453307224,216.6828773745145,217.42529296875,57064400
2017-09-26,217.85328643262474,218.09784843533004,217.32048778509616,217.5563201904297,54082000
2017-09-27,218.25505083053952,218.78784942033215,217.37286846929294,218.40353393554688,81001400
2017-09-28,218.1240620366598,218.74421000106764,218.03672607545622,218.6656036376953,44778800
2017-09-29,218.65684347170293,219.51282378636614,218.47342863829596,219.4342041015625,85578000
2017-10-02,219.6612893935846,220.38624572753906,219.48659084361725,220.38624572753906,59023000
2017-10-03,220.3862739216219,220.8841275353606,220.30765423302748,220.85792541503906,66810200
2017-10-04,220.70946216621985,221.3645418885094,220.5959107495144,221.11997985839844,55953600
2017-10-05,221.4518837893815,222.44760446083976,221.15491750595024,222.43014526367188,63522800
2017-10-06,221.9846763219045,222.4650707832565,221.7226550953771,222.1768341064453,80646000
2017-10-09,222.4039281542774,222.46506199550856,221.54794775599703,221.8099822998047,35803100
2017-10-10,222.37775869695182,222.77080390658108,221.83621700616936,222.3952178955078,43057400
2017-10-11,222.29908992244182,222.7445526123047,222.13314760699538,222.7445526123047,47674300
2017-10-12,222.4301464750898,222.77951700719035,222.17684151083012,222.4126739501953,47065100
2017-10-13,222.84935102131928,222.9629024198992,222.41263127617069,222.6833953857422,54800400
2017-10-16,222.91049850746452,223.17251969283203,222.5698576388578,222.98036193847656,38221700
2017-10-17,222.92795822456165,223.1812631411833,222.70959835115698,223.13758850097656,31561000
2017-10-18,223.51320028799114,223.55687493585796,223.1638297603191,223.35598754882812,40888300
2017-10-19,222.57863488865067,223.4520745672181,222.1593875746752,223.41712951660156,61903800
2017-10-20,224.21196630472966,224.59628187884428,223.3996605089635,224.57005310058594,89176400
2017-10-23,224.89327485420893,224.91947698031515,223.61803363632967,223.69664001464844,63915300
2017-10-24,224.12459043068006,224.32546446473933,223.73153197709217,224.0896453857422,66935900
2017-10-25,223.75772255286773,223.87127395161298,221.85363085850938,222.98036193847656,103715300
2017-10-26,223.59181270302912,223.86256352467024,223.14634996797955,223.2686309814453,69798000
2017-10-27,224.01105961565028,225.2513555999806,223.27737353607554,225.0941162109375,85562500
2017-10-30,224.0110836991353,224.99807483719948,223.95867944890753,224.25564575195312,54285700
2017-10-31,224.63121311082153,224.85831595994026,224.308044690315,224.60501098632812,60304800
2017-11-01,225.38240065372474,225.72302829563802,224.53516302963726,224.90199279785156,54202700
2017-11-02,224.8320756098468,225.1290418553702,223.7664783028467,224.98928833007812,56449500
2017-11-03,225.14647366519628,225.78409404892494,224.73595606435163,225.7404327392578,59589700
2017-11-06,225.60942075481384,226.2208390901341,225.53955732047456,226.08982849121094,49652600
2017-11-07,226.19465366347248,226.5265649754122,225.42602255271962,225.93263244628906,57502200
2017-11-08,225.75790711573666,226.4129867363392,225.47840008035098,226.31689453125,50469600
2017-11-09,225.11159509256848,225.68806842051265,223.91496046403017,225.49591064453125,95085500
2017-11-10,225.1115999260466,225.600723974454,224.7971478062067,225.426025390625,59984700
2017-11-13,224.7447214001383,225.8627229227184,224.7097763557661,225.6356201171875,50228600
2017-11-14,224.83211094747693,225.2164265386195,224.05473683871833,225.1116180419922,61315200
2017-11-15,224.1420454800957,224.66611452343398,223.2773488845058,223.98483276367188,80811500
2017-11-16,224.9281120543369,226.25575704515595,224.88445074500984,225.88890075683594,67777000
2017-11-17,225.53953445826068,225.8627027879323,225.14647604607512,225.22508239746094,75756800
2017-11-20,225.4696939076753,225.80157853989257,225.22510524931647,225.6094207763672,48075500
2017-11-21,226.3780416549843,227.2689669982189,225.57449224745827,227.0855255126953,69176800
2017-11-22,227.09426049623252,227.22527108469816,226.718687924212,226.8846435546875,45033400
2017-11-24,227.37381878799133,227.51357233228404,227.23406524369858,227.4087371826172,27856500
2017-11-27,227.45236345579315,227.74932966113093,227.09425009355337,227.29515075683594,52274900
2017-11-28,227.75811423402223,229.62726108124528,227.66202201913927,229.60105895996094,98971700
2017-11-29,229.73206784726955,230.26487984974452,229.01586765243735,229.4613037109375,77512100
2017-11-30,230.3784610083552,232.3786187053131,230.29985463494003,231.4702606201172,127894400
2017-12-01,231.25193135757561,231.73231258833513,227.7581721367282,230.98988342285156,164390900
2017-12-04,232.60564520783424,233.03362198548888,230.65786574386095,230.71029663085938,94040600
2017-12-05,229.88059997558594,231.59253434794377,229.749589349815,229.88059997558594,77994500
2017-12-06,229.97664435778418,230.35224365740348,229.4613181737277,229.9242401123047,75898600
2017-12-07,230.64923095703125,230.96365645856784,229.6622398184337,230.64923095703125,77218600
2017-12-08,231.6012579582747,231.9156834339006,230.61426690101155,231.90696716308594,76563900
2017-12-11,232.60565185546875,232.6667990126684,231.8807088587994,232.60565185546875,83077500
2017-12-12,233.39177744765638,233.48786966002598,232.64063222031234,233.01620483398438,85195800
2017-12-13,233.2608154572358,233.69753532840642,232.90270196424402,232.99005126953125,102905400
2017-12-14,233.28696073833632,233.40051214201415,231.98554436904854,232.03794860839844,100666700
2017-12-15,233.0396235043032,234.4354876252898,232.9869514085304,233.97019958496094,144610300
2017-12-18,235.36610742514497,235.80505949912268,235.26076321403167,235.4539031982422,83653600
2017-12-19,235.69968900306878,235.74357348896925,234.47938951357304,234.5496368408203,82382900
2017-12-20,235.51533511923463,235.5680072245659,234.1282583596644,234.42674255371094,76751500
2017-12-21,235.05001375662707,235.62067280286735,234.66373384448187,234.9095458984375,67032300
2017-12-22,234.92718321653447,234.9623068882412,234.31263952346958,234.84817504882812,78720900
2017-12-26,234.44426502174645,234.78666045998,234.30382395075893,234.5671844482422,45244400
2017-12-27,234.73399229080826,235.04126407068716,234.40917207463843,234.6813201904297,57751000
2017-12-28,235.18180557997988,235.20814163841598,234.795525528574,235.1642303466797,45116100
2017-12-29,235.74360810502137,235.76115654365725,234.08438313836797,234.27749633789062,96007400
2018-01-02,235.13787066453907,235.98943885710432,234.75159065194177,235.95431518554688,86655700
2018-01-03,236.12108775526218,237.59598705803205,236.12108775526218,237.4467315673828,90070400
2018-01-04,238.0876536192369,238.93043423408284,237.5082335741826,238.44757080078125,80636400
2018-01-05,239.23763366582364,240.1594221725427,238.7460095567062,240.03652954101562,83524000
2018-01-08,239.9399589710568,240.6335106872347,239.65026241653015,240.47549438476562,57319200
2018-01-09,240.89687121980845,241.64309503689753,240.6159354877151,241.01979064941406,57254000
2018-01-10,240.2647820733768,240.9144493105008,239.59759319110952,240.65106201171875,69574300
2018-01-11,241.20415128096022,242.40687561035156,241.03734735877387,242.40687561035156,62361500
2018-01-12,242.67029577236767,244.15392925287028,242.37178476166358,243.98715209960938,90816100
2018-01-16,245.2425535744117,245.89219413547542,242.45958535928062,243.15313720703125,106555100
2018-01-17,244.08371774989664,245.85707469136239,243.15314138747772,245.47079467773438,113258800
2018-01-18,245.35663540941204,245.7780122100609,244.5665003251841,245.0581512451172,100728000
2018-01-19,245.6375450366647,246.17308044433594,245.05815193414344,246.17308044433594,140920100
2018-01-22,245.9624044391286,248.17471313476562,245.90970554473782,248.17471313476562,91322400
2018-01-23,248.21864414608123,248.9912041885166,247.89382385358272,248.70150756835938,97084700
2018-01-24,249.34230987749274,249.939305019952,247.42848539217053,248.60487365722656,134816100
2018-01-25,249.46521648794092,249.5617730729087,247.92009679641455,248.710205078125,84587300
2018-01-26,249.54421710609475,251.63363295548834,249.2896174392641,251.5897216796875,107743100
2018-01-29,251.01905651431508,251.45800846574423,249.76366036318794,249.9216766357422,90118300
2018-01-30,248.09569731750025,249.9743981091749,246.88418540558078,247.35826110839844,131796400
2018-01-31,248.2098154832068,248.71020041762685,246.4100961508907,247.48114013671875,108364800
2018-02-01,246.7526043421576,248.49962558295857,246.41020875484568,247.2003173828125,90102500
2018-02-02,245.88338406187754,246.01509111839752,241.78358665930918,241.81871032714844,173174800
2018-02-05,240.06291099027115,242.1698756837403,231.1609496616137,231.7052459716797,294681800
2018-02-06,228.20241370210414,236.7707670349998,227.11382109691172,236.27035522460938,355026800
2018-02-07,235.7172349914964,239.1059317295895,234.90955148557242,234.98858642578125,167376100
2018-02-08,235.28711910488605,235.4275869953834,226.13934532363862,226.17446899414062,246449500
2018-02-09,228.95738632420708,231.42429478550562,222.039510890829,229.57192993164062,283565300
2018-02-12,231.6174560445814,234.40921179523755,229.71241891123438,232.94309997558594,143736000
2018-02-13,231.7403017701914,234.0667418293669,231.16088196067,233.52244567871094,81223600
2018-02-14,232.03886114791155,237.03413827941714,232.0300735324697,236.6741943359375,120735700
2018-02-15,238.41240518393013,239.70292518687265,235.9542578113466,239.6941375732422,111200300
2018-02-16,239.07090969490068,241.70462264214956,239.02699840420507,239.76443481445312,160420100
2018-02-20,238.81623691260538,240.25601241008334,237.47304479191206,238.26315307617188,86369700
2018-02-21,238.70205413476359,241.17774944949892,236.98137007107857,237.0779266357422,98883700
2018-02-22,237.99981276687265,239.711709729396,236.7180802507282,237.38526916503906,110511300
2018-02-23,238.6055114138271,241.16897583007812,238.13143580038297,241.16897583007812,92766400
2018-02-26,242.24005616182345,244.0661115745576,241.65187545623988,243.9695281982422,86491400
2018-02-27,244.15394484904607,244.86507195937202,240.86180382064492,240.9232635498047,99099200
2018-02-28,242.02060331721685,242.4683429952986,238.166618131019,238.48265075683594,121907800
2018-03-01,238.2719705350681,239.8170904251165,233.52250582934735,235.01495361328125,176855100
2018-03-02,233.3469007734564,236.7882966589394,232.48657189571603,236.22642517089844,139083200
2018-03-05,235.041236149635,239.57122378460642,234.9358651698893,238.95668029785156,97307400
2018-03-06,239.93122003936082,240.01025499813764,238.07006732196808,239.56251525878906,79213200
2018-03-07,237.40284479799493,239.82584195994448,237.20970481921924,239.4746856689453,87063500
2018-03-08,240.1506206276118,240.75637651111668,239.1586116449256,240.63348388671875,66901200
2018-03-09,242.0381348622031,244.82107543945312,241.72207550192218,244.82107543945312,113625300
2018-03-12,245.11085016588888,245.73415461272276,244.12757500993573,244.51385498046875,71924800
2018-03-13,245.67272707268907,246.1731389352705,242.32791395587557,242.9336700439453,91968900
2018-03-14,243.89060599288945,244.07495840526627,241.13400025798666,241.6870574951172,105895100
2018-03-15,242.19614373976535,242.83699647068977,240.9231723076105,241.423583984375,83433000
2018-03-16,241.9498706508836,242.73434762380472,241.63257225654203,241.68545532226562,100343700
2018-03-19,240.93622002883185,241.86170049075108,236.7670927477109,238.41534423828125,109208400
2018-03-20,238.81200848856804,239.4554549648832,238.14212048028443,238.82083129882812,59757300
2018-03-21,238.77669527306645,240.86565656743832,238.15089454536155,238.3624267578125,78709600
2018-03-22,236.14128090528047,236.9874367365729,232.13080299363773,232.40406799316406,148785900
2018-03-23,232.84481538646813,233.17093659771976,227.25658694391362,227.45050048828125,183534800
2018-03-26,231.04663385001984,233.95530915276683,228.64917032274315,233.67324829101562,141956100
2018-03-27,234.60765289876343,235.13648355929,228.14682704159767,229.69813537597656,129941400
2018-03-28,229.8303123233447,231.496209377788,227.91761869403678,229.01939392089844,146452300
2018-03-29,230.15641224241278,233.8055043683826,229.0281955901973,231.94569396972656,111601600
2018-04-02,231.41681075893274,231.9280494234082,224.4712302889655,226.939208984375,186286300
2018-04-03,228.1732682393446,230.32393591836862,226.38398611035794,229.84796142578125,119956900
2018-04-04,226.30462916904324,233.01222376677336,226.17242152300034,232.30709838867188,123715300
2018-04-05,234.0611514312149,235.0219232354331,232.9770216703882,234.1405029296875,82652600
2018-04-06,232.18373580132868,233.67331128789823,227.40642617564995,228.92247009277344,179521200
2018-04-09,230.37676505100026,233.43529384498132,229.11634077565296,230.05064392089844,105442900
2018-04-10,232.93291826893037,234.49304931652253,231.79590552096968,233.7085723876953,103529000
2018-04-11,232.22776380815478,234.14045733463442,232.15726203290197,232.48338317871094,91140200
2018-04-12,233.80555112463333,235.33921379794384,233.6292563098291,234.39608764648438,68890500
2018-04-13,235.70059074735886,235.81517968292337,232.70376729661248,233.7085723876953,85079200
2018-04-16,235.33922430803474,236.3969394464726,234.51950987009275,235.6300811767578,63405300
2018-04-17,237.39285890695663,238.7502533652304,236.88164709474782,238.15089416503906,64682000
2018-04-18,238.59160948485868,239.1292628354769,237.86883854573958,238.3271942138672,57303900
2018-04-19,237.67494221124622,237.8776785328516,235.97380774780348,237.0050811767578,77655900
2018-04-20,236.93463445126508,237.15498956882317,234.1140781869942,234.99549865722656,99953100
2018-04-23,235.56838720920786,236.123686276615,233.88487128536516,234.960205078125,65558000
2018-04-24,235.98267553861925,236.20303062196353,230.2975036288115,231.79592895507812,112885500
2018-04-25,231.73419654709733,232.80953030666575,229.91847302010967,232.3688201904297,103840900
2018-04-26,233.3912538357174,235.5595399175105,232.9505437516809,234.7310028076172,67731900
2018-04-27,235.339151433637,235.63883102034006,234.01702136940307,234.95132446289062,57053600
2018-04-30,235.56831414196944,236.12361303713712,233.0738805174549,233.1444091796875,82182300
2018-05-01,232.58037107286572,233.66452772924058,231.02906273180506,233.5587615966797,74203400
2018-05-02,233.36483583662604,234.17572740968185,231.60199532273418,231.9898223876953,86368900
2018-05-03,231.16124781281792,232.13078841962331,228.33186987842024,231.47854614257812,136311500
2018-05-04,230.50899674677927,235.15409832989712,230.18287558263515,234.4753875732422,91222100
2018-05-07,235.24223522943518,236.23821739751983,234.5547016940085,235.2686767578125,55304900
2018-05-08,234.89846846172185,235.63003534603325,233.70854588712598,235.2686767578125,67499200
2018-05-09,235.93860929864692,237.8689221517703,235.41857448371096,237.5428009033203,59666100
2018-05-10,238.2831516820096,240.09007936810895,238.17738555381095,239.76393127441406,72063900
2018-05-11,239.88734702869564,240.75994449971634,239.37610820211677,240.4955291748047,59871500
2018-05-14,240.92734468202264,241.579586888239,240.06354338013276,240.61004638671875,54790600
2018-05-15,239.38487489995578,239.40249361788256,238.00986173509827,238.95298767089844,87036100
2018-05-16,238.98825361961775,240.41614984670522,238.9617851943398,239.95779418945312,53942600
2018-05-17,239.69339057117915,240.83043006232478,238.97944242294543,239.75509643554688,56536400
2018-05-18,239.4113658661193,239.7727513992917,238.80318373697688,239.15574645996094,64368000
2018-05-21,240.6365285554006,241.49150719389405,240.2487015297659,240.95382690429688,58025900
2018-05-22,241.473904138964,241.72952356428226,239.95786010756726,240.2839813232422,52966400
2018-05-23,239.01478242446296,240.97153679431813,238.85610630888422,240.945068359375,64694200
2018-05-24,240.54837095853705,240.82160904699194,238.67094177741902,240.45140075683594,76043800
2018-05-25,239.8784637451172,240.50426445551912,239.37604785563138,239.8784637451172,56374800
2018-05-29,238.25671437855638,239.01474980878663,236.00910341800926,237.1196746826172,115908600
2018-05-30,238.42419735328477,240.7246914847085,238.35369556292812,240.2839813232422,69678400
2018-05-31,239.8784920671197,240.17817169479065,238.21262194583,238.81198120117188,93519900
2018-06-01,240.1077086367524,241.45628062814544,240.0371799489807,241.15660095214844,71258400
2018-06-04,241.97629276170582,242.5580333367851,241.73831898505043,242.3024139404297,45385200
2018-06-05,242.43458106982055,242.8576723897408,241.66774990774505,242.47866821289062,51135000
2018-06-06,243.08687735879116,244.6117170448222,242.4698724773669,244.50595092773438,62732200
2018-06-07,244.99073091584611,245.28158771736173,243.57163054799622,244.4794921875,72969400
2018-06-08,244.02115556466143,245.25513830214365,243.85368359684531,245.20225524902344,72139700
2018-06-11,245.4226915003545,246.24240599383455,245.30810254773175,245.52845764160156,58892500
2018-06-12,245.94267695300078,246.2070922530715,245.20228721399303,245.84573364257812,72329000
2018-06-13,246.08374537166932,246.3393648003741,244.85855819513074,245.06129455566406,79070600
2018-06-14,245.925065019097,246.2070990473521,245.08770504774918,245.6782684326172,77097600
2018-06-15,244.89555787415404,245.7012550888403,243.78883538468264,245.36480712890625,120041600
2018-06-18,243.91279219287506,244.98411909558473,243.43470749636697,244.8601531982422,52917600
2018-06-19,242.5936397822496,244.14305171516543,242.17751092519677,243.9217071533203,97531500
2018-06-20,244.60338642311115,245.0018173571571,244.00133582821002,244.33778381347656,53785500
2018-06-21,244.32891207392933,244.34663692695875,242.31025125886632,242.80606079101562,71061400
2018-06-22,244.06338499645207,244.17848849838836,243.02748049862663,243.2488250732422,54898500
2018-06-25,242.09779424744752,242.25715582365535,238.2552564656156,239.93746948242188,137854200
2018-06-26,240.50415743620357,241.3186902838372,239.7515805303076,240.46873474121094,68547400
2018-06-27,241.0530619154473,242.47850775660206,238.3260821033997,238.4766082763672,105110700
2018-06-28,238.4235381930181,240.60156132062505,237.71521931683532,239.84014892578125,76650500
2018-06-29,240.92906280620025,242.2925525243365,240.07024504485113,240.1853485107422,97592500
2018-07-02,238.61825096063558,240.85825638445402,238.379181590529,240.69886779785156,63554800
2018-07-03,241.5930725641536,241.69047818709535,239.42391283727818,239.848876953125,42187100
2018-07-05,240.9733724606823,241.86758597984274,239.90204549181354,241.80560302734375,56925900
2018-07-06,241.8321843733216,244.22268900358912,241.45145125988475,243.85084533691406,66493700
2018-07-09,244.85130397928495,246.09969034891844,244.8070458819004,246.04656982421875,50550400
2018-07-10,246.4981344115885,247.0293667064297,246.20594449060724,246.9319610595703,51966800
2018-07-11,245.38249959930695,246.17049896399453,244.82470715366816,245.125732421875,77054700
2018-07-12,246.38300937889045,247.40118876018292,245.78095877320726,247.3480682373047,60124700
2018-07-13,247.17103350001074,247.84390253014723,246.71948199088973,247.54287719726562,48216000
2018-07-16,247.58711703867334,247.72875374151752,246.87879842649093,247.3214874267578,48201000
2018-07-17,246.5512651082664,248.71159004868673,246.49814457855098,248.322021484375,52315500
2018-07-18,248.40165608107782,248.9505861324455,247.9589670693822,248.84434509277344,44593500
2018-07-19,248.18033358029288,248.56103967940436,247.42775678976406,247.90586853027344,61412100
2018-07-20,247.70225464991242,248.33089263963382,247.46321225779238,247.62257385253906,82337700
2018-07-23,247.41897409460745,248.28662752677565,247.07366359189476,248.0830078125,47047600
2018-07-24,249.49071794855155,250.17244940108057,248.46367604604748,249.33132934570312,68026900
2018-07-25,249.08344934198635,251.77500676757114,249.03919123765357,251.45628356933594,78882900
2018-07-26,250.73905246712084,251.54472264436467,250.64164684001761,250.8629913330078,57919500
2018-07-27,251.19062823019235,251.2880338772159,248.24233086923053,249.1631317138672,76768700
2018-07-30,249.2427750741446,249.40213663305357,247.33919071533526,247.86158752441406,63742500
2018-07-31,248.62298720311097,249.69428698825837,248.24228115824914,249.0833740234375,68570500
2018-08-01,249.28705758708554,249.79172959266052,248.0209733790744,248.6672821044922,53853300
2018-08-02,247.3658379522572,250.19016966280472,247.16219123122863,250.02197265625,63426400
2018-08-03,250.14587016215646,251.14635172489284,249.96878373668994,251.09323120117188,53935400
2018-08-06,251.1287207970645,252.32395991882225,250.73915217292347,252.01409912109375,39400900
2018-08-07,252.67807071803176,253.22700082078438,252.5452423864147,252.8462677001953,43196600
2018-08-08,252.6781868612413,253.13857396106408,252.27975572244284,252.74014282226562,42114600
2018-08-09,252.80199595567012,253.19156446296677,252.26192830940533,252.3947296142578,35717000
2018-08-10,250.9604415393712,251.50050922879808,249.99535560126085,250.70367431640625,77076000
2018-08-13,250.97813090933042,251.58904395946368,249.4729773325625,249.76516723632812,65732900
2018-08-14,250.49120289007564,251.5979255987983,250.10163433503746,251.35885620117188,43842000
2018-08-15,250.01302843557366,250.15469214912642,248.0474883168638,249.48179626464844,102925400
2018-08-16,250.91624208562507,252.36827568270985,250.8808193828752,251.50059509277344,69967900
2018-08-17,251.29685472442358,252.82856856746483,250.88958836311608,252.38587951660156,65618500
2018-08-20,252.8375431724051,253.1916891663023,252.38599149391192,252.92608642578125,39807500
2018-08-21,253.43949950542424,254.37799819792022,252.96138773126302,253.51918029785156,67272000
2018-08-22,253.1119765997786,253.89111390040034,252.84634687296446,253.36874389648438,44993300
2018-08-23,253.19155760642926,254.0503753806769,252.71344590231374,253.03219604492188,49204900
2018-08-24,253.60773831163402,254.69676324419368,253.5546177802505,254.5550994873047,57487400
2018-08-27,255.75025973945864,256.671060366002,255.5908981943619,256.5648193359375,57072400
2018-08-28,257.0252943284539,257.1315624145711,256.2284593099741,256.6888732910156,46943500
2018-08-29,256.90136255603954,258.3002483366861,256.66232014973934,258.070068359375,61485500
2018-08-30,257.5919235454238,257.96376724094705,256.4320803195823,257.0252685546875,61229500
2018-08-31,256.6180203252793,257.4768382804098,256.1310731115822,257.0341491699219,66140800
2018-09-04,256.617960406128,256.94554594826343,255.59091866725385,256.5914001464844,57594400
2018-09-05,256.23729641245575,256.44094311621893,254.89153133691732,255.90084838867188,72452400
2018-09-06,256.007069863912,256.3080951728007,254.1035123702836,255.13055419921875,65909900
2018-09-07,254.0859116153808,255.60876359604626,253.8468421466892,254.6348419189453,73524800
2018-09-10,255.64408158618681,255.90971124627146,254.88266933705808,255.07745361328125,50210900
2018-09-11,254.43108940663996,256.36120709749815,254.08580601257725,255.91851806640625,50530500
2018-09-12,255.92743976826773,256.5826110397569,255.19258769507857,255.98056030273438,59810800
2018-09-13,257.0429823679138,257.68045569530796,256.75965488471724,257.4945068359375,51034200
2018-09-14,257.69814941620206,257.8840712530081,256.75965078524433,257.5387878417969,55079900
2018-09-17,257.4857236145753,257.52111929245183,255.9008888925555,256.17535400390625,68244000
2018-09-18,256.38773979012984,258.15849572409456,256.36117953190404,257.5653076171875,61930400
2018-09-19,257.6184687058169,258.2559420232231,257.4945028015122,257.8398132324219,49080600
2018-09-20,259.0970602153132,260.2480409377501,257.85750925934076,259.9292907714844,100360600
2018-09-21,260.67025551268455,260.78588008685654,259.53184201162946,259.6919250488281,105479700
2018-09-24,259.1136810427981,259.25598604173615,258.25097564679436,258.8290710449219,53409600
2018-09-25,259.2827704772097,259.38949248372154,258.3489257783172,258.58905029296875,44370000
2018-09-26,258.7312519258059,259.91412321436593,257.3971730938539,257.815185546875,79739700
2018-09-27,258.2865260473145,259.62060470915617,258.01081862855256,258.5355529785156,59249500
2018-09-28,257.9129944166309,259.0603097649122,257.87743852473693,258.562255859375,70091400
2018-10-01,259.7985762633335,260.52787942324136,258.79359270911283,259.46063232421875,62078900
2018-10-02,259.30938720703125,260.0208851700745,258.93586027610115,259.30938720703125,47258200
2018-10-03,260.3588240182784,260.7768364839188,259.0959112187038,259.45166015625,64694600
2018-10-04,258.9714428347122,259.0248038303383,255.84081347636905,257.4239196777344,111545900
2018-10-05,257.64628686625036,258.16211891263504,254.56011570949343,255.98313903808594,105951700
2018-10-08,255.2982943027859,256.3388880847559,253.91975656872245,255.98313903808594,87742200
2018-10-09,255.60068270102317,256.90805420357475,255.049240523284,255.60955810546875,74339000
2018-10-10,255.10259051241061,255.17375659636278,247.14260159596967,247.51612854003906,214731000
2018-10-11,246.43102392729244,248.04971271824712,240.4543498192236,242.0641632080078,274840500
2018-10-12,246.1553164318959,246.43992642315365,242.24202404876104,245.42604064941406,183186500
2018-10-15,245.07031967564035,246.3955233707276,243.9585870929312,244.0475311279297,102263700
2018-10-16,246.00414871211362,249.7573583468041,245.5327752643828,249.38380432128906,118255800
2018-10-17,249.41950321305333,250.0509599042153,246.85806625374383,249.42840576171875,110626000
2018-10-18,248.49448289152238,249.090383549691,244.5545087926348,245.82632446289062,134557500
2018-10-19,246.47553508012004,248.40548741105457,244.99915113163212,245.69287109375,139901600
2018-10-22,246.3599268625698,246.6800928007739,244.05642033413275,244.59005737304688,82415800
2018-10-23,240.97913638494464,244.46551414384803,238.89794935655075,243.34487915039062,146352700
2018-10-24,243.09585651106832,243.47831310802016,235.42047834896334,235.97189331054688,177806700
2018-10-25,237.8040269298721,241.7440002948675,236.78123848445856,240.20535278320312,138061500
2018-10-26,236.50559671818039,241.02366679537118,233.27712038113032,235.9808349609375,201574600
2018-10-29,239.0669858830614,240.3566066552751,231.10699613836647,234.6734161376953,160749100
2018-10-30,234.50444807839088,238.46219999139012,234.01526943167627,238.15090942382812,157116000
2018-10-31,240.71234277026565,243.0069741099624,240.24096922248452,240.69456481933594,128296300
2018-11-01,241.55722056865167,243.4516169152178,240.47216866386236,243.25595092773438,99495000
2018-11-02,244.35883203457692,244.78574713551563,239.76959648164814,241.81520080566406,122634100
2018-11-05,242.30433388342226,243.70067647437028,241.33490636095422,243.14926147460938,65622500
2018-11-06,243.08701262334208,244.8479797106511,243.02474908298626,244.68789672851562,60085900
2018-11-07,246.85799876173513,250.00643309191767,246.43108367126504,249.9263916015625,102752100
2018-11-08,249.1259199823726,250.1131526376013,248.33438049086973,249.47279357910156,65584900
2018-11-09,248.165399233387,248.35216271227114,245.6306434523214,247.035888671875,98812600
2018-11-12,246.52895798753946,246.76908248561793,241.90413898385665,242.4199981689453,99673600
2018-11-13,242.88249745245955,244.8747140465854,241.24602994415395,241.9664306640625,98176600
2018-11-14,243.834079644037,244.23428707633516,238.7556929624398,240.31211853027344,125335900
2018-11-15,239.04924700507445,243.2827344497403,237.4750430358537,242.8202362060547,135101400
2018-11-16,241.72620354692577,244.35877823500198,241.21034452079422,243.4516143798828,126668000
2018-11-19,242.84681357723707,243.14032612906826,238.41768908509545,239.33375549316406,103061700
2018-11-20,236.00747788431894,237.46608408810766,234.0419422412269,234.90464782714844,136021300
2018-11-21,236.45218975453028,237.59950549234424,235.6962332375424,235.70510864257812,75563700
2018-11-23,234.06862635176773,235.52723257807557,233.97080690927402,234.13088989257812,42807900
2018-11-26,236.3810366819656,238.13312838545468,235.98970462643132,237.91078186035156,79981400
2018-11-27,236.8790639113208,238.71119689941406,236.27428794556133,238.71119689941406,75502400
2018-11-28,239.77844095396424,244.2075653076172,238.64890350481713,244.2075653076172,127629600
2018-11-29,243.43385961483304,245.07032676690406,242.29544650287454,243.67401123046875,82346400
2018-11-30,243.52280408525462,245.71958882183426,243.2026381197173,245.15927124023438,98204200
2018-12-03,249.27720225624412,249.38392427432314,246.81361186586318,248.4055938720703,103176300
2018-12-04,247.57834595211617,248.00526095056608,240.0452463752336,240.35653686523438,177986000
2018-12-06,236.50547480387502,240.1074762989083,233.4104025675467,239.99185180664062,204185400
2018-12-07,239.65399795009372,241.21932634814482,233.5795021440557,234.41552734375,161018900
2018-12-10,234.2376330528424,235.82964190912955,230.0130487128308,234.86021423339844,151445900
2018-12-11,238.05307539835013,238.2398388706836,233.44606213473483,234.91354370117188,121504400
2018-12-12,237.88407961308872,239.24483913662817,236.01636354460717,236.09640502929688,97976700
2018-12-13,237.03919186366127,237.90189753280507,234.90467048758845,236.0164031982422,96662700
2018-12-14,233.87296422091924,234.82461387404103,231.10698644297347,231.6584014892578,116961100
2018-12-17,230.70674603004963,231.8184786411639,225.48605403096258,227.11363220214844,165492300
2018-12-18,228.75011653111562,229.41715610831534,225.26371106517817,226.86460876464844,134515100
2018-12-19,226.9446197617869,230.70671867180351,221.76840039515483,223.4671173095703,214992800
2018-12-20,222.2220409411879,223.78735579910423,217.5883327748361,219.82958984375,252053400
2018-12-21,220.72861735508985,223.38552036390047,214.68124937399995,215.32534790039062,255345600
2018-12-24,213.84032507460728,215.45057126158082,209.57318974188104,209.63580322265625,147311600
2018-12-26,211.09396462178614,220.2276153564453,209.11693755623702,220.2276153564453,218485400
2018-12-27,216.998207573705,222.1151909748024,213.76877426318353,221.91839599609375,186267300
2018-12-28,223.26920838177477,224.89733637571823,220.46916948727355,221.6321258544922,153100200
2018-12-31,223.2513302461389,223.81491988199966,221.38166176077164,223.57337951660156,144299400
2019-01-02,220.0487217817502,224.72738367473102,220.02188548142522,223.8059539794922,126925200
2019-01-03,222.06153288497993,222.36570038148278,217.9822513104657,218.46533203125,144140700
2019-01-04,221.48898887122783,226.42707273146465,221.11326702808634,225.78297424316406,142628800
2019-01-07,226.05135993790628,228.967685018204,225.1567801850317,227.56320190429688,103139100
2019-01-08,229.7460393250109,230.18437478348426,227.22331720395408,229.7012939453125,102512600
2019-01-09,230.40795353099523,231.61564162896792,229.18238366653358,230.7747344970703,95006600
2019-01-10,229.24507203228552,231.8393484872844,228.56518251840745,231.5888671875,96823900
2019-01-11,230.51528322053164,231.70508947195933,229.93381189408592,231.67825317382812,73858100
2019-01-14,229.78173558745547,231.0699325784489,229.37919109052422,230.2648162841797,70908200
2019-01-15,230.64053836674492,233.21693219887842,230.63158383386505,232.90382385253906,85208300
2019-01-16,233.33319843854275,234.35303234522823,233.12746259100066,233.4674072265625,77636700
2019-01-17,232.5997294200896,236.09754011844694,232.55498404467215,235.2387237548828,96118400
2019-01-18,237.04574468322795,238.83490412813006,235.2744670046285,238.3697052001953,127900300
2019-01-22,236.90256551490268,237.1172558730687,233.53893763482677,235.149169921875,115531200
2019-01-23,236.17801920347108,236.87579034797807,233.18117144550067,235.64126586914062,86030300
2019-01-24,235.46235613492826,236.34800875620095,234.4514765300922,235.76651000976562,59204100
2019-01-25,237.60933824799548,238.58445429816075,235.86492393987604,237.7614288330078,96883400
2019-01-28,235.62337082617444,236.01696079540557,234.1920377820725,235.95436096191406,85613700
2019-01-29,236.09751029838282,236.6610726340007,234.80931321615319,235.64126586914062,66136300
2019-01-30,237.15304223753876,240.21248898544735,236.3926441661389,239.37158203125,92473700
2019-01-31,239.3090246230662,241.9569728947139,239.09430693048517,241.47389221191406,104012100
2019-02-01,241.67065780851223,242.60998270784233,240.8029145607659,241.59014892578125,85782500
2019-02-04,241.63493888694768,243.35254413085923,240.96400403080258,243.2899169921875,60744800
2019-02-05,243.71923613137832,244.6138156129058,243.21827380575488,244.30966186523438,79552800
2019-02-06,244.0323246964044,244.5243324513391,243.2540449784109,243.98757934570312,58347800
2019-02-07,242.37742652272038,242.9231070364727,240.00679577368695,241.66177368164062,95482000
2019-02-08,240.41829205368393,242.05536087669893,239.59526672545192,241.95697021484375,75788900
2019-02-11,242.61008869025963,242.86949721446865,241.56341815672465,242.09121704101562,68021400
2019-02-12,243.70138226031133,245.5799775461956,243.6298006053734,245.2042694091797,72270200
2019-02-13,246.03629437805574,246.8414107807634,245.61584075769358,246.00050354003906,65277200
2019-02-14,244.9179740136577,246.58190607711867,244.10390339395366,245.45472717285156,83234400
2019-02-15,247.22604336493276,248.16536847036366,247.0203074973905,248.12957763671875,97088700
2019-02-19,247.33340539822623,249.21200092876802,247.32445086509222,248.55897521972656,59120800
2019-02-20,248.52319847147984,249.51619619142238,248.02223599489156,249.05995178222656,76610800
2019-02-21,248.42472126334278,248.78254757905458,247.21703355996718,248.1742401123047,64214700
2019-02-22,248.79153890928347,249.90976349673753,248.15639498772296,249.71298217773438,78114600
2019-02-25,251.13540926485206,251.65425356184153,249.97243908819044,250.05294799804688,69030700
2019-02-26,249.70403585179915,250.75067881182883,249.4982726927991,249.87400817871094,56844100
2019-02-27,249.15835809796695,250.1155650438643,248.22801475468106,249.76669311523438,56921600
2019-02-28,249.55194912316048,249.99031174685732,248.97943230298569,249.3014678955078,69268300
2019-03-01,250.87589873116676,251.26951592903697,249.42668418464558,250.85801696777344,78880500
2019-03-04,251.91370436866936,252.15523111262803,247.6554953242816,249.94561767578125,106494600
2019-03-05,250.07088140915823,250.2676900858793,249.0600017196552,249.60568237304688,59114600
2019-03-06,249.7220296645688,249.7309842017101,247.77185159703188,248.09388732910156,75039800
2019-03-07,247.64648588473747,247.78962191252373,245.17746448154068,246.01837158203125,94885100
2019-03-08,244.16661570345593,245.69633953555666,243.7014440300641,245.5263671875,85795800
2019-03-11,246.2419896375439,249.24776399185794,246.21515334153762,249.0867462158203,65098900
2019-03-12,249.64152119010208,250.54505582965407,249.45366701271638,250.02618408203125,79667500
2019-03-13,250.91173531876376,252.61143136478677,250.75069021724445,251.68106079101562,80639200
2019-03-14,251.7079194255833,252.12837303273284,251.08172993222647,251.5200653076172,67518400
2019-03-15,252.07082946753658,253.57134263691682,251.88212050895183,252.76268005371094,81309000
2019-03-18,252.97833933405315,253.97571096745602,252.75370929471526,253.67918395996094,62199800
2019-03-19,254.73949825355814,255.50321856970672,252.852600145159,253.74212646484375,90268100
2019-03-20,253.526398183946,254.7304116540192,251.8731247285923,252.97828674316406,84609200
2019-03-21,252.1607336052429,256.2399957566535,252.1157911407943,255.83567810058594,79550400
2019-03-22,254.4788227052167,254.99995221393374,250.84879440990014,250.9116973876953,122659300
2019-03-25,250.57029249849992,251.75634559535843,249.4651303397219,250.72305297851562,85575200
2019-03-26,252.47518322548854,253.5444244613853,251.1903059153472,252.5919952392578,68125900
2019-03-27,252.58304174647847,253.1671019089378,249.72575362213158,251.27120971679688,72224700
2019-03-28,251.9000567435742,252.6727706873622,250.74995238075306,252.2235107421875,56238500
2019-03-29,253.73308607221736,254.1374036359353,252.60993602746407,253.81394958496094,82186800
2019-04-01,255.8087003800633,257.12053213515975,255.53912787981554,256.8240051269531,77617900
2019-04-02,257.0127320980904,257.1834531340026,256.1591269185293,256.9498291015625,40070400
2019-04-03,258.16284976811403,258.55820087935837,256.7521663675677,257.35418701171875,68243200
2019-04-04,257.6775542854916,258.28854128030713,256.9857037843611,258.0369567871094,48997500
2019-04-05,258.7020084774776,259.339950290705,258.4144753653563,259.2860412597656,58621700
2019-04-08,258.86360058977857,259.59139954862746,258.20767116115127,259.48358154296875,53566300
2019-04-09,258.522205126451,258.8456592016085,257.60572449284734,258.15380859375,66142300
2019-04-10,258.5670843373598,259.1241897573699,258.1537728250394,259.0343322753906,52601500
2019-04-11,259.5195108553922,259.52850482970075,258.39636089295544,258.9624328613281,55093100
2019-04-12,260.5708636013834,260.99316920128797,259.0074471943866,260.7146301269531,69727800
2019-04-15,260.7865053880093,260.88535687304153,259.74421862030886,260.5439147949219,49596700
2019-04-16,261.42446877799716,261.4783777975032,260.12160349172586,260.7146301269531,52153200
2019-04-17,261.82872721774316,261.855681721401,259.6632906883781,260.0766296386719,58268300
2019-04-18,260.6606725944999,260.8583481027852,259.36680152584245,260.5887756347656,68708500
2019-04-22,259.8250653691345,260.9661760070736,259.7352078763909,260.81341552734375,40160100
2019-04-23,261.1817838739017,263.39216279015545,260.94818732275957,263.1585388183594,52246600
2019-04-24,263.0777235358863,263.410171605521,262.43078792825753,262.5745544433594,50392900
2019-04-25,262.475714273737,263.06874089132936,261.2267854647723,262.4128112792969,57770900
2019-04-26,262.45776734051964,263.70669621419734,261.68502567610466,263.63482666015625,50916400
2019-04-29,263.72467211131345,264.56928329115584,263.634814607374,264.0481262207031,57197700
2019-04-30,263.706646787458,264.47039433172,262.29599111609195,264.182861328125,81111700
2019-05-01,264.8118402899683,265.0185097807534,262.1881495792361,262.1971435546875,71671900
2019-05-02,262.08036361263817,262.99687175976754,260.13955670306206,261.631103515625,65030200
2019-05-03,263.10460158602905,264.47034195162666,261.73883379978037,264.1918029785156,56543700
2019-05-06,259.896981941665,263.54497195780687,259.5824943704813,263.1047058105469,107198100
2019-05-07,260.70559211160116,261.29861864665406,256.80601830897126,258.71087646484375,144729900
2019-05-08,258.35150146484375,260.0586842910349,257.75847486656824,258.35150146484375,91568300
2019-05-09,256.28494681196247,258.17181744485043,254.55078184893665,257.56982421875,103471100
2019-05-10,256.63536824121263,259.6184622709735,253.6522742114518,258.86370849609375,112429300
2019-05-13,253.76002327203466,254.7214188050858,251.52268988940895,252.35830688476562,127290500
2019-05-14,253.37370819864339,256.168120343081,253.24792962651986,254.640625,77003200
2019-05-15,253.0143053717125,256.7701133090534,252.8076358497461,256.1321716308594,73956400
2019-05-16,256.8330106305001,259.86101931664007,256.7611410796038,258.5042724609375,76749600
2019-05-17,256.2040905747572,259.3129631236966,256.18610261959776,256.8330383300781,100353000
2019-05-20,255.23363545743854,256.9408182840054,254.3890243100717,255.1348114013672,62877600
2019-05-21,256.82398306292055,257.8123606375981,256.57239853669876,257.43499755859375,46847100
2019-05-22,256.48256008080267,257.59671617184193,256.1680725781415,256.644287109375,49482500
2019-05-23,254.42491861053117,254.46983364087836,252.09775517308566,253.50843811035156,98733800
2019-05-24,254.94609827649518,255.35943728786714,253.46354551492902,254.08352661132812,55268100
2019-05-28,254.362126304382,255.31455569563306,251.70251370734124,251.72047424316406,70029400
2019-05-29,250.6062091335086,251.0105266692466,248.62945422327786,250.03114318847656,104972900
2019-05-30,250.7859350955703,251.6215796387543,249.6178699191781,250.7140655517578,62523800
2019-05-31,248.17121566375747,248.9978386438905,247.3086167879854,247.3355712890625,86862800
2019-06-03,247.371622323553,248.48577872420248,245.3769061548867,246.70672607421875,96428000
2019-06-04,248.99784180466688,252.1965706027995,248.54858183391056,252.06179809570312,77231900
2019-06-05,253.67912153430805,254.2721479827065,251.87311510850387,254.2451934814453,71169700
2019-06-06,254.5417215538303,256.5723579727726,253.89478610001754,255.89846801757812,69430400
2019-06-07,256.91380361699646,259.53749394521816,256.74308263224987,258.4592590332031,74272200
2019-06-10,260.0047272218072,261.3075921861058,259.5554672231737,259.64532470703125,60799100
2019-06-11,261.46042374261225,261.82882037077394,258.93558379264056,259.58251953125,58641300
2019-06-12,259.348806008108,259.90588397794284,258.61201308383846,259.1241760253906,47096300
2019-06-13,260.03175438157257,260.5529114811726,259.33090968470435,260.1934814453125,48945200
2019-06-14,259.906005859375,260.5079991397937,259.1422580758503,259.906005859375,52324700
2019-06-17,260.13947220822826,260.768447108016,259.8339787319646,260.00469970703125,39205700
2019-06-18,261.81977777473696,263.7785449569694,261.4603478082686,262.7272644042969,85434800
2019-06-19,262.86208891416766,263.85046667610106,261.8916991065089,263.3203430175781,78674400
2019-06-20,265.9978750491621,266.24046558371964,263.3831784940885,265.83612060546875,116570000
2019-06-21,265.5670566296167,266.8220594796023,265.23299171747703,265.4496765136719,83309500
2019-06-24,265.6574579000981,265.9734475035229,264.9712523643733,265.124755859375,47582700
2019-06-25,265.17894479355795,265.2060304057759,262.4161021312064,262.5244445800781,82028700
2019-06-26,263.41824118962137,263.92385754593755,262.1542002988309,262.2625427246094,51584900
2019-06-27,263.020892537568,263.6980600603321,262.6416941550696,263.19244384765625,40355200
2019-06-28,264.16764892571615,265.0434536754882,263.6530223625105,264.546875,59350900
2019-07-01,267.86942429707057,268.08613665460155,265.74762708261784,266.948486328125,78705600
2019-07-02,266.9034220756254,267.6979700486466,266.06374060351243,267.643798828125,61504500
2019-07-03,268.32086133027957,269.80161425412496,268.17639561424454,269.7835388183594,40898900
2019-07-05,268.5556549615941,269.6391341895929,267.2645286286108,269.4765930175781,51677300
2019-07-08,268.16743147205943,269.2960442403786,267.4541404873554,267.9958801269531,45841800
2019-07-09,266.84025334676807,268.6279588168469,266.7860821236766,268.33001708984375,41101300
2019-07-10,269.39537569112645,270.56011189882554,268.8626737180611,269.612060546875,58448500
2019-07-11,270.253117309667,270.4878500388574,269.24188463431943,270.24407958984375,50826100
2019-07-12,270.731586921279,271.5261345736811,270.42460761085414,271.4538879394531,40326000
2019-07-15,271.8872920895059,271.8872920895059,271.0385732165695,271.544189453125,33900000
2019-07-16,271.45393658906914,271.6616112571717,270.3614471482306,270.6684265136719,36650100
2019-07-17,270.6414177790369,270.80393145030723,268.82659912109375,268.82659912109375,36036300
2019-07-18,268.32997368121545,270.1899255172124,267.88756624619475,269.8106994628906,51392600
2019-07-19,270.90314927048956,270.93023487092404,268.14030781010166,268.3118591308594,58678600
2019-07-22,268.709009965694,269.51259508315604,268.1943837402504,268.9708557128906,43638100
2019-07-23,270.090607031503,270.8941650390625,269.259935864137,270.8941650390625,44564500
2019-07-24,270.1356424174258,272.1671447753906,270.04534791293565,272.1671447753906,47213200
2019-07-25,271.71581505222247,271.76998626708985,270.06351033668966,270.8670959472656,55394100
2019-07-26,271.55327198811625,272.88052171662747,271.4268541311043,272.681884765625,45084100
2019-07-29,272.5645287849981,272.68190893290586,271.6345528760698,272.185302734375,38126500
2019-07-30,270.7858119974368,271.9234625037329,270.4065859773304,271.51715087890625,45849000
2019-07-31,271.7609487131754,271.9505755193534,266.5332335970876,268.5466613769531,104245200
2019-08-01,268.700115526861,271.65255641303344,265.4135821381002,266.2081298828125,142646600
2019-08-02,265.314361548389,265.55813204796215,262.6508237263318,264.20379638671875,116749700
2019-08-05,260.1136319797592,260.22197439410274,254.36222586817163,256.25830078125,178745400
2019-08-06,258.14529773750104,260.06845795439847,256.6735825460155,259.85174560546875,120711700
2019-08-07,256.78192492921147,260.7727110773986,254.65111763531422,260.0052490234375,140572300
2019-08-08,261.49509755220527,265.1066589355469,260.9443476671785,265.1066589355469,87713900
2019-08-09,264.1677316558163,264.76364278544133,261.5222686902962,263.30096435546875,93730000
2019-08-12,261.80205988649254,263.2918233491414,259.1475602385619,260.0956115722656,65527600
2019-08-13,259.79769355061575,265.5852247370545,259.4545907653121,264.1405944824219,94299800
2019-08-14,260.0956622781489,260.7005834580758,256.2042065871093,256.3305969238281,135622100
2019-08-15,257.2154261800236,257.9016317136364,254.96723786093705,257.00775146484375,99556600
2019-08-16,258.6600201444486,261.23323542718947,257.06188669690755,260.79986572265625,83018300
2019-08-19,263.81556523033254,264.6191234101706,263.1383973865682,263.94195556640625,53571800
2019-08-20,263.43631331987183,263.96901533165703,261.79307378762985,261.9194641113281,51596400
2019-08-21,264.07731753557846,264.42039264271136,263.3911122132719,264.05023193359375,49524700
2019-08-22,264.75453184479977,265.3865385206094,262.1993368727227,263.968994140625,51666400
2019-08-23,262.6688127245855,264.3301272824833,255.94227013252467,257.1882629394531,149161500
2019-08-26,259.3733507016829,260.032470703125,257.847463513026,260.032470703125,72423800
2019-08-27,261.42281371111113,261.7930019677156,258.2536605647307,259.0120849609375,66668900
2019-08-28,258.3529896937288,260.9984511070822,257.5494042686789,260.8359375,59696700
2019-08-29,263.39109976527214,264.6912637071327,262.3888774311626,264.1675720214844,57899400
2019-08-30,265.6483375587326,265.6663854420489,263.1202561934248,264.05023193359375,62901200
2019-09-03,262.3528717175835,263.2647722903244,261.1790976581127,262.50634765625,69101400
2019-09-04,264.6732137573608,265.5038572084943,263.92379955368773,265.4858093261719,46887300
2019-09-05,267.9688886006655,269.8107654463085,265.4498163022599,268.89886474609375,83258100
2019-09-06,269.2148152948554,269.74751727016104,268.5376475637681,269.1064453125,49584300
2019-09-09,270.0906319733859,270.1808989649801,268.3028991645869,269.2419128417969,51260300
2019-09-10,268.4834068391647,269.2418588270002,267.22840383509777,269.17864990234375,57947100
2019-09-11,269.48563003768334,271.17403024628595,268.8355480133743,271.0927734375,68821100
2019-09-12,271.9957675334264,273.08825734100435,271.2373428076178,272.0318908691406,72908700
2019-09-13,272.4742538818412,272.8263943509441,271.48106896722373,271.85125732421875,62104800
2019-09-16,270.72254318691955,271.8963167578884,270.3704304034408,271.011474609375,58191200
2019-09-17,270.8129115165538,271.7880208906066,270.64136015983695,271.69775390625,41475500
2019-09-18,271.30945217296875,271.968571901471,269.27794933684083,271.8602294921875,73375800
2019-09-19,272.2485052514616,273.24169007108816,271.5081286082832,271.8421936035156,76560500
2019-09-20,272.44450325727587,272.7257172981861,269.7686931121249,270.5578308105469,89565000
2019-09-23,269.89563042755236,271.21087820036234,269.64165479267564,270.4942932128906,43476800
2019-09-24,271.5827953011382,271.9728243964235,267.41031441968806,268.3717956542969,94869400
2019-09-25,268.45341435241266,270.40358741300247,266.97490242905855,269.9591369628906,71854000
2019-09-26,269.9682111328825,270.17681716965757,267.99082742388725,269.3967590332031,56179700
2019-09-27,270.1495830366901,270.2584534548734,266.39437020670596,267.9454345703125,84746600
2019-09-30,268.4625344992536,269.8956770404428,268.41719257426433,269.18817138671875,51662400
2019-10-01,270.06803711359674,270.72112142464823,265.76858154658476,265.98626708984375,88242400
2019-10-02,264.4079467960568,264.4170262525811,259.99964920337914,261.28765869140625,122539500
2019-10-03,261.0608737824399,263.4555248952082,258.3487738908161,263.4283142089844,85278800
2019-10-04,264.0813879558739,267.2470176140269,264.0269389043035,266.9930419921875,65091200
2019-10-07,266.19486160761295,267.81850652842235,265.5599086250279,265.8410949707031,59610500
2019-10-08,263.9906876592985,264.7254038708757,261.67766859806807,261.7139587402344,95708100
2019-10-09,263.72761868689645,265.13355020756165,263.10174525349936,264.19927978515625,62359400
2019-10-10,264.1177256934721,266.8661164022148,263.9544615360279,265.98626708984375,55296300
2019-10-11,268.7346034051052,270.9750422719158,268.6167088805522,268.7436828613281,98720400
2019-10-14,268.4262380580679,269.0974812285745,268.09970977074494,268.44439697265625,40394800
2019-10-15,269.4874853651235,271.8458464973218,269.3695631563232,271.10205078125,46754500
2019-10-16,270.63950683463116,271.3560920358637,270.2313464146453,270.6667175292969,48928200
2019-10-17,271.8276621175921,272.3356133684746,270.77546947468795,271.46484375,45736600
2019-10-18,270.92966490395844,271.57366954233504,269.42394247522446,270.2765808105469,64304000
2019-10-21,271.5918227015919,272.3083799212792,271.1564240881151,272.10882568359375,39048600
2019-10-22,272.6440336093649,272.93429940069217,271.12925918317654,271.219970703125,48594700
2019-10-23,270.9660114166438,272.0635461348605,270.75737767629226,272.0091247558594,34352200
2019-10-24,272.94334172458434,273.0884746005034,271.62809406743776,272.4535217285156,35453100
2019-10-25,271.88215940170795,274.11354696390293,271.8277380154373,273.5693054199219,45205400
2019-10-28,274.7847083190437,275.61013608971376,274.75749763127527,275.1112365722656,42147000
2019-10-29,274.8390967416614,275.9547901689378,274.7120950931229,275.0295715332031,44284900
2019-10-30,275.229106138278,276.24500852902196,273.9229380126746,275.8731384277344,49643900
2019-10-31,275.8640309626855,275.8640309626855,273.6870935348078,275.13836669921875,69053800
2019-11-01,276.5807635577077,277.7327198598299,276.41747171038776,277.6873779296875,71141500
2019-11-04,279.23837720396307,279.374430643672,278.43108065957426,278.802978515625,60606900
2019-11-05,279.0025497152499,279.30189498204095,278.2043325788355,278.4945983886719,42933200
2019-11-06,278.4946046311865,278.8302123707764,277.61475540627197,278.55810546875,46487100
2019-11-07,279.89145582645773,280.87106825413883,279.06602806695554,279.5376892089844,54272300
2019-11-08,279.1930197495144,280.2815026770793,278.4945936077772,280.2270812988281,49032100
2019-11-11,278.84833556176477,279.864238107545,278.7122544469131,279.69189453125,35797300
2019-11-12,280.0546986848405,281.1794439203386,279.5104572968919,280.2814636230469,46484600
2019-11-13,279.2928193961337,280.77133147412957,279.0660544192944,280.3722229003906,53917700
2019-11-14,280.09104877139123,280.8620552625586,279.4560957360127,280.7803955078125,51219900
2019-11-15,282.11374103249324,282.85753674364037,281.4243943784293,282.81219482421875,62023600
2019-11-18,282.57633203669667,283.2566268714091,282.1228021468884,283.0207824707031,49228000
2019-11-19,283.61950395991727,283.6285834175987,282.29520415828483,282.939208984375,67804700
2019-11-20,282.34951110935566,282.8665417247279,280.33583769061437,281.88690185546875,79406200
2019-11-21,281.99578034720054,282.1046230732926,280.63519090852355,281.4333801269531,54664700
2019-11-22,282.1772178522817,282.31327128023827,281.05247260615073,282.0592956542969,44850200
2019-11-25,282.9844712930347,284.2452697753906,282.9844712930347,284.2452697753906,48647200
2019-11-26,284.2815373110843,285.0706746917591,283.96406093185885,284.8892517089844,37569000
2019-11-27,285.36998413020297,286.1591491699219,285.1522987020101,286.1591491699219,44444600
2019-11-29,285.59686381058185,285.8417876970087,284.87122697075444,285.0979919433594,36592700
2019-12-02,285.35201904644373,285.4155198937256,282.24988916349207,282.67620849609375,75767800
2019-12-03,279.9640470918064,280.8620552625586,278.58532593769104,280.7803955078125,73941700
2019-12-04,281.82350125041523,283.11151071206064,281.4788140847929,282.5128479003906,49080000
2019-12-05,283.2112849549353,283.2294161852713,281.71461417355385,283.0207824707031,40709000
2019-12-06,284.9256011908763,286.00500449632267,284.9165217354681,285.60589599609375,48927000
2019-12-09,285.21586750080536,285.88708285190785,284.63533597889335,284.7079162597656,34838500
2019-12-10,284.6535275182076,285.31566348978197,283.73738821573176,284.3904724121094,52649800
2019-12-11,284.8439568182491,285.4516989977195,284.3087949163725,285.1977233886719,53429100
2019-12-12,285.206841471859,288.43597254390977,284.971024718016,287.6559143066406,96389600
2019-12-13,287.4199676298921,289.0526914993744,286.64896144274167,287.8281555175781,81503900
2019-12-16,289.5516273932872,290.39518635483904,287.7647184989822,289.80560302734375,82749700
2019-12-17,290.18661712815833,290.4859347171941,289.787508555263,289.869140625,61097700
2019-12-18,290.2591965012545,290.4859614985211,289.83287719914233,289.8872985839844,48133000
2019-12-19,290.07769870351285,291.1480502526444,289.8237230792523,291.0754699707031,85310500
2019-12-20,292.1054650052227,293.48186803995895,291.13016050237536,292.3515930175781,147142100
2019-12-23,293.13556710700664,293.19025605431125,292.65246286090326,292.7983093261719,52990000
2019-12-24,293.02612879098643,293.0716936318886,292.50655608135855,292.807373046875,20270000
2019-12-26,293.1901602146185,294.37515192605576,293.1810639379538,294.36602783203125,30911200
2019-12-27,295.0952322086851,295.1499211381323,293.7644218965359,294.2930908203125,42528800
2019-12-30,294.37524973919426,294.5119721081925,292.18758056574677,292.6706848144531,49729100
2019-12-31,292.1693745285005,293.62781144325504,291.82299263179215,293.3816833496094,57077300
2020-01-02,294.9130269972677,296.14358388648566,293.9923834001532,296.1253356933594,59151200
2020-01-03,292.74356586892327,295.0041439336054,292.688876931802,293.8829650878906,77709700
2020-01-06,292.1328420420894,295.0861837981025,292.01434006994486,295.004150390625,55653900
2020-01-07,294.4390032296372,294.91301114756425,293.7280191701127,294.1746826171875,40496400
2020-01-08,294.3660286722624,296.9547400028766,294.1199284891358,295.742431640625,68296000
2020-01-09,297.3011366636997,297.820709338136,296.71775096243204,297.7477722167969,48473300
2020-01-10,298.33117684890317,298.4861195611985,296.42610473911026,296.8909606933594,53029300
2020-01-13,297.510801872737,298.94186605271307,297.082386683004,298.9327697753906,47086800
2020-01-14,298.4952711557389,299.54351294484616,297.92100945963375,298.47705078125,62832800
2020-01-15,298.38587734482564,299.90809914567166,298.30384393795646,299.15155029296875,72056600
2020-01-16,300.52792945323296,301.6399841308594,300.30004962435345,301.6399841308594,54050300
2020-01-17,302.3509165966451,302.7884279904779,301.5761197469233,302.57879638671875,95846000
2020-01-21,301.62169549358066,302.7884389482875,301.5487861977557,301.9862976074219,77742400
2020-01-22,302.8432196250379,303.4904184768439,301.8679149339362,302.0228576660156,48914900
2020-01-23,301.37567931823935,302.77942705597485,300.2636244798141,302.3692321777344,51963000
2020-01-24,303.02552540689584,303.1075588185603,298.3949910655985,299.68023681640625,87578400
2020-01-27,294.44811064824233,296.35318285602233,294.1108529210448,294.87652587890625,84062500
2020-01-28,296.29839616991114,298.8415422456188,294.96758607389665,297.96649169921875,63834000
2020-01-29,299.3247726958283,299.55265256689614,297.5199541027187,297.7204895019531,53888900
2020-01-30,295.66042488337473,298.89633550564963,294.9130001022843,298.6866760253906,75491800
2020-01-31,298.0668814238513,298.221851981053,292.35166407869235,293.26318359375,113845600
2020-02-03,294.7398209430448,297.3011883827756,294.62131896327486,295.4416809082031,69083000
2020-02-04,299.0422151737549,300.8105652654087,298.72317777873883,299.9446105957031,62573200
2020-02-05,302.870532103236,303.6179846653886,301.41212336008243,303.4083251953125,65951100
2020-02-06,304.36535568597986,304.62057992939174,303.35355498781945,304.4291687011719,50359700
2020-02-07,303.3718697108561,304.4383317479117,302.25981501693957,302.8067321777344,64139400
2020-02-10,301.9226265793127,305.13116533874893,301.88615800893024,305.0673522949219,42070000
2020-02-11,306.41633961218275,307.2002328793031,305.0672809970112,305.5959777832031,54864500
2020-02-12,307.02702899526753,307.77448148627434,306.6624268441835,307.5648498535156,43992700
2020-02-13,306.1428600443528,308.20290257264736,305.8694153801374,307.2366943359375,54501900
2020-02-14,307.64687895696886,307.84741430987003,306.4527909338537,307.7289123535156,64582200
2020-02-18,306.7353777212436,307.79274347896046,305.550385905375,306.9359130859375,57226200
2020-02-19,307.9021788213364,309.07801894449966,307.61961000252654,308.40350341796875,48814700
2020-02-20,307.8565854998732,308.6769752996938,304.1558185736376,307.1365051269531,74163400
2020-02-21,305.78739481387316,306.09730805211063,303.1530905628107,303.9734802246094,113788200
2020-02-24,294.5483849080448,304.0464012409805,292.8164758374308,293.89208984375,161088400
2020-02-25,295.2776038121276,295.8883062471929,284.11149089171784,284.9865417480469,218913200
2020-02-26,286.3810972156628,289.9633610159589,283.2090281846531,283.938232421875,194773800
2020-02-27,278.4326260777627,283.99289834255785,271.1860656738281,271.1860656738281,284353500
2020-02-28,263.15566832306206,271.5325340386913,260.27526361074985,270.0467529296875,384975800
2020-03-02,271.8241810091955,281.80532914475464,268.40598340350584,281.74151611328125,238703600
2020-03-03,282.11520716459734,286.07119736155244,271.24078921564694,273.6745300292969,300139100
2020-03-04,279.0342862432625,285.3967010302959,276.4911395839047,285.17791748046875,176613400
2020-03-05,277.995197331708,281.17639114422417,273.46494478951723,275.6981506347656,186366800
2020-03-06,267.21185726562237,272.343714991951,264.5502366862195,271.1405029296875,228667200
2020-03-09,250.94127750870393,259.04469825650165,249.25498888727407,249.96597290039062,309417300
2020-03-10,259.4549092564181,262.9915813511426,249.30056924454237,262.90045166015625,276444100
2020-03-11,255.86357750702288,256.99385297422504,246.91244784598598,250.0845184326172,255316300
2020-03-12,233.3489613279396,243.06576125881952,225.76511340861424,226.15707397460938,392220700
2020-03-13,239.81167127714295,247.45933353297968,226.5308388762867,245.49044799804688,329566100
2020-03-16,219.84026891466843,234.16935673558086,216.35827161630672,218.62796020507812,297240000
2020-03-17,223.35871400097514,233.5039435706242,216.0939169725968,230.43211364746094,262070500
2020-03-18,215.34645080566406,226.39406110097966,207.8446502974257,218.7646484375,327597100
2020-03-19,218.08101328487268,225.49167035009614,211.67303310856974,219.22952270507812,289322000
2020-03-20,222.37071486608463,224.1494627814303,209.50690060052804,209.78196716308594,347158800
2020-03-23,209.22268050674896,210.58882164978553,200.11806218300114,204.41822814941406,326025200
2020-03-24,214.93484144271505,223.81024024329707,214.3663807599711,222.93919372558594,235494500
2020-03-25,224.5162352253458,235.04201992086357,219.82181757105965,226.27664184570312,299430300
2020-03-26,228.77974835482536,240.9558914934752,228.34881392408727,239.48890686035156,257632800
2020-03-27,232.21803399813555,239.13129805518238,230.18256074726233,232.35556030273438,224341200
2020-03-30,234.44605962945386,240.61665407010992,232.45643301160396,239.9014892578125,171369500
2020-03-31,238.90211266816877,241.44185872909284,234.922859122693,236.32568359375,194881100
2020-04-01,227.36771002403904,236.2431083425227,223.62684104588152,225.6898193359375,189554600
2020-04-02,224.80967193777292,231.67708998353663,224.2595386780604,230.8977508544922,177660400
2020-04-03,229.91666012342145,232.26388300481995,224.83715469449982,227.56028747558594,135561200
2020-04-06,236.40816732964865,244.80678550079665,227.5419457283824,242.8446502685547,188061200
2020-04-07,251.41750778727922,252.16935565660157,242.87221252313967,243.09225463867188,201427200
2020-04-08,245.68703684697715,253.0587562775526,243.20230109645226,251.25250244140625,153774500
2020-04-09,254.50731705377976,257.82644327518784,252.57271536480266,255.0758056640625,189999200
2020-04-13,254.1039856856062,254.443226607134,248.85025633333169,252.7469940185547,114839100
2020-04-14,257.6248340505204,261.2189863290575,252.6095016366842,260.2012634277344,134143400
2020-04-15,254.49816925151632,260.3386853472331,252.56353956668622,254.67237854003906,121775000
2020-04-16,255.94683374609875,256.75369195266023,252.83862767870144,255.9010009765625,131798300
2020-04-17,261.6590844120488,263.4194774380583,258.9267733430212,262.8143615722656,146684800
2020-04-20,259.11928900096365,262.95186638326464,257.96403991624453,258.18408203125,100109300
2020-04-21,253.72799788074695,254.9291074264228,249.40947658688037,250.34471130371094,126385700
2020-04-22,255.21334154791583,257.64306593294725,253.89303320643955,255.9010009765625,92951600
2020-04-23,257.17547840445417,260.3387233355944,255.58011729880272,255.88267517089844,104709700
2020-04-24,257.39557038512345,260.11870338954105,255.35091919954365,259.4493713378906,85063200
2020-04-27,261.4206455682229,264.3088100325091,260.9622058760842,263.1902160644531,77896600
2020-04-28,266.83019054311086,267.1786091367333,261.6773336103177,261.97991943359375,105270000
2020-04-29,267.2978148114988,270.36936598916276,266.27091449702925,268.8381652832031,118745600
2020-04-30,267.4628265283742,268.9390166066362,264.6021678699744,266.3350830078125,122901700
2020-05-01,261.594889070107,266.50020001311435,258.11990791498647,259.28436279296875,125180000
2020-05-04,257.4046969992286,260.30203907180845,255.92853469244014,259.9994812011719,80873200
2020-05-05,262.81430977989436,265.20735144767355,260.1278320243504,262.4017028808594,79569900
2020-05-06,264.0979977435184,264.48307149149906,260.1920818426239,260.6230163574219,73632600
2020-05-07,263.8319800050877,265.6932435927499,263.26351939914133,263.7677917480469,75250400
2020-05-08,266.8944094168429,268.5998195757135,265.7666377314456,268.1322021484375,76452400
2020-05-11,266.206792766085,269.5625751201923,265.7850360274315,268.187255859375,79514200
2020-05-12,269.36997290557235,269.78255179515514,262.7042425975372,262.841796875,95870800
2020-05-13,262.2825734797414,263.31865189419375,255.7727227895186,258.19329833984375,144721100
2020-05-14,255.76344816859944,261.4113990670636,250.29882832927197,261.2830505371094,121977900
2020-05-15,258.8992207520091,262.5300551877956,257.95483612918537,262.4842224121094,111146300
2020-05-18,268.6915050760796,272.0839701507051,268.3706196611589,270.47943115234375,119703800
2020-05-19,269.88344074536735,271.58882289589167,267.6829359139752,267.7012634277344,95189300
2020-05-20,271.2312398155431,273.1108311782877,271.00201999174817,272.24896240234375,85861700
2020-05-21,272.1205969507901,272.9274551573874,269.2782657160711,270.3693542480469,78293900
2020-05-22,270.08513201578137,271.05702179895974,268.8473394108852,270.8828125,63958200
2020-05-26,276.8333877387792,277.07178533427884,270.9011769612808,274.22027587890625,88951400
2020-05-27,277.00752054474054,278.33700648648875,272.19390507286226,278.3003234863281,104817400
2020-05-28,279.32721542463037,281.33518291515,277.11753341055845,277.786865234375,90405200
2020-05-29,277.3192485039644,279.6114462849819,274.57778891176497,279.024658203125,119090800
2020-06-01,278.38289544316814,280.7576095309241,277.86944526100126,280.1524658203125,55758300
2020-06-02,281.06940446353366,282.5180897682759,279.7399459537755,282.47222900390625,74267200
2020-06-03,284.4526664557033,287.1849772402928,284.17761381806736,286.2314147949219,92567600
2020-06-04,285.2503028822557,286.98321817364206,283.3890390401753,285.4795227050781,75794400
2020-06-05,290.8616625425781,294.565835177491,290.7974742690629,292.7962646484375,150524700
2020-06-08,293.60307791418927,296.52792499363557,293.0621225082108,296.33538818359375,73641200
2020-06-09,293.67647298750563,296.4087837876376,292.8146040767573,294.1257629394531,77479200
2020-06-10,294.7033265416414,295.59270049020836,291.769301891686,292.4844665527344,95000800
2020-06-11,285.5712235543959,286.20387252008595,275.0729721884442,275.6230773925781,209243600
2020-06-12,282.61894313978905,283.38911860299044,273.7802388403364,278.9239196777344,194678900
2020-06-15,273.2482633782921,282.6554506611986,272.07465940385146,281.5276794433594,135782700
2020-06-16,289.25708690915724,289.4037909524716,282.0962619316776,286.946533203125,137627500
2020-06-17,287.9643213952654,288.25772952024136,285.02111835943526,285.754638671875,83398900
2020-06-18,284.2417274083413,286.34136061280276,283.78328781211144,285.8645935058594,80828700
2020-06-19,289.3235800973279,289.5169641791191,282.28778324973854,284.2309265136719,135549600
2020-06-22,283.6322825514577,286.4502770307113,282.4903582303145,286.0542907714844,74649400
2020-06-23,288.6973036318922,289.6274357096655,286.9659809185993,287.3711853027344,68471200
2020-06-24,285.3359965817493,285.95302134093265,278.2081310603143,280.0407409667969,132813500
2020-06-25,279.46981736237365,283.3100417218154,277.45301313177083,283.04296875,89468000
2020-06-26,281.94708210428337,282.1589024781775,275.7401296700566,276.3202819824219,127961000
2020-06-29,277.57281410406017,280.51972333676997,275.28893626284633,280.381591796875,79773300
2020-06-30,279.9486629348006,285.667559621828,279.7921232790596,283.9730529785156,113394800
2020-07-01,285.087337333443,287.2238644355757,284.62688035991766,285.9621887207031,72396500
2020-07-02,289.38806675534465,290.7326217108491,286.8739889973159,287.53704833984375,69344200
2020-07-06,291.3495847273951,292.5559799310515,290.6036465664798,291.9757995605469,61713800
2020-07-07,290.4379459868934,292.4086879039096,288.5868993171508,288.9644775390625,82910000
2020-07-08,289.7287492933504,291.2850962513282,287.96982822881216,291.1745910644531,54638600
2020-07-09,291.78247001320926,292.0219167134949,286.10963481375455,289.51702880859375,83354200
2020-07-10,289.45248660102106,292.74015643400605,288.0250810957527,292.47308349609375,57550400
2020-07-13,294.8122566026346,297.18820278628755,289.2867716039281,289.94061279296875,102997500
2020-07-14,288.5224361241147,294.4715626788139,287.3252587874631,293.697998046875,93657000
2020-07-15,296.9120110782605,297.4921916391001,294.020326411243,296.39630126953125,87196500
2020-07-16,294.49919068416483,295.871343992354,293.85453943512255,295.42010498046875,54622500
2020-07-17,296.42389995374253,297.059333070297,294.45312985797676,296.27655029296875,62774900
2020-07-20,296.0094126786261,299.4168060932532,295.2634745052949,298.6708679199219,56308800
2020-07-21,300.632423503006,301.0744442907489,298.3209200855165,299.3063049316406,57292200
2020-07-22,298.94714058873586,301.32311478404205,298.83663538971115,301.0099792480469,57792900
2020-07-23,300.65084417889534,301.3507479273714,296.05549155599056,297.4184265136719,75738000
2020-07-24,295.56743094562876,296.5251615020732,294.0018655257891,295.5029602050781,73766600
2020-07-27,296.1935565965724,297.8327822943415,295.40155598984086,297.6578063964844,48293000
2020-07-28,296.9303522871835,298.04467867981947,295.47532024869815,295.77001953125,57495000
2020-07-29,296.64488066256155,299.9693955729184,296.60803622504216,299.4076232910156,48454200
2020-07-30,296.4422441472383,298.7537475391664,294.36099738513786,298.3393249511719,61861700
2020-07-31,300.12590663768805,300.7981840639859,295.9173223565921,300.6968688964844,84986800
2020-08-03,302.3546141881708,303.5517916334194,301.81127807969176,302.7874450683594,53077900
2020-08-04,301.93082626585755,303.95684814453125,301.93082626585755,303.95684814453125,41917900
2020-08-05,305.2553866917395,306.1026399985558,304.988313743364,305.8447570800781,42697700
2020-08-06,305.26466855525786,308.00897505925286,304.9423429439364,307.8892517089844,43679400
2020-08-07,306.9223032635199,308.39577169944573,306.01979717179796,308.11029052734375,57308300
2020-08-10,308.56148325207386,309.21532440909493,306.62755797641967,309.0311584472656,44282100
2020-08-11,310.2099129722672,310.8453459347755,305.7526922046899,306.4801940917969,69601100
2020-08-12,308.91143712616207,311.526829875344,308.8838108265044,310.7532653808594,53774400
2020-08-13,309.98886506986986,311.49917760274417,309.2705532345938,310.19146728515625,41816100
2020-08-14,309.80475825655594,310.73489061846544,309.07722814860483,310.20074462890625,47260400
2020-08-17,311.2136919707807,311.5820519648369,310.2098990427494,311.1860656738281,35481000
2020-08-18,311.5821378053685,312.2820416597443,309.98894596467176,311.8584289550781,38733900
2020-08-19,312.2359484919656,312.7516581960092,309.99813372934017,310.5599060058594,68054200
2020-08-20,308.83780388433297,312.005751301336,308.70889049740055,311.5268859863281,42207800
2020-08-21,311.1953341258538,312.85296841916903,310.85457226958493,312.6319580078125,55106600
2020-08-24,315.0631480494956,315.87355700727335,312.604322979584,315.7998962402344,48588700
2020-08-25,316.3616018282348,316.9878166359839,315.20124113429597,316.9049377441406,38463400
2020-08-26,317.4943564112972,320.34916765874164,316.9510204608459,320.0821228027344,50790200
2020-08-27,320.94782937860447,322.22788555251475,319.1244090738759,320.78204345703125,58034100
2020-08-28,321.80426786042483,322.9830369399693,320.616280645361,322.8540954589844,48588900
2020-08-31,322.6422984405211,323.5171500758055,321.4543112428884,321.6845397949219,66099200
2020-09-01,322.5132660887835,324.81555096041706,321.6199784344271,324.7142639160156,54908700
2020-09-02,326.6206419236981,330.37795938167653,325.4786892390397,329.4110107421875,69540000
2020-09-03,327.72571683022153,328.19539204398836,315.4959779391516,318.0745544433594,148011100
2020-09-04,318.7560217314167,320.32155893623025,308.3865193279406,315.4775695800781,139156300
2020-09-08,310.08104920352173,315.5420924165605,306.553959764829,306.85784912109375,114465300
2020-09-09,310.8545829924272,315.37627517454166,309.98892137932586,312.9174499511719,91462300
2020-09-10,314.78688177765224,315.4407229555937,306.5262807206502,307.4840393066406,90569500
2020-09-11,309.26138178450964,310.32042738546795,304.8225690491499,307.64056396484375,84680200
2020-09-14,310.79936944297793,313.4608253569491,307.78798968967357,311.6926574707031,65605700
2020-09-15,314.1423078505726,314.97112516922874,311.70189037183303,313.2674560546875,52920900
2020-09-16,314.50143147881846,315.92883731092843,311.74787878709503,312.024169921875,82096000
2020-09-17,307.1801021515254,310.99269998077335,306.6551743743273,309.27978515625,91523300
2020-09-18,310.0833240814501,310.1942716478776,303.2412847248806,305.7192077636719,105877900
2020-09-21,301.142326624104,302.4644982707125,297.4716623333605,302.3165588378906,99450800
2020-09-22,303.79599750028683,305.95030428150574,301.29030979270976,305.3955383300781,63612100
2020-09-23,305.9503223752341,306.22771947563723,297.8138486616711,298.3131408691406,93112200
2020-09-24,297.0001882528296,302.1594468796686,295.6872430633771,299.1082763671875,76681300
2020-09-25,298.25762343564503,304.7298270780176,297.38852490576954,303.9439392089844,71069400
2020-09-28,308.09538490645014,309.70418077413325,307.10605558287943,308.99224853515625,64584600
2020-09-29,308.788814611231,309.5284836874694,306.6159979020015,307.3094482421875,51304000
2020-09-30,307.97519790754353,312.78313211808506,307.781039690102,309.6394958496094,104081100
2020-10-01,312.22836509125534,313.1991843917802,309.7504423645945,311.62738037109375,88698700
2020-10-02,306.68997933659404,311.59960544931795,306.21842407966096,308.6686096191406,89431100
2020-10-05,310.7211794634582,314.32711504704287,310.6749607343537,314.1422119140625,45713100
2020-10-06,314.28097349200937,316.37057974539914,309.16793362544905,309.67645263671875,90128900
2020-10-07,312.6259658002967,315.87132309591203,312.5982289095894,315.0669250488281,56999600
2020-10-08,316.99932011187576,317.9239207082548,316.08394633419226,317.85919189453125,45242500
2020-10-09,319.50488950315776,321.15993200343445,318.88542307998716,320.6976318359375,59528600
2020-10-12,323.2311624863126,327.3271369060572,322.74112523312164,325.8570251464844,80388500
2020-10-13,325.71820121665775,325.89387753565416,322.7687239239019,323.7303161621094,73255500
2020-10-14,324.3037311298951,325.39475330369925,320.96593578039835,321.69635009765625,57727900
2020-10-15,317.7944015372411,321.77942707857534,317.2581457104829,321.29864501953125,60357700
2020-10-16,322.6486204375523,324.30366342738694,320.9288768497177,321.10455322265625,89501900
2020-10-19,322.3620205940744,322.99074228284945,315.325822981665,316.2226867675781,68425600
2020-10-20,317.5632439464316,320.72538971441617,316.80509306669023,317.4892883300781,60051900
2020-10-21,317.443073902537,319.6066638803036,316.5832022185799,316.8883361816406,63575000
2020-10-22,317.1010016263074,319.20908978421284,314.96517658013624,318.6265869140625,55399300
2020-10-23,319.84705846131055,319.9025322364598,317.258188232449,319.7083740234375,49143900
2020-10-26,316.33359795190205,317.1195140807674,310.31443920384794,313.8002014160156,91473000
2020-10-27,314.14230712329396,314.475149793473,312.5057460118679,312.7184143066406,65994100
2020-10-28,307.05985871686283,312.7461466489848,301.5399921174108,302.030029296875,127094300
2020-10-29,302.26114022168764,308.2617881868608,300.57836060996675,305.09967041015625,90597700
2020-10-30,303.52783260839107,304.8315226203362,298.2761088587803,301.9190368652344,120287300
2020-11-02,305.3030090332031,307.3001207112089,302.56617202033914,305.3030090332031,86068300
2020-11-03,308.52995012960014,312.746126248305,305.38631400131226,310.6935119628906,93294200
2020-11-04,315.1593172475223,321.7055046793928,313.98508475423665,317.63726806640625,126959700
2020-11-05,322.90752215223176,325.63510535784354,322.5561693903892,323.8321228027344,82039700
2020-11-06,323.5454494007083,325.0063340064699,321.4373613684711,323.75811767578125,74973000
2020-11-09,336.52684917649657,336.9059387720614,327.36405472488747,327.82635498046875,172304200
2020-11-10,326.83706430106344,328.39964160698554,324.08177251066513,327.3456115722656,85552000
2020-11-11,329.5276530081711,330.6001931058199,328.28869157206935,329.7773132324219,58649000
2020-11-12,328.76942360523407,329.82348168786507,324.7751710085161,326.578125,67546200
2020-11-13,328.48279119885393,331.83909534174575,327.9650172049905,331.09942626953125,62892200
2020-11-16,333.762310414162,335.42658008620566,332.4771021299016,335.232421875,74541100
2020-11-17,332.8283977244911,334.63137974023823,331.32129460037004,333.42938232421875,66111000
2020-11-18,333.6975302989405,334.2430411433111,329.3796340603069,329.4166259765625,70591300
2020-11-19,328.7879360767462,331.1733928980095,327.44725409515723,330.8035583496094,59940900
2020-11-20,330.54466445649757,330.74807768636424,328.46431342145667,328.53826904296875,70417300
2020-11-23,330.3412386076394,331.7651311623136,328.112948198128,330.5076599121094,63230600
2020-11-24,333.0504084548386,336.3789766002486,332.1997916166957,335.8334655761719,62415900
2020-11-25,335.75017614636334,335.77791303204526,334.22459100072433,335.31561279296875,45330900
2020-11-27,336.40661695536556,336.720977715475,335.2416113846449,336.24945068359375,28514100
2020-11-30,335.47282708749947,335.74096916518056,332.08881368370197,334.7608947753906,83872700
2020-12-01,338.0062793851227,339.9571732876584,337.41452140242126,338.4223327636719,74231400
2020-12-02,337.3127522431998,339.2913825881508,336.7395044630417,339.13421630859375,45927000
2020-12-03,339.03255404637883,340.42871003443537,337.94153206913154,339.04180908203125,62882000
2020-12-04,339.62432345507125,341.96356201171875,339.53185774514355,341.96356201171875,50749900
2020-12-07,341.19604390236077,341.75080980917244,339.9940746180739,341.2607727050781,48944300
2020-12-08,339.9940864550397,342.82336164005824,339.9478677180988,342.2593688964844,42458900
2020-12-09,342.915836132159,343.0730024150456,338.35756246336115,339.189697265625,74098300
2020-12-10,337.82132486772645,340.12357138803657,336.95219802540623,339.07879638671875,57735400
2020-12-11,337.38674768616795,339.08800937588853,335.8704174000004,338.6811828613281,57698600
2020-12-14,340.8448381800256,341.9173502325167,336.98924059021937,337.1649169921875,69216200
2020-12-15,339.69826688785116,341.72314453125,338.3298760097503,341.72314453125,63865300
2020-12-16,341.935753088197,343.1747143338236,341.0573713537836,342.2593688964844,58420500
2020-12-17,343.8959404400441,344.3767225815223,343.07303238358134,344.1733093261719,64119500
2020-12-18,344.46113944048307,344.6282701572163,340.79338813671035,342.7990417480469,136542300
2020-12-21,338.88995381488303,351.4159755487242,336.1600382375715,341.57342529296875,96386700
2020-12-22,341.89839793934385,342.0098184311258,339.87418344037354,340.9977111816406,47949000
2020-12-23,341.96339496968784,343.20763766131074,340.9791428653168,341.30413818359375,46201400
2020-12-24,341.77771744079797,342.6598436511462,341.19275979993,342.6319885253906,26457900
2020-12-28,345.1760534669629,345.9653195129683,344.5539464489038,345.5753479003906,39000400
2020-12-29,347.09821664709926,347.27464186044676,344.3311518128284,344.9161376953125,53680500
2020-12-30,345.73332055862136,346.4390215375945,345.01835342882407,345.4083251953125,49455300
2020-12-31,345.2132342407314,347.8874388872676,344.70254763729105,347.1631774902344,78520700
2021-01-04,348.4909711220461,348.6209805572402,338.7505780933009,342.4368896484375,110210800
2021-01-05,341.79632906873184,345.8819083591605,341.7498849648262,344.7955017089844,66426200
2021-01-06,343.2911234562188,350.0416393473608,342.743287286381,346.8567199707031,107997700
2021-01-07,349.2245372676321,352.75298437501374,349.0481120785787,352.0101623535156,68766800
2021-01-08,353.3937031789076,354.2293850911422,350.1531015213458,354.0158386230469,71677200
2021-01-11,350.84948394564515,353.38438462890787,350.7287689918053,351.62945556640625,51034700
2021-01-12,351.81515363311456,352.7158118155588,349.46591609355505,351.7037048339844,52547700
2021-01-13,351.62950774382404,353.64442764556827,350.8495360073249,352.6509094238281,45303600
2021-01-14,353.39378403221525,353.89520462901476,351.0817236007902,351.4159851074219,49989100
2021-01-15,349.800282405299,350.59881478443,346.9960962553196,348.8531799316406,107160000
2021-01-19,351.30456148612353,352.13097743160114,349.8281831712378,351.5924072265625,51233300
2021-01-20,353.87657321374,357.2936287805517,353.4866015027723,356.45794677734375,61836100
2021-01-21,357.0150334029827,357.44218304043847,355.86365062010475,356.78289794921875,47840100
2021-01-22,354.93512517961597,356.6807884063507,354.554419617458,355.5201110839844,52860500
2021-01-25,356.2535375948951,357.2749105978495,351.4158158711578,356.9220886230469,70402000
2021-01-26,357.869315038569,358.2778757163541,356.1329463264064,356.3650817871094,42665300
2021-01-27,353.05015999751345,353.14301984374345,345.4268398473695,347.65533447265625,123351100
2021-01-28,349.465966970764,354.6379514307327,349.0295795422171,350.6452331542969,94198100
2021-01-29,348.7881786860428,349.75387014169314,341.95409595375736,343.62548828125,126765100
2021-02-01,347.01462699809997,350.375943628793,343.9133009262217,349.34527587890625,75817600
2021-02-02,352.52093227928594,355.8358337158987,349.42890017127894,354.28515625,64450700
2021-02-03,355.1114653148641,356.2814368432758,353.2915316437675,354.5636291503906,52427100
2021-02-04,355.59436662167684,358.63998265068375,354.6751192898168,358.59356689453125,47142600
2021-02-05,360.45994861198795,360.7106447040377,358.54715471512554,360.00494384765625,48669800
2021-02-08,361.4534473259199,362.6512741525483,360.59920475972706,362.6048583984375,38365200
2021-02-09,361.7692144251859,362.9577753209079,361.3606820383457,362.3634948730469,35551100
2021-02-10,364.09976890155684,364.24833897480704,359.80991075751706,362.2055358886719,59154400
2021-02-11,363.2826227627068,363.7004778361302,360.36701674347415,362.7904968261719,42913300
2021-02-12,361.9919719175586,364.8240126465975,361.9176727161063,364.5826110839844,50593300
2021-02-16,365.80835069289986,366.0033648900088,363.55200072791945,364.2669677734375,50972400
2021-02-17,362.5213268153556,364.6012515218009,361.5091912477151,364.3505554199219,52290600
2021-02-18,361.7506393479471,363.5427184335589,360.03283114692755,362.7998962402344,59712800
2021-02-19,364.05341301185115,364.34125872083973,361.71346939446187,362.1591796875,83241000
2021-02-22,359.4013292371553,361.7783935972179,359.10418910793686,359.37347412109375,67414200
2021-02-23,357.1728509983925,361.15630279532843,353.0315629822929,359.8099060058594,107284100
2021-02-24,358.7235712258007,364.2019909749651,357.7393191021612,363.77484130859375,72433900
2021-02-25,362.51200240283123,363.8769599629682,353.5701404616122,355.0093688964844,146670500
2021-02-26,356.88507715052293,358.0271655270358,351.2024053803291,353.18017578125,152701600
2021-03-01,358.0364901808045,362.9856346855263,353.3752197529631,361.7413635253906,105348800
2021-03-02,361.964195274004,362.19633073939394,358.41715856200267,358.9185791015625,79595300
2021-03-03,358.22215187611573,359.18781495345684,354.06227437694446,354.1644287109375,119940200
2021-03-04,353.9787373865895,356.5600826850542,345.3061596092031,349.78173828125,183433000
2021-03-05,353.27306228530506,357.26580967154143,346.0118857739026,356.216552734375,152039600
2021-03-08,357.1728776946545,359.9770636155982,354.1644114525265,354.4429626464844,123149200
2021-03-09,358.277918893154,362.0477969623382,357.7764983032908,359.50360107421875,113633600
2021-03-10,361.8435178759324,363.43131668977617,360.43214430105473,361.7413635253906,109899400
2021-03-11,364.2019950148293,367.37759240388004,363.7469902205475,365.4090881347656,86245000
2021-03-12,364.0533342174548,366.0403986280399,363.2455075098559,365.901123046875,64653600
2021-03-15,366.15186917399524,368.343242519141,364.0162344057818,368.083251953125,73427200
2021-03-16,368.6961305342788,369.40180309295295,366.8483129268186,367.6190185546875,73722500
2021-03-17,366.33759873657715,369.6710604301495,365.1954821103504,368.8725280761719,97959300
2021-03-18,366.2912103516865,368.371135091279,362.82773894437463,363.5055847167969,115349100
2021-03-19,363.205574280837,364.77995178052817,360.66234252833834,362.83294677734375,113624500
2021-03-22,363.3453133880508,367.10891663764517,363.28942068287944,365.73016357421875,73778600
2021-03-23,365.09668084256,366.5406230570263,362.0690362260645,362.8515625,90686600
2021-03-24,364.248968775631,365.87923909623805,360.9604817803928,361.0070495605469,97588600
2021-03-25,359.5723525170637,363.8296644620866,357.6346443016574,363.037841796875,116128600
2021-03-26,364.18376357430776,369.2888490443927,363.58756519155156,368.8882751464844,114409100
2021-03-29,367.4163152580118,369.60554090899944,365.93510175704296,368.701904296875,108107600
2021-03-30,367.4350274245717,368.3945569028789,366.1307883102693,367.72381591796875,76262200
2021-03-31,368.2920058783888,370.77001997622074,368.26405952663214,369.2142639160156,112734200
2021-04-01,371.1426257443496,373.2573371455199,370.93767636691575,373.201416015625,99682900
2021-04-05,375.8564897892532,379.09840904135075,375.7819756542243,378.5580749511719,91684800
2021-04-06,377.9991469225459,379.3778716395841,377.66376224160524,378.3345031738281,62021000
2021-04-07,378.16678511784755,379.1169894924743,377.7103185696919,378.7723083496094,55836300
2021-04-08,380.0206514166771,380.626174688792,379.089068404298,380.5702819824219,57863100
2021-04-09,380.4491519037927,383.50474266034735,380.3280415787718,383.3370361328125,61104600
2021-04-12,382.74087863290447,383.7469757570129,382.135355372954,383.4768371582031,56704900
2021-04-13,383.3743798281407,385.2375459689583,382.992427357714,384.6133728027344,56551000
2021-04-14,384.585426479011,385.6381198974038,382.7595316211662,383.29986572265625,61659900
2021-04-15,385.4331734470441,387.68761700399335,385.3866056650256,387.4174499511719,60229800
2021-04-16,388.70298586402646,389.31783402254797,387.28699001478793,388.7123107910156,82037300
2021-04-19,387.7807610260529,388.2279026853113,385.4797498055928,386.8025817871094,78498500
2021-04-20,385.59152639170094,386.6907875184191,382.4986639809094,383.9705810546875,81851800
2021-04-21,383.3557735882246,387.8087397039986,383.21601337839934,387.6037902832031,66793000
2021-04-22,387.43604432459205,388.2651383615414,383.0017004125384,384.0636901855469,97582800
2021-04-23,384.6225927707997,389.63451287063543,384.5480786545513,388.2278137207031,73209200
2021-04-26,388.88006841759574,389.60670212994864,388.2931664903758,389.0384216308594,52182400
2021-04-27,389.33648125494796,389.53213415675737,387.8179963971385,388.95452880859375,51303100
2021-04-28,389.2247259133634,390.34263698563,388.3769818956655,388.8427734375,51238900
2021-04-29,391.56296041556226,391.9355879172904,387.9484139465216,391.32073974609375,78544300
2021-04-30,389.05704160482367,389.9047856090629,387.85529148566474,388.7496032714844,85527000
2021-05-03,390.73387217038277,391.1158246327663,389.0943053331574,389.5880432128906,68128300
2021-05-04,387.60382463739023,388.0975625908413,383.50486428784126,387.1846008300781,101591200
2021-05-05,388.82405711429095,389.0569528283678,386.74661711005075,387.3055725097656,60162200
2021-05-06,387.3801199711882,390.528874845266,385.3772223436678,390.3984680175781,74321400
2021-05-07,391.1624559692286,393.8919877300399,390.4823900464042,393.2398681640625,67733800
2021-05-10,393.59384166171475,393.81741249794896,389.22471484913274,389.3458251953125,81852400
2021-05-11,384.8368977997584,386.85841675179097,382.0048778519801,385.8709411621094,116888000
2021-05-12,383.09488503627756,384.3618242624742,376.3595297518344,377.6730651855469,134811000
2021-05-13,379.21955649395835,384.13831434726995,379.17296027905456,382.2099304199219,106394000
2021-05-14,384.93945733886034,388.9266319996469,384.9115109821357,388.0788879394531,82201600
2021-05-17,386.9703182241895,387.9019013257999,385.07917723544665,387.0914001464844,65129200
2021-05-18,387.35212159155384,387.5943422199958,383.5978439989598,383.7562255859375,59810200
2021-05-19,379.07974196431326,382.92715562063444,377.5985000735296,382.7501525878906,106467100
2021-05-20,383.62587868681237,388.1254406224363,383.5047967743601,386.8677978515625,78022200
2021-05-21,388.3489736323711,389.58799485674376,386.09455884988506,386.551025390625,76578700
2021-05-24,388.7868558465473,391.5629834929008,388.54463516280316,390.4916687011719,51376700
2021-05-25,391.5723104358726,391.92631656128196,389.047728204707,389.62530517578125,57451400
2021-05-26,390.2121400584183,390.9015023339306,389.1780966451499,390.3984680175781,43088600
2021-05-27,391.4232216191229,391.9355808710809,390.3239321287522,390.6034240722656,56707700
2021-05-28,392.1684893742527,392.42933147222897,391.0692282777566,391.3021240234375,58520200
2021-06-01,393.65901283958925,393.7987445957446,390.5195828561252,390.9574279785156,54216600
2021-06-02,391.60953690489885,392.4107130596126,390.6034397848831,391.572265625,49097100
2021-06-03,389.26197808041053,391.2555509981351,387.7993858877597,390.1190185546875,58138800
2021-06-04,391.963486198523,393.98503350269976,390.18415953410863,393.6869201660156,55938800
2021-06-07,393.6776201553933,393.85462318339853,392.37340976192394,393.30499267578125,51555000
2021-06-08,394.16214806830806,394.2553120728137,391.56305144947635,393.3889465332031,47134300
2021-06-09,394.2272923071258,394.3018348687151,392.57840061009364,392.8019714355469,48436300
2021-06-10,394.0223453765083,395.5781015257895,392.7088099094243,394.62786865234375,51020100
2021-06-11,395.1775688004502,395.39181472194224,393.89197955285624,395.280029296875,45570800
2021-06-14,395.3917787091995,396.26746903201445,394.1527857880061,396.1650085449219,42358500
2021-06-15,396.31410594008616,396.35134879576736,394.56272511460134,395.43841552734375,51508500
2021-06-16,395.57807599910893,395.8016468115362,391.19032822728997,393.23046875,80386100
2021-06-17,392.8207256029572,394.07834025974415,390.6314992568619,393.1001892089844,90949700
2021-06-18,389.8251604695109,390.5167781405025,387.5914076691271,387.7970275878906,118676300
2021-06-21,389.5540649639203,393.53560087943845,388.7409408172673,393.3486633300781,72822000
2021-06-22,393.33938339648705,396.28346475320944,392.61969941589416,395.4516296386719,57700300
2021-06-23,395.5263737663793,396.3301424887815,394.8908317268986,394.9749450683594,49445400
2021-06-24,397.115319978314,397.7321512462469,396.86295139148933,397.31158447265625,45110300
2021-06-25,398.05922899461444,399.1714418641056,397.73210252899935,398.7228088378906,58129500
2021-06-28,399.2462030135846,399.6948074887242,398.0498768754374,399.5265808105469,53159600
2021-06-29,399.9097733050363,400.545315311481,399.20880030663477,399.7415466308594,35970500
2021-06-30,399.2835916114196,400.7509687229313,399.2555538300446,400.0780334472656,64827900
2021-07-01,400.83509959729395,402.4520211210759,400.7696685970019,402.2931213378906,53441000
2021-07-02,403.4521211484216,405.72326732240344,402.3772728272661,405.36810302734375,57697700
2021-07-06,405.42411100289456,405.63908633581775,401.90056347036705,404.6296691894531,68710400
2021-07-07,405.31209053050856,406.3401903544426,403.3026395471274,406.0597839355469,63549500
2021-07-08,400.7509143885333,403.50808611480505,399.57327068511836,402.75103759765625,97595200
2021-07-09,404.2558173257462,407.3494426746745,402.55478259875076,407.05035400390625,76238600
2021-07-12,406.96616610645447,408.76066927964257,406.5362440476535,408.50830078125,52889600
2021-07-13,407.72331850573784,409.2187334442086,406.854118733952,407.1158142089844,52911300
2021-07-14,408.8074109821417,409.29343713942774,406.48018995953106,407.7232360839844,64130400
2021-07-15,406.38676403559714,407.0596992666777,404.43338933545084,406.3306884765625,55126400
2021-07-16,407.5084154784258,407.5551356129404,402.7511477644121,403.1436767578125,75874700
2021-07-19,398.33031422579336,403.209088281005,394.38617099707693,397.1900634765625,147987000
2021-07-20,397.85366978150347,404.1531013655724,397.05922782172377,402.8819885253906,99608200
2021-07-21,404.07824240394586,406.28398573679834,402.83519609526724,406.1437683105469,64724400
2021-07-22,406.3213884076943,407.23733686784163,405.34003746820474,406.99432373046875,47878500
2021-07-23,408.91963853760046,411.5179109011736,408.2373763394922,411.18145751953125,63766600
2021-07-26,410.59261588453984,412.20018185039044,410.5458957579973,412.1908264160156,43719200
2021-07-27,411.15338725210887,411.18142503169713,407.4896224241449,410.3122253417969,67397100
2021-07-28,410.93845431834467,411.51792083805464,408.7233839343774,410.1440124511719,52472400
2021-07-29,411.0693616907412,412.9199125840506,411.0600062546591,411.8450927734375,47435300
2021-07-30,409.2841865056366,411.29363706752343,409.15332449973266,409.844970703125,68951200
2021-08-02,411.5553115323718,412.10674026622047,408.62991264660883,408.9850769042969,58783300
2021-08-03,409.77944541953616,412.43379291943126,407.5924132229183,412.3122863769531,58053900
2021-08-04,411.03187281061224,412.28427447929056,410.0505220211944,410.2841796875,46732200
2021-08-05,411.4431679198543,412.96662067268136,411.1253968736616,412.88250732421875,38969700
2021-08-06,413.20023664333985,413.9853230057107,412.9198303207797,413.5647277832031,46930000
2021-08-09,413.53671760242094,413.8544886377314,412.4618979342041,413.2283020019531,41222600
2021-08-10,413.67690908891893,414.4526685963435,412.9946468851688,413.7423400878906,43339300
2021-08-11,414.80780947459465,414.8638850355054,413.6862412110491,414.7704162597656,44034300
2021-08-12,414.62089804805976,416.15370620330873,413.72366049428854,416.01348876953125,38909400
2021-08-13,416.4620942233985,416.7892206760995,415.9760965228515,416.7705383300781,39470300
2021-08-16,415.4713605109986,417.88269503110484,413.91987021373245,417.7518615722656,73740000
2021-08-17,415.2003367624512,415.87327201338974,412.0319534928369,415.013427734375,92673900
2021-08-18,414.0039719428465,415.5648176300806,410.22808476985836,410.4710693359375,89351900
2021-08-19,407.7513683082851,412.30304425730367,407.6111793930043,411.106689453125,92812200
2021-08-20,411.4524984131377,414.7049951138694,410.96647217681397,414.37786865234375,72008700
2021-08-23,416.0602493564847,418.92957275106846,414.4526832434195,418.0229797363281,54973000
2021-08-24,418.6865234375,419.21926979163254,418.1724879522138,418.6865234375,38744700
2021-08-25,418.87344589815075,420.07909894332823,418.4995708066867,419.5650634765625,40529700
2021-08-26,419.2847386206746,419.51839633690446,416.994910115224,417.08837890625,57829600
2021-08-27,417.89207569885787,421.1913209422029,417.8360001384459,420.8174743652344,77235100
2021-08-30,421.4904469021432,423.4531772582027,421.24743377041483,422.6680908203125,48357400
2021-08-31,422.57458594782264,422.9110393113264,421.44369077915854,422.0418395996094,59300200
2021-09-01,422.9764722664043,423.4905077483613,422.03248612109024,422.2661437988281,48721400
2021-09-02,423.68672259809523,424.3689846367617,422.3688901159671,423.5652160644531,42501000
2021-09-03,422.4345142049423,423.9766495940305,422.03260121240265,423.46258544921875,47170500
2021-09-07,423.1166832249812,423.2101520054819,421.27545948751975,421.9483947753906,51671500
2021-09-08,421.4156743425341,422.14468518971387,419.5183465302411,421.4343566894531,56181900
2021-09-09,421.23815097875956,422.98590616883826,419.38757155961514,419.6305847167969,57970400
2021-09-10,421.55586791625456,421.97643464658915,416.2004233686548,416.3219299316406,89948200
2021-09-13,419.3127250750678,419.57442052650157,415.07882068151736,417.3873596191406,83738600
2021-09-14,418.8267538323482,419.032373751366,414.24706856986353,415.1349792480469,78197100
2021-09-15,415.5555116773011,419.0977701394543,414.4526542585058,418.6024169921875,78792200
2021-09-16,418.07903168064803,419.0510271190857,414.99473310868217,417.9388427734375,77786700
2021-09-17,417.1681956679975,417.5901098184233,413.5114346800141,413.86773681640625,118425000
2021-09-20,407.7543373535724,409.32954038102963,402.10981691745377,406.96673583984375,166445500
2021-09-21,409.30141250201683,410.59533949300106,406.0572382327374,406.5823059082031,92526100
2021-09-22,408.8513325900805,412.58309005146594,406.69480673198865,410.5484313964844,102350100
2021-09-23,412.41434258074156,417.1399803704705,412.17993634176355,415.53662109375,76396000
2021-09-24,413.90516505538227,416.9337039803391,413.6895010133059,416.2210998535156,62094800
2021-09-27,415.18971469523467,416.3523605127942,414.33647253059087,415.03033447265625,61371100
2021-09-28,412.2643708805607,412.5925453791143,405.93540163406385,406.666748046875,130436300
2021-09-29,408.0449990691309,409.77961092728947,406.78858508585967,407.3511657714844,82329200
2021-09-30,408.82324196639286,409.5264607159928,402.03484612674845,402.3724060058594,140506000
2021-10-01,404.0976586371233,408.8326537442385,400.58156466232106,407.154296875,129240100
2021-10-04,405.9915954205408,406.8917073430287,399.7657521393978,401.903564453125,128570000
2021-10-05,403.4037658375677,408.3262970264828,402.6068074886927,406.08538818359375,90682500
2021-10-06,402.49426854273986,407.97938044868795,400.8721956255004,407.7731018066406,113032200
2021-10-07,411.04549653422066,414.1302626252565,410.8673454695045,411.29864501953125,72437500
2021-10-08,412.0674077940218,412.4518374427157,409.9202387275282,410.5484313964844,74557400
2021-10-11,409.8921372238028,412.7987803671197,407.5105617770027,407.5762023925781,65233300
2021-10-12,408.49511604042164,408.89828794249456,405.785365924999,406.5729675292969,71181200
2021-10-13,407.594929147859,408.8513431322092,404.6226741156243,408.0356140136719,72974000
2021-10-14,411.69244871973615,415.04916286579004,411.22363613283864,414.8991394042969,70236800
2021-10-15,417.00870250976914,418.42452536112467,416.3898666001841,418.058837890625,66260200
2021-10-18,416.27735526871015,419.6340400404351,415.621006350095,419.2965087890625,62213200
2021-10-19,420.91862541650084,422.59695355572194,420.3091462784129,422.5313415527344,46996800
2021-10-20,422.99082000892685,424.491025906163,422.87830957409244,424.19097900390625,49571600
2021-10-21,423.59087874148474,425.5223841474882,423.1595792098458,425.29736328125,41305400
2021-10-22,424.86601382430814,426.30996431243693,422.91573783259383,424.85662841796875,58845100
2021-10-25,425.9442668817109,427.4632147429343,424.17217058163135,427.1350402832031,45214500
2021-10-26,428.68223642849716,429.8917522879476,427.1445174247861,427.5195617675781,56075100
2021-10-27,427.9789668380812,428.6446726137015,425.5504927707311,425.6255187988281,72438000
2021-10-28,427.05061675277136,429.8072361692125,427.0412599615864,429.73223876953125,51437900
2021-10-29,427.43504092002377,430.8948789471614,427.1443795021593,430.6042175292969,70162400
2021-11-01,431.5888253261382,431.9638982601933,429.6198354925865,431.3450622558594,48433600
2021-11-02,431.5137556913935,433.3983909976397,431.3824744636354,433.0889587402344,48908400
2021-11-03,432.52643344894864,436.1362956921223,432.0857485213813,435.7331237792969,52509800
2021-11-04,436.33310224976924,437.87082079414984,435.98618562096254,437.78643798828125,52847100
2021-11-05,440.00869977242445,441.2932415636286,437.7959183013962,439.30548095703125,66390600
2021-11-08,440.4024705143944,440.89941061596096,438.9960330253521,439.68048095703125,50405200
2021-11-09,440.0461369788913,440.28054321030675,436.8207049454919,438.2271423339844,51149100
2021-11-10,436.5395195710356,438.22726206677805,433.2203470294367,434.7017822265625,69429700
2021-11-11,436.1924978999976,436.2675239203641,434.8235734757579,434.8423156738281,34848500
2021-11-12,436.1081354103615,438.6772187538003,435.1611250038921,438.1240234375,53466700
2021-11-15,439.40862530276064,439.56800554034606,437.14894545673525,438.2740783691406,46980500
2021-11-16,438.01152112700873,441.1431852512349,437.9365237158013,440.0086669921875,48857500
2021-11-17,439.74610202390977,439.9242530537252,438.32092239942926,438.93975830078125,47858300
2021-11-18,439.97117780399594,440.6931674194312,437.2520708292828,440.4306335449219,50625600
2021-11-19,440.31806790988196,441.5651251990252,439.27731788187225,439.64300537109375,57315600
2021-11-22,441.5181949166131,444.0028951339013,438.1989948186662,438.4052734375,72762000
2021-11-23,438.07713594296996,439.83987544998917,435.4799250989726,438.98663330078125,73206500
2021-11-24,436.98951426235885,440.2805872370219,436.17378507370955,440.15869140625,61858800
2021-11-26,433.50155816840993,434.96425094373944,429.21660486222436,430.3417663574219,112669600
2021-11-29,435.1236958178473,437.458373207534,432.92965647319335,435.6206359863281,86268800
2021-11-30,433.1827469437874,435.08612453579684,426.90064804249147,427.1444396972656,148559600
2021-12-01,432.84521097923056,435.6862135337651,422.2031616971008,422.4000549316406,131939200
2021-12-02,422.61574691393747,430.43553635703284,422.22193180478286,428.86968994140625,127637800
2021-12-03,430.5292522904625,431.58874442702455,420.9185967447433,425.1379089355469,137331600
2021-12-06,427.6789180869,432.0482542479885,425.2692148441158,430.1730041503906,98977500
2021-12-07,435.44250118941085,439.6336867722237,430.04177114604164,439.07110595703125,95484700
2021-12-08,439.464933746754,440.68383503634107,437.7115506226162,440.2337646484375,72238800
2021-12-09,438.9491577219033,440.3368530852221,437.06455084489505,437.2614440917969,61272600
2021-12-10,439.96170840846366,441.5275258475931,437.4113677313655,441.37750244140625,77159800
2021-12-13,440.8619411504924,441.2088578538092,437.1864382259011,437.4677429199219,87724700
2021-12-14,434.20476780499797,436.6894683893485,431.5419161774256,434.4579162597656,97264100
2021-12-15,434.5141971486355,441.49010093703475,432.00134036114184,441.246337890625,116899300
2021-12-16,443.09342361388826,443.37469964954175,435.8080595359977,437.35516357421875,116568600
2021-12-17,434.28117656754216,437.2827106378424,430.99737826772844,432.700439453125,135511600
2021-12-20,427.62893618734074,428.4945657060667,424.4862697414786,428.0993957519531,107134800
2021-12-21,431.5148641473523,435.8430974441347,429.3507618562461,435.70196533203125,69806300
2021-12-22,435.44794347232624,440.17134685592566,435.25032979357655,440.0584411621094,58890200
2021-12-23,441.0558636062711,444.29262786782226,440.95237627994055,442.79656982421875,56439700
2021-12-27,444.1701982443576,449.11002274302933,444.1231637825782,449.06298828125,56808600
2021-12-28,449.4958929694086,450.5214913868531,447.93396375035627,448.69610595703125,47274600
2021-12-29,448.79965148280036,450.28629118812887,447.8022794254561,449.2701110839844,54503000
2021-12-30,449.69343150623797,450.7002217741406,447.56697399413,448.02801513671875,55329000
2021-12-31,447.53874202831184,448.68663568101795,446.6260494189647,446.8988952636719,65237400
2022-01-03,448.15975083339737,449.61819265083415,445.8545162929149,449.4864501953125,72668200
2022-01-04,450.9071932731494,451.6223008842784,447.48223441413006,449.3358459472656,71178700
2022-01-05,448.9689091940095,449.7404696581306,440.61354395954817,440.7076416015625,104538900
2022-01-06,440.2466667010779,443.0035528678846,437.9319849605687,440.293701171875,86858900
2022-01-07,440.30304168905667,441.4791903967264,437.19799187206786,438.55291748046875,85111600
2022-01-10,435.36331312046167,438.2236867337772,429.6237004184561,438.0072937011719,119362000
2022-01-11,437.74376052174716,442.0908017452963,434.7516162526011,441.9967041015625,74303100
2022-01-12,443.72798110407143,445.2428756029094,441.2345515344107,443.191650390625,67605400
2022-01-13,444.29258772329274,444.9418241930247,436.05954567988096,437.08514404296875,91173100
2022-01-14,433.94247281173614,437.6120514809011,432.7286791584299,437.263916015625,95890900
2022-01-18,432.5781593461344,432.7851627070061,428.4098944174529,429.5201721191406,109709100
2022-01-19,431.0633416406658,432.4558837567088,424.78739759355466,425.0602722167969,109357600
2022-01-20,426.94202425230395,431.6372011815895,418.2385229314581,420.3555908203125,122379700
2022-01-21,419.23594498974285,421.58824292541317,412.07556385655806,412.1037902832031,202271200
2022-01-24,406.5053054589265,414.36198622480896,395.90115681307793,413.8538818359375,251783900
2022-01-25,407.47438716618876,413.7409112645625,401.9135523304981,408.80108642578125,167997300
2022-01-26,414.6818862839636,417.80574473347866,403.5225703047687,407.7755432128906,186391100
2022-01-27,412.36717163695266,415.5004192840026,404.0776775137982,405.76190185546875,149878300
2022-01-28,407.11692430319016,415.88629839154174,402.54407064233396,415.8392639160156,164457400
2022-01-31,415.17116710249303,423.6770844746201,413.82565957531546,423.3289489746094,152251400
2022-02-01,424.0534262540882,426.82914917104256,420.5343978995624,426.1893310546875,123155400
2022-02-02,428.5886396673794,431.05384305532795,426.2833764423959,430.329345703125,117361000
2022-02-03,424.30751219871513,426.208158589354,419.37707621036856,420.2145080566406,118024400
2022-02-04,419.97932468063993,426.0294287351917,417.60818972725326,422.19049072265625,118454400
2022-02-07,422.95257835164983,424.3451203230606,419.5088108002381,420.83551025390625,84472900
2022-02-08,420.3368340105605,425.2202068332441,418.9160368655322,424.298095703125,81012000
2022-02-09,428.32514818742595,430.82799617234946,428.1275632375704,430.5080871582031,92589900
2022-02-10,424.6744500762086,430.66810052892527,420.7790596867854,422.7738037109375,140103700
2022-02-11,422.858431768966,424.9284364407401,413.00700821201644,414.43719482421875,153214600
2022-02-14,413.92909493615394,415.5098319487012,409.6196698794952,413.0822448730469,123006300
2022-02-15,417.51407522523783,419.91340763201026,416.99655245102997,419.7440490722656,88482700
2022-02-16,417.7022412323989,421.5882420080019,415.8298212683436,420.2145080566406,84863600
2022-02-17,417.03413227878895,420.18621676202645,410.63589438127366,411.2380676269531,102259100
2022-02-18,411.49214366579196,412.74358216810356,406.3076988713617,408.5753173828125,132642900
2022-02-22,406.37352124987865,409.77022506154026,400.6997521061171,404.1905822753906,124391800
2022-02-23,407.0981420623061,407.66269937728737,396.4563472260344,397.0209045410156,132578000
2022-02-24,386.73658449661104,403.42850999389174,386.3790593344902,402.99566650390625,213942900
2022-02-25,404.2282938735101,411.97206942109483,402.5816852321868,411.88739013671875,121804500
2022-02-28,406.50529284633944,412.3107765451423,405.25388303089113,410.8335266113281,145615000
2022-03-01,409.3374953713261,411.3416578546236,401.8759843184385,404.5764465332031,137785900
2022-03-02,406.82521187285215,413.7409734291532,406.07248803205465,412.01910400390625,117726500
2022-03-03,414.44671092760717,415.04888432726085,408.17076677861536,409.9679260253906,105501700
2022-03-04,406.2417642897953,407.76604842308336,402.6004124792588,406.636962890625,113978200
2022-03-07,406.05359214668294,406.7592814126414,394.5837869801388,394.649658203125,137896600
2022-03-08,394.82848568696517,401.97005852746355,390.59434954887394,391.6575927734375,164772700
2022-03-09,400.02235763522094,404.134169484024,397.8394184443937,402.1582336425781,116990800
2022-03-10,397.557052917586,401.2360493514207,395.599954192604,400.3421936035156,93972700
2022-03-11,402.8262482347944,403.43783985789673,394.7437572588801,395.2518615722656,95636300
2022-03-14,396.0234704863825,399.46720926881693,391.22477713105775,392.36328125,95729200
2022-03-15,394.96964080123826,401.6219464123901,393.6994228575472,400.9915466308594,106219100
2022-03-16,404.49176069614015,409.9396620822366,399.7024567937387,409.8832092285156,144954800
2022-03-17,407.97305465049794,415.0111389160156,407.5966928036644,415.0111389160156,102676900
2022-03-18,413.4029514285669,419.87769615708896,412.6667555439276,419.5567932128906,106345500
2022-03-21,419.3868421211315,421.3877829881189,415.9323761926658,419.4340515136719,88349800
2022-03-22,420.8214687288552,425.27640505720075,420.8214687288552,424.3420104980469,74650400
2022-03-23,421.8125310374547,423.3037890750717,418.79222440449075,418.8771667480469,79426100
2022-03-24,420.897026967389,425.2009454427064,419.78329999434203,425.1914978027344,64736900
2022-03-25,425.8238364518409,427.5416361124458,423.2471369609336,427.2679138183594,77101300
2022-03-28,426.6732396590378,430.3070373535156,424.7855555376232,430.3070373535156,68529800
2022-03-29,434.18626321308204,436.12115693733773,431.5057549157547,435.6303405761719,86581500
2022-03-30,434.48834654789084,435.3000658769964,430.8356815763662,432.9404602050781,79666900
2022-03-31,432.1759613525289,432.99709953880534,425.82389235149907,426.2769470214844,121699900
2022-04-01,427.8530993439852,427.99466991123313,423.91729355560483,427.4850158691406,89048800
2022-04-04,427.68317979634264,431.25090181901925,426.86204176947047,431.1470642089844,59601000
2022-04-05,429.6558116325977,432.119225743506,424.5590699380688,425.70111083984375,74214500
2022-04-06,421.793612229182,423.71902938512,418.5656595556562,421.4443664550781,106898000
2022-04-07,420.56664291276263,425.38024389891154,418.6223302828864,423.56805419921875,78097200
2022-04-08,422.8129864370016,425.32361011547357,420.89698794603316,422.4354553222656,79272700
2022-04-11,419.16969873165914,420.0097320215141,414.7147916975716,415.21502685546875,89770500
2022-04-12,418.19758861647455,420.71765996000386,412.12869019333453,413.6766052246094,84363600
2022-04-13,413.4311873130841,419.16973507105604,413.25185499529334,418.4146728515625,74070400
2022-04-14,418.64113099890267,419.7548865120772,413.1007827575576,413.2046203613281,97869500
2022-04-18,412.27968190004844,415.0545800894282,411.14705981320014,413.3745422363281,66002500
2022-04-19,413.27073740895713,420.76484688177004,413.1008527235854,420.04754638671875,77821000
2022-04-20,421.82193478222695,422.4354264021452,418.57511557097627,419.73602294921875,65224400
2022-04-21,423.3509795921558,424.73842874926703,412.55342274585064,413.4595031738281,85417300
2022-04-22,412.37409241070765,413.4783716367902,401.5482213990768,402.1145324707031,132471800
2022-04-25,399.87763849644267,404.61571598232445,395.31886452951045,404.4458312988281,119647700
2022-04-26,401.9163240296101,402.11455163658286,392.70444345361744,392.7327575683594,103996300
2022-04-27,393.80863047196954,399.16967497196913,391.703881227094,393.8369445800781,122030000
2022-04-28,398.57518745115215,405.5124343696149,394.1485645985989,403.7851867675781,105449100
2022-04-29,399.8021348013602,401.95409397695,388.11736315002133,388.8630065917969,145491100
2022-05-02,388.92910247552595,392.5629010819542,382.27499699533837,391.2037658691406,158312500
2022-05-03,391.7039196895496,395.40376459664327,390.1465571793375,392.9969787597656,100028200
2022-05-04,393.65772495141096,405.5312769483244,390.4769810805958,404.9649658203125,144247900
2022-05-05,400.7082064100307,401.1329469341785,386.44676416954945,390.57135009765625,172929100
2022-05-06,388.0135688560758,391.50576802589364,382.9451403977338,388.2400817871094,151770800
2022-05-09,382.3504814055953,383.5869123846669,374.23343271582064,375.8096618652344,155586100
2022-05-10,381.7747206128694,383.2754262479383,372.6477827083813,376.677978515625,132497200
2022-05-11,375.7152782695393,381.35001745771194,369.94838734516037,370.69403076171875,142361000
2022-05-12,367.5038249274551,373.5727232304534,363.5208097766853,370.3070373535156,125090800
2022-05-13,374.4315896864937,380.5382491972758,373.39335762056186,379.1602478027344,104174400
2022-05-16,377.51795633625795,381.28387692656054,375.2716076319463,377.62176513671875,78622400
2022-05-17,383.70013247510735,385.62557844782094,379.9719446127917,385.3896179199219,83029700
2022-05-18,380.8402784851767,381.123419587076,368.61751205317614,369.85394287109375,117674500
2022-05-19,366.79598209392395,372.00600991179766,365.3707710345012,367.58880615234375,98510700
2022-05-20,371.1659411793916,374.7336635050742,359.1697150107811,367.7492370605469,131432200
2022-05-23,370.7694822124612,375.39433157969796,368.457086332618,374.62982177734375,76414900
2022-05-24,370.5146932699092,372.95924112163084,365.22917116715337,371.77001953125,91448800
2022-05-25,370.278726265349,377.01777330975807,369.8823286767236,375.0545654296875,91472900
2022-05-26,376.2816384117942,384.1815941900457,376.07399194481513,382.5487365722656,82168300
2022-05-27,385.0026651402334,392.0531673410909,384.80446634850006,391.9399108886719,84768700
2022-05-31,390.3259001664865,393.07248421298215,387.00358624823434,389.74072265625,95937000
2022-06-01,391.8549734040455,392.8648626531449,384.07769419751776,386.58831787109375,86585800
2022-06-02,386.4278638148007,393.9974674509903,384.1815149003103,393.9502868652344,79609600
2022-06-03,389.24045670832646,390.78837150030967,386.512768154437,387.48492431640625,71874300
2022-06-06,391.48684319664267,393.21406164588547,387.4943805595861,388.6647644042969,57508900
2022-06-07,385.1819749982957,392.8459684053957,384.7194727728496,392.3929138183594,59272400
2022-06-08,390.6845741806073,392.4684496696644,387.333946070098,388.12677001953125,64350000
2022-06-09,386.3523433395128,388.6175587452947,378.89599609375,378.89599609375,86289800
2022-06-10,372.7044641742221,373.55391651113854,367.8625484088817,367.90972900390625,132893900
2022-06-13,358.5184359528124,360.3683584476511,352.3362527688543,353.9407958984375,170004900
2022-06-14,355.68695837561785,356.7157429736958,349.77849666174114,352.8742980957031,104011800
2022-06-15,356.1682732930812,362.34100925128496,351.2225494582893,357.90496826171875,125666800
2022-06-16,349.7030303010159,350.10887558930665,343.6341022387322,346.0597839355469,134473300
2022-06-17,346.47397650063243,350.142419392661,343.30792965713135,346.80572509765625,111113900
2022-06-21,352.52169557516805,356.9200257502837,352.44584583713896,355.53607177734375,76811900
2022-06-22,351.3178056312109,358.99595685720385,350.90071887328156,354.8914794921875,90059400
2022-06-23,357.0243321478926,359.1002487608876,353.46963484148904,358.370361328125,79292100
2022-06-24,361.53644062032527,369.7738622299875,361.5080041964566,369.7643737792969,98050300
2022-06-27,370.68380190795756,370.9776545538821,367.2618273862305,368.3519287109375,66009600
2022-06-28,369.90658420443964,372.68398100101825,360.71175479299797,360.82550048828125,86548900
2022-06-29,361.3752782573753,362.36109348225904,358.7116273894593,360.5316162109375,65676000
2022-06-30,356.64510092174794,360.8349164010324,353.1567653026987,357.6025085449219,112508300
2022-07-01,356.94850998659183,361.8208293565842,354.33224330989844,361.384765625,74839700
2022-07-05,356.3039239194396,362.08623764291843,353.4791138897527,362.0672607421875,81438000
2022-07-06,362.2094276989218,365.7736135029027,359.8301699411462,363.2900695800781,70426200
2022-07-07,365.06266665246835,369.52735833895935,363.3090102076316,368.7311096191406,64525900
2022-07-08,367.10071569720793,370.2952282014979,365.5745794315864,368.4278259277344,72397800
2022-07-11,365.7546798643806,366.72154716840924,363.52706364959664,364.21905517578125,58366900
2022-07-12,363.66926385832295,366.0485507559225,359.25195608212715,360.9961242675781,62219200
2022-07-13,355.56446938861467,362.0292847605267,355.14738265957544,359.1001892089844,84224600
2022-07-14,354.15207948496095,359.30876226262916,351.71594911911046,358.2281494140625,89704800
2022-07-15,362.6265260152687,365.185919762693,360.72122784420594,365.0721740722656,79060400
2022-07-18,368.1528525900141,368.82586710212945,360.834915426236,362.0577392578125,63203600
2022-07-19,365.97267860433266,372.40905889172745,365.31864088700104,371.8403015136719,78506000
2022-07-20,372.02991057920354,375.62253303614597,370.6649043931411,374.2101135253906,71843800
2022-07-21,373.6319110568227,378.0681668690259,371.233676151968,378.0207824707031,64903900
2022-07-22,378.143943990978,379.3383025244326,372.29526973672574,374.5133972167969,72197300
2022-07-25,375.13906335562353,375.8215664094441,372.73134023128426,374.96844482421875,53631500
2022-07-26,373.328540675696,373.5370840827539,369.64114957187473,370.5321960449219,52946400
2022-07-27,373.8214115297532,381.8977018374365,373.52755888438156,380.1535339355469,82342100
2022-07-28,380.9592441702565,385.61350177770953,377.4140068493156,384.9215393066406,73966600
2022-07-29,386.3529969467856,391.5191695238333,385.58518450605675,390.5333251953125,87003700
2022-08-01,387.8411758992656,391.8793213752261,387.1302364241008,389.3768005371094,69997500
2022-08-02,387.81277563609865,391.4907074923848,385.632572613597,386.8079833984375,63435400
2022-08-03,388.931285023342,394.0310955881913,388.6469207989162,392.86517333984375,67820600
2022-08-04,392.7893590044414,393.4718621327927,390.9598814965707,392.59979248046875,45656600
2022-08-05,388.3245571114869,392.58070477933853,388.26768427752603,391.9361267089844,56814900
2022-08-08,393.62347746477167,395.87004150956847,390.3815808280443,391.4811706542969,53886100
2022-08-09,390.7512597952123,391.25365582181684,388.85542136603334,389.92657470703125,44931800
2022-08-10,396.96966387104465,398.2588492285253,395.01695232609546,398.11663818359375,68665700
2022-08-11,400.9603962309802,402.81833898357877,397.37726224840134,398.11663818359375,59489700
2022-08-12,400.050395788599,404.9606110010774,399.10247645360926,404.8563537597656,61694500
2022-08-15,402.64773218017746,407.04609228987914,402.5908593277422,406.52471923828125,54048300
2022-08-16,405.4535207281274,409.2451978170758,404.64778356108576,407.3209228515625,59289000
2022-08-17,403.7283280008868,407.1313549468698,402.42968313864895,404.4297790527344,63563400
2022-08-18,404.62877901944364,406.2876376325339,403.3396227828059,405.60516357421875,49023200
2022-08-19,402.84675039895933,403.11216664311075,399.28256461046794,400.1546630859375,68016900
2022-08-22,395.3297635768896,395.5004110497399,390.921944270961,391.8224792480469,77695600
2022-08-23,391.3958862975145,393.7846615275958,390.32473282411485,390.8745422363281,49105200
2022-08-24,390.64698231789686,393.49074002484474,389.9645082393007,392.1257629394531,49177800
2022-08-25,393.6139571012594,397.70897496462175,392.52385581312956,397.6615905761719,50942300
2022-08-26,397.5479550682545,398.0882471734594,384.1443600569768,384.20123291015625,103087000
2022-08-29,381.25313774516417,384.70354880710715,380.3052184856568,381.6607360839844,65370800
2022-08-30,382.81719520790887,383.0541750206006,375.3760233037477,377.4709167480469,85652400
2022-08-31,379.10134082789193,380.3431127380741,374.46603071215685,374.5987243652344,76029700
2022-09-01,372.42798580847113,376.1153764284115,369.7264103214383,375.7741394042969,78740100
2022-09-02,379.43310730382876,380.6464427581479,370.00129941700374,371.81182861328125,99632100
2022-09-06,372.6555302445026,373.5939611226999,368.1908383071308,370.4089660644531,76637400
2022-09-07,370.0960816393788,377.83110568507885,369.8780787401788,377.06329345703125,70964200
2022-09-08,374.79778552612436,379.98287576733065,373.59390963079943,379.52789306640625,80821700
2022-09-09,381.7649972904449,386.28659071940456,381.4995810521483,385.4239807128906,76706900
2022-09-12,387.49049096842776,390.2868647682197,387.18714981782034,389.5664367675781,69256300
2022-09-13,380.9024232007864,382.1062993004574,371.5085678123265,372.6271057128906,122947100
2022-09-14,373.9257160615463,375.5656268148488,370.7501807174359,374.0489501953125,85023700
2022-09-15,372.4943947202488,375.3381528851013,368.53209861998994,369.80230712890625,87633800
2022-09-16,365.62942946715134,367.6377407881729,363.69722135210424,366.9809875488281,103084800
2022-09-19,363.8401719669829,369.8270568847656,363.7640106344205,369.8270568847656,73278500
2022-09-20,366.5051690967704,367.51408871168167,362.83118428153335,365.5819091796875,77274900
2022-09-21,367.504586823731,370.5504007332188,359.19527603958755,359.2048034667969,106746600
2022-09-22,358.4337649769324,360.0708846733697,355.44508694272207,356.1875,89472600
2022-09-23,352.7228482792776,352.7609289323935,345.7841524325805,350.2196044921875,122346900
2022-09-26,348.75391014864755,352.3707890222306,345.5367765894628,346.7550964355469,92581200
2022-09-27,350.2862401271678,352.5515599107997,343.48078239742836,345.8698425292969,108294100
2022-09-28,346.8217084645166,354.3600529595543,345.127482081543,352.67535400390625,110802200
2022-09-29,349.13459770031216,349.42013004160674,342.3672197883283,345.3083190917969,112952300
2022-09-30,344.36596930372804,348.2779362644351,339.83535868204586,339.9685974121094,153711200
2022-10-03,343.68074828998994,350.79079510712245,341.9008619903515,348.94427490234375,89756500
2022-10-04,354.45516931282157,359.78532813158415,348.90611208555885,359.75677490234375,103602800
2022-10-05,355.3975589353477,361.1750432151708,353.0751323104993,358.91925048828125,88065700
2022-10-06,357.5200156173895,360.4706419018,354.721682907655,355.2166442871094,82333500
2022-10-07,351.19051769873397,355.30235769557754,343.547458861724,345.3083190917969,107789500
2022-10-10,346.42192984075376,346.65988314467035,340.43504562807703,342.6717834472656,76042800
2022-10-11,340.9775545535183,345.5367479558779,338.56946829764377,340.50164794921875,92482800
2022-10-12,340.91091321016154,342.48139902682294,339.1309983011124,339.37847900390625,76991800
2022-10-13,332.38265512986965,349.8008528442018,331.3356548770357,348.3350524902344,147254500
2022-10-14,350.7907569397952,352.41837848921915,339.7592450066515,340.39697265625,123737000
2022-10-17,346.46954168027236,350.24824134925336,340.06382821256403,349.1441345214844,93168200
2022-10-18,357.0536513093477,357.35823847132036,349.81033854515664,353.24639892578125,97162900
2022-10-19,351.2094821189524,353.9316825006344,347.93524295824557,350.74310302734375,79746900
2022-10-20,350.2958089110657,354.7122360773966,347.0405950042413,347.80206298828125,88283100
2022-10-21,347.5260110650035,356.7395553428867,346.0221590756883,356.254150390625,131038400
2022-10-24,357.77704931693273,361.7460937798273,355.1309809456278,360.6134338378906,85436900
2022-10-25,360.5373287022716,366.6860338162217,360.4231157662592,366.3719482421875,78846300
2022-10-26,363.230974837986,368.90377378445976,362.9739957124518,363.6116943359375,104087300
2022-10-27,364.6110821532887,366.44807462100994,361.05128110498777,361.66998291015625,81971800
2022-10-28,361.5652980348159,370.75029017440346,361.3844511918501,370.2743835449219,100302000
2022-10-31,367.81871998807645,369.68426585196175,366.6955873080766,367.59979248046875,96631300
2022-11-01,371.34039469961164,371.5783479860967,364.8204688405162,365.9911804199219,85407600
2022-11-02,365.40111675587,369.90320408108596,356.7015583770088,356.8062438964844,126990400
2022-11-03,353.57008917022813,356.1685499468717,351.0192364870028,353.13226318359375,87100100
2022-11-04,358.8335164171756,360.6134021561234,352.17082513091503,358.21484375,103505200
2022-11-07,359.50933724612685,362.231537963315,357.4343915475703,361.64141845703125,68286900
2022-11-08,362.745493209243,366.5622732100706,359.5188617569453,363.5926208496094,84641100
2022-11-09,361.6223724698831,362.77408732506177,355.6069062348671,356.10186767578125,78495500
2022-11-10,369.35108918360226,376.00428299719744,367.0572450041489,375.671142578125,141455800
2022-11-11,376.5277606911573,380.10658743180727,374.64316019638335,379.30706787109375,93839900
2022-11-14,377.5462448649226,380.89661702699635,375.80441036199727,376.0804443359375,71903500
2022-11-15,381.8198821687392,382.9239890323085,375.48080239259394,379.2880554199219,93194500
2022-11-16,377.6604299906343,378.61224316456577,375.76633106956126,376.39453125,68508500
2022-11-17,371.64500584373235,375.9186672305997,371.3404476693323,375.24285888671875,74496300
2022-11-18,378.5740947886721,378.64072867021633,374.10059109959224,376.9465026855469,92922500
2022-11-21,375.6235663390515,376.7466989172969,373.73896579052973,375.5759582519531,51243200
2022-11-22,377.51761716325757,380.7918564006526,376.10892338301994,380.6300354003906,60429000
2022-11-23,380.29692789864373,383.51406095455076,380.06850204043604,383.0286560058594,68261600
2022-11-25,382.4671170422372,383.4950916496888,382.19111210524926,382.9430236816406,30545400
2022-11-28,379.8590951809206,381.4962149118125,376.0708685003482,376.83233642578125,67881600
2022-11-29,376.96558433179973,378.1553507626501,374.34809818392904,376.18511962890625,52310000
2022-11-30,376.4326114888511,388.03521728515625,374.519486615748,388.03521728515625,144566700
2022-12-01,389.07270016589297,390.2434409456629,385.2464212750172,387.74969482421875,76398200
2022-12-02,382.86679385886526,388.20645105003473,382.76210836744406,387.30224609375,85342700
2022-12-05,384.4849116571129,385.41766990087285,378.98343312541476,380.3349914550781,77289800
2022-12-06,380.1732617355015,380.7157732131678,372.76815579992063,374.85260009765625,77972200
2022-12-07,374.0054742055746,376.5753814167961,373.0822142567911,374.2148742675781,65927900
2022-12-08,376.0994521400108,378.212449392276,374.3195371968257,377.14642333984375,60737900
2022-12-09,375.90911499149865,378.459967446831,374.20536119651905,374.3291015625,81447700
2022-12-12,375.119059475854,379.7258605957031,374.4528077117335,379.7258605957031,75405800
2022-12-13,390.45286275137533,390.70984189180217,379.8401500031239,382.60040283203125,123782500
2022-12-14,382.2577044665144,385.9602719426471,377.2131058725146,380.1542053222656,108111300
2022-12-15,375.2999318308924,376.20416598654884,369.1988348015829,370.85498046875,117705900
2022-12-16,368.3028770994123,369.6415286124747,364.3442912550409,366.4765625,119858000
2022-12-19,366.6678648941245,367.0025351167428,361.70526779936387,363.3690185546875,79878100
2022-12-20,362.61364283927566,365.482194633709,361.2941043449694,363.8662414550781,74427200
2022-12-21,366.4575070608886,370.4352358837999,365.92204637130624,369.30694580078125,78167400
2022-12-22,366.26619498775557,369.2877393144812,358.34899424622876,364.0382995605469,100120900
2022-12-23,363.01518610522345,366.27577647509355,361.466172965727,366.1323547363281,59857300
2022-12-27,366.01764723973866,366.3618594408892,363.0152157544233,364.68853759765625,51638200
2022-12-28,364.6216127041186,366.59137848650926,359.9267751898031,360.15625,70911500
2022-12-29,362.9961017998292,367.5092910145083,362.47018314198056,366.63916015625,66970900
2022-12-30,363.9619134619415,365.8168836865277,361.8487256860745,365.6734619140625,84022200
2023-01-03,367.52841345608357,369.49815002254616,361.274962367188,364.13397216796875,74850700
2023-01-04,366.3905568832152,368.9722652057651,363.34989894273167,366.9451599121094,85934100
2023-01-05,364.9945163658359,365.1092537639918,362.16422021646383,362.7570495605469,76970500
2023-01-06,365.845539153224,372.1946147969525,362.7857679206914,371.07586669921875,104189600
2023-01-09,373.2655401902277,376.44964922378716,370.6838609207569,370.8655090332031,73978100
2023-01-10,370.2822289287242,373.5332484725184,369.34515816722075,373.46630859375,65358100
2023-01-11,375.0440257972263,378.26636090740493,374.2312636370513,378.1898498535156,68881100
2023-01-12,379.289500125456,381.02973273660194,375.22571833967487,379.5667724609375,90157700
2023-01-13,376.3731242643396,381.6130228505716,376.10539392375364,381.039306640625,63903900
2023-01-17,381.0201896884126,382.6935115955875,379.6623956443495,380.3412780761719,62677300
2023-01-18,381.5269162830095,382.58826631918953,374.1356048315,374.3363952636719,99632300
2023-01-19,372.2997830998825,373.94442072442195,370.2918200719056,371.6113586425781,86958900
2023-01-20,373.0073764154368,378.6871115907864,371.36273880270227,378.53411865234375,91806400
2023-01-23,379.337245503758,385.0074085420892,378.38106168560785,383.075927734375,84178800
2023-01-24,381.40268604904264,383.57321326654665,380.2170272035857,382.66485595703125,59524900
2023-01-25,378.6010242444025,383.1428977378186,376.31573073269413,382.8082275390625,84800300
2023-01-26,385.46642861189923,387.17800600043023,382.5022526217131,387.01544189453125,72287400
2023-01-27,385.97318218490153,390.2760095744735,385.762820567528,387.9046630859375,68346200
2023-01-30,385.1509087422322,387.37883383343035,382.7413355345612,383.0377502441406,74202000
2023-01-31,383.554027333468,388.7174142189188,383.20978597821664,388.66961669921875,86811800
2023-02-01,387.45531934075285,395.5446571758706,384.7206470447407,392.8003845214844,101459200
2023-02-02,396.6824854385565,399.981331954011,394.7892597691829,398.51837158203125,101654500
2023-02-03,393.55570061661354,398.69997431086017,393.07760869975664,394.28240966796875,94736800
2023-02-06,391.8345458768114,393.2688214973962,390.2185930098529,391.8727722167969,60295300
2023-02-07,390.9548967397829,398.241013206568,389.7118693730586,396.99798583984375,90990700
2023-02-08,395.02826801613645,396.3669196696717,391.9684677962696,392.65692138671875,76227500
2023-02-09,396.2522033663381,396.4051963035193,388.0290153704697,389.2529296875,78694900
2023-02-10,388.07678232835883,390.54375312300726,387.26404936045475,390.1612854003906,70769700
2023-02-13,390.81149214644563,394.875273798094,390.3525133608386,394.74139404296875,64913500
2023-02-14,393.22101173495633,396.8640696336887,390.61064866854656,394.5596923828125,88389300
2023-02-15,392.3700513500147,395.9174852871057,391.52860488743005,395.84100341796875,61555700
2023-02-16,390.87847129038914,394.8179447595729,390.25695751731473,390.39080810546875,76431500
2023-02-17,388.2679730956426,389.6544512121104,386.3460344109805,389.4154052734375,89257800
2023-02-21,385.39950609313314,386.4513142893378,381.34529542458307,381.60345458984375,82655900
2023-02-22,382.0145561334285,383.55402728513724,379.62409654042705,381.0775146484375,83742300
2023-02-23,383.9652656213402,384.5772374212778,378.8879306391957,383.1047058105469,96242400
2023-02-24,378.0942481460913,379.84405183245593,376.3922419822525,379.0121765136719,108194400
2023-02-27,382.3492272761536,383.707021167783,379.3659383654355,380.3030090332031,80444700
2023-02-28,379.82496053517093,381.78512595829335,378.79226552930106,378.8974609375,96438600
2023-03-01,378.0846868266854,379.30860107550785,376.1436346387775,377.44403076171875,99706800
2023-03-02,375.4742885040699,381.2209631061389,375.13961830151106,380.3795166015625,85127800
2023-03-03,382.1962660076362,386.7285976253681,381.54606794616154,386.47998046875,90120000
2023-03-06,387.30225445436355,389.5971190249731,386.3078442662089,386.7476806640625,72795900
2023-03-07,386.69989002886615,386.9389359941927,380.2073934400801,380.8193359375,108310600
2023-03-08,380.9341111603913,382.19625170885286,379.212962662717,381.4408874511719,74746600
2023-03-09,382.22492782127654,383.8887075845493,373.4184826190144,374.4033508300781,111945300
2023-03-10,373.85837851710613,375.9333106680976,367.4806474809918,369.0009765625,189253000
2023-03-13,365.08062547353046,373.2847008664306,363.9714484870125,368.4750671386719,157790000
2023-03-14,373.3898317252391,376.21058604424246,370.0909854321958,374.5659484863281,149752400
2023-03-15,368.9818486133687,372.42408758364206,366.8973453679593,372.2232971191406,172996900
2023-03-16,369.87107021323396,379.0982391870772,369.36429390384325,378.7539978027344,143254200
2023-03-17,377.425558203759,378.55815418806935,372.9431249111748,374.3252868652344,140553400
2023-03-20,375.1027406164017,378.33740256889337,374.4020812433783,377.9246520996094,93055800
2023-03-21,381.28418093617404,383.3670321413763,379.690854100462,382.8871154785156,91524200
2023-03-22,382.7142575848104,386.32321007597335,376.3217657060295,376.3601379394531,111746600
2023-03-23,379.22048781510506,383.25179889041164,374.6708879123496,377.37762451171875,119351300
2023-03-24,376.1010826470393,379.9404159071664,373.7590870150187,379.8540344238281,107682400
2023-03-27,382.1288028794633,382.8966870426311,379.6716321408978,380.56427001953125,74010400
2023-03-28,379.87320774489075,380.5642888800985,377.8767674052834,379.7100524902344,62871700
2023-03-29,383.8660584843338,385.46899270747423,382.6662670661032,385.2290344238281,77497900
2023-03-30,387.8589693504225,388.1085353397573,385.6225710265115,387.4846496582031,69840000
2023-03-31,388.40617512340344,393.24374351120224,388.3005782209444,392.9461975097656,112062600
2023-04-03,392.4278257842298,394.84659500245755,392.03429064106433,394.4434814453125,67391100
2023-04-04,395.08655642138893,395.37452397054454,390.88248211307797,392.25506591796875,66601500
2023-04-05,391.52560384016596,392.28388034677903,389.5771434182015,391.2280578613281,65200200
2023-04-06,390.4313714897771,393.0325407601975,389.3851567329968,392.7541809082031,63743300
2023-04-10,390.277787817443,393.2340906618624,389.6635097627265,393.15728759765625,63681000
2023-04-11,393.7811965721071,394.66422675434245,392.4950235384784,393.26287841796875,59297900
2023-04-12,395.3264818376402,395.61444936283374,391.0744279375137,391.659912109375,86420400
2023-04-13,392.7445509263928,397.21737725795947,391.60234704835096,396.86224365234375,85814800
2023-04-14,396.22867813799274,398.4170963154106,393.58913725641605,395.8927307128906,78161500
2023-04-17,395.80643975007484,397.3325711300684,394.5778543396015,397.3133850097656,66436400
2023-04-18,398.8874765900454,399.0218673008723,396.1999552913603,397.572509765625,63560000
2023-04-19,395.66241754419593,398.4075262603893,395.60482989922565,397.50531005859375,55227300
2023-04-20,394.6929889766768,397.0829934844094,393.7907434550367,395.3360900878906,75840400
2023-04-21,395.63361128968654,396.10392013942635,393.6947589557848,395.6432189941406,73457400
2023-04-24,395.44169241406223,396.47832873039835,394.1075394245126,396.0559997558594,64332100
2023-04-25,394.088292257947,394.6450119030647,389.7114553215701,389.76904296875,97766700
2023-04-26,390.3833550986097,391.4583635816679,387.56144318468967,388.1181335449219,80447000
2023-04-27,390.65211692803183,396.11357024267807,390.40255091976803,395.8448181152344,92968400
2023-04-28,394.9617574024191,399.23302689490464,394.9041697532796,399.2234191894531,89433100
2023-05-01,398.7819109693187,400.8455465437123,398.58993260769745,398.8203125,62122300
2023-05-02,398.11002828382885,398.1580375216088,391.4392047424731,394.337890625,103998500
2023-05-03,394.83697342513307,397.24616414474065,391.39117573178515,391.6311340332031,91531800
2023-05-04,390.58495750937874,390.91129731617235,387.5230869408355,388.8572692871094,94901900
2023-05-05,392.48541888407567,397.102214486308,392.2262744508848,396.0559997558594,87891800
2023-05-08,396.3822711785269,396.64141556702043,394.7601509178742,396.1614990234375,50046800
2023-05-09,394.61623373049684,395.53766541370464,394.1939047732381,394.42425537109375,49220100
2023-05-10,397.25577792419296,397.88927136463667,392.44700411687967,396.26715087890625,96142900
2023-05-11,395.4033173680311,395.8640185793233,393.5028369960926,395.5760803222656,70157100
2023-05-12,396.8142503993596,397.0254148728848,392.63897016343816,395.0577392578125,70481500
2023-05-15,395.66240845072787,396.8237983199805,393.75234992228525,396.4206848144531,54289400
2023-05-16,395.31695461644586,396.238415734528,393.762029255893,393.7716369628906,57705500
2023-05-17,395.78718962241436,399.15618392738526,394.1458832024653,398.551513671875,87287000
2023-05-18,398.23477512417634,402.8131980774416,398.01403224251106,402.390869140625,97177200
2023-05-19,403.29308725192675,403.82098374117817,400.58635087495577,401.8053283691406,103793300
2023-05-22,401.8245977682805,403.50430592203884,400.58640469895295,401.96856689453125,60745400
2023-05-23,400.32722839371974,401.9013689419868,397.0638012887145,397.45733642578125,86383500
2023-05-24,395.8543837451471,396.2383111304324,393.41639944632345,394.5777893066406,89213700
2023-05-25,398.0811934806872,399.4441694496832,395.84479511708275,397.99481201171875,90961600
2023-05-26,398.6475192492727,403.86901432087706,398.5707454798897,403.1491394042969,93830000
2023-05-30,405.07843177412394,405.60632835331285,401.920572129655,403.302734375,72216000
2023-05-31,401.4790359496369,402.3812815149699,399.50178187032054,401.0663146972656,110811800
2023-06-01,401.2966730663804,405.9326839874396,400.0489015795839,404.8768615722656,88865000
2023-06-02,407.44919955900986,411.5188830151562,406.92130300774403,410.7318420410156,91426200
2023-06-05,411.0773899248413,412.3635629860605,409.2441048720611,409.9447937011719,65460200
2023-06-06,409.53201283462573,411.36526832885664,408.87930404707026,410.8373718261719,64022200
2023-06-07,411.2309384070294,412.3635345526036,408.9945106484148,409.4168395996094,85373300
2023-06-08,409.483906972278,412.34421955834597,408.7160523692489,411.8930969238281,61952800
2023-06-09,412.6898813507892,414.63834160760314,411.64366666036057,412.6322937011719,85742800
2023-06-12,413.6113761039967,416.45247445367045,412.89150113320926,416.37567138671875,76104300
2023-06-13,417.8345851160925,419.76382988102273,417.1722978814529,419.1207580566406,95899700
2023-06-14,419.45677881703784,421.42442545450064,416.17413589387496,419.61993408203125,100612100
2023-06-15,418.80397116276845,426.069914890404,418.70801128446885,424.8221435546875,110303100
2023-06-16,426.804818584776,427.37322020593024,422.9030661850773,423.3751220703125,114165800
2023-06-20,421.43878637593457,422.32509674357345,419.1073485120921,421.17864990234375,76160400
2023-06-21,420.19597746428883,420.995585443212,418.43294139177686,419.0206298828125,76982300
2023-06-22,418.06681362984074,420.6390713007603,417.72961825633774,420.5331115722656,70637200
2023-06-23,417.08416191308544,419.1362056994903,416.64100677536294,417.3539123535156,92074500
2023-06-26,416.7854542967168,418.70260790321004,415.4078014980868,415.6486511230469,72823600
2023-06-27,416.52540707007813,420.8221567639146,416.0726085341393,420.2055969238281,72813700
2023-06-28,419.126500621765,421.4290371213432,418.5099408774898,420.41748046875,75636000
2023-06-29,420.0032229268465,422.2383146152685,419.59861200085055,422.07452392578125,67882300
2023-06-30,425.28267848094407,428.0379843526411,424.96474047999936,427.0553283691406,104964000
2023-07-03,426.70853977944085,427.82605633249915,426.4291459408796,427.54669189453125,32793400
2023-07-05,425.7355105986345,427.6430505530816,425.725867203726,426.9108581542969,58418400
2023-07-06,423.3366648166022,423.9917688689175,421.063028622468,423.56787109375,80658300
2023-07-07,422.5755624788719,426.4388005460157,422.2576244540767,422.49847412109375,86134200
2023-07-10,422.14203044995077,423.74127580161087,421.5736287515659,423.56787109375,62443500
2023-07-11,424.32893908451956,426.7566930521444,423.3558970583311,426.2653503417969,64463800
2023-07-12,430.0515505672172,431.10165159958825,428.6257099376319,429.695068359375,91924500
2023-07-13,431.50622355890425,433.89546265173254,431.07271183277675,433.10546875,72425200
2023-07-14,433.9918445617416,434.83961069702235,432.07466121110787,432.83575439453125,69815800
2023-07-17,432.6911892645716,435.3886934056767,432.6430016974079,434.3385925292969,52680200
2023-07-18,434.0110663595222,438.2114701147798,433.5775252322227,437.5660095214844,80668200
2023-07-19,438.3559839057652,439.7239933832524,437.48890168977437,438.5390319824219,65891700
2023-07-20,437.54673021651973,438.44268380742795,434.9166416038705,435.6295471191406,70591600
2023-07-21,437.34439535359957,437.54673021651973,435.6199331260899,435.6295471191406,71275600
2023-07-24,436.77598531715506,438.38487379289774,435.7451418375123,437.57562255859375,54023400
2023-07-25,437.3059083742901,440.02267010001805,437.2577208036124,438.770263671875,55191200
2023-07-26,437.83576473919794,440.263518637083,436.7856637889011,438.83770751953125,71052900
2023-07-27,442.2192143317386,442.6238546795818,435.02262562113657,435.92822265625,92194400
2023-07-28,439.1941631701477,441.0246146496096,435.92822776892785,440.19610595703125,80011800
2023-07-31,440.6682055455154,441.3907545748612,439.35796801732533,441.0343017578125,62040400
2023-08-01,439.569820909262,440.5139620189602,438.81837125887813,439.77215576171875,55291500
2023-08-02,436.66043160748643,436.9205386548979,432.9031828085776,433.6546325683594,93933400
2023-08-03,431.64118850447414,434.2905350935038,430.99569839924794,432.4118957519531,64276100
2023-08-04,434.2230076857938,436.32320952695244,429.9358722590493,430.45611572265625,100128900
2023-08-07,432.28661207007076,434.36755674020003,431.5929638466943,434.2134094238281,58357500
2023-08-08,431.67967473239247,434.20380401220746,428.9725267488997,432.3251647949219,71361300
2023-08-09,432.59488283321724,432.7586735355105,428.6738433785323,429.4349365234375,78789600
2023-08-10,431.7856591547792,435.167197948671,428.4234071509756,429.589111328125,93005500
2023-08-11,427.7200594884635,430.3501481391964,427.1227570858758,429.33856201171875,68690900
2023-08-14,428.4233633029166,431.7085266113281,428.1150686990038,431.7085266113281,47867400
2023-08-15,429.9358890851779,430.2923712690211,426.1111954097984,426.67962646484375,75707500
2023-08-16,426.26537646534126,427.9224233894094,423.4426253576642,423.5486145019531,80107200
2023-08-17,425.0128824284278,425.27298943715965,419.8008930565569,420.3211364746094,95711300
2023-08-18,417.5079955464786,421.5542809321435,417.1611862051528,420.5234375,98852000
2023-08-21,421.53512100275776,424.00141950746524,419.3867605572009,423.2596130371094,68719000
2023-08-22,425.0321947779214,425.0321947779214,421.55433988295033,422.11309814453125,64994200
2023-08-23,423.17289859888336,427.43113398661325,423.0283946673013,426.8145446777344,68441000
2023-08-24,428.4137904461063,428.924390605147,420.87036180525274,420.8992919921875,88517300
2023-08-25,422.62366273446645,425.14776219480035,419.07836317797603,423.866455078125,102325100
2023-08-28,426.0534571889985,427.171003275981,423.86655259327574,426.554443359375,61595400
2023-08-29,426.44835885508,432.9994865828607,426.26531078000176,432.7200927734375,83081900
2023-08-30,433.05734340842935,435.1382880533624,432.3540517986095,434.50244140625,69053900
2023-08-31,435.11898360214246,436.2557869248091,433.6835290574293,433.8665771484375,66084600
2023-09-01,436.5833209067049,437.06502016743536,433.2210400744053,434.67578125,58944100
2023-09-05,434.23266409054196,434.55057269413254,432.72976461783867,432.79718017578125,55166200
2023-09-06,431.9879277285903,432.093916863234,427.56593166865076,429.8877258300781,70758500
2023-09-07,426.8915375451562,429.24223247025344,426.5447281630559,428.56787109375,70355400
2023-09-08,428.6160154651993,430.74511806057524,428.2595627004295,429.21331787109375,61659700
2023-09-11,431.8337979292306,432.3443980335229,430.1285929169173,432.0361328125,60180100
2023-09-12,430.59102153155527,432.11317840274216,429.0881220484013,429.6661376953125,67565400
2023-09-13,429.8877204342684,431.3231749266096,428.78943192828973,430.1671142578125,60199300
2023-09-14,432.633457559199,434.569868937207,431.3328634452209,433.876220703125,83430800
2023-09-15,432.2935551441486,432.6222625307114,428.2136712808251,428.6487121582031,111848900
2023-09-18,428.3393267614431,430.1955896700722,427.86560575276553,428.90008544921875,55752200
2023-09-19,427.981617392204,428.57137880593234,425.3326034960519,428.0106201171875,66514600
2023-09-20,429.2675002876334,429.6832158729015,423.8727570723084,424.0758056640625,82562600
2023-09-21,421.233389771168,421.49441429318694,416.91180676973505,417.0664978027344,104095800
2023-09-22,418.091288955446,419.6864977783781,415.71294757869936,416.1286926269531,100829700
2023-09-25,414.92023546020613,417.91728222441265,414.4851650567311,417.8786315917969,70874500
2023-09-26,414.84285049792544,415.54862280920696,410.90798029741677,411.73944091796875,96168400
2023-09-27,412.90925504168933,413.4700137261174,408.2686420542666,411.9037780761719,104705800
2023-09-28,411.3527373620953,415.964347748709,410.76297593705533,414.2917785644531,92258300
2023-09-29,417.3371969608053,417.5112133076614,411.7684378270295,413.28631591796875,115111300
2023-10-02,412.4548865420046,414.36915501527096,410.3666017087048,413.1219787597656,83798600
2023-10-03,410.94664397430034,413.1799422139496,406.22867088652805,407.59185791015625,103760600
2023-10-04,408.0559363281981,411.30435944495287,406.59606370497346,410.5599365234375,87453000
2023-10-05,410.269877205424,411.2463514179395,407.1858225474584,410.4052429199219,70142700
2023-10-06,407.9592644123595,416.81512702154566,406.6347574601129,415.2779235839844,113273300
2023-10-09,413.3830108074734,418.5070521455923,412.8319589906931,417.9366455078125,80374400
2023-10-10,418.565087921437,422.7029778259452,418.1686976181359,420.1119689941406,78607300
2023-10-11,421.17537943505704,422.08414129890025,418.79703802262225,421.8327941894531,62451700
2023-10-12,422.4419089154139,422.8189443567332,416.91182957643576,419.2611389160156,81154200
2023-10-13,420.75959814761615,421.95844616014017,415.606584539678,417.17279052734375,95143100
2023-10-16,419.4157827397426,422.6255551040407,419.1740835467255,421.56207275390625,75433200
2023-10-17,418.4393454760135,423.5923892481788,418.09131276942526,421.5427551269531,75324700
2023-10-18,419.77355201420596,420.73067151213604,414.84288188055683,415.9256896972656,93559800
2023-10-19,416.64108906158174,418.44899434083845,411.5944086302288,412.2711486816406,121323000
2023-10-20,411.83610400929126,412.37750784711915,407.0987761718527,407.20513916015625,123919900
2023-10-23,405.67757598059893,410.3568982821464,403.9276761980999,406.4993591308594,92035100
2023-10-24,408.61667642933105,410.7146385432617,406.7700909338865,409.56414794921875,78564200
2023-10-25,407.88192884542195,407.91093157015536,403.17360349885,403.6860046386719,94223200
2023-10-26,402.6225206966068,403.47327705797994,397.9335505307934,398.85198974609375,115156800
2023-10-27,400.43759484678344,400.8339851009318,395.62293584989493,397.04412841796875,107367700
2023-10-30,399.82854108268697,402.84494282186495,398.5330367205683,401.7911376953125,86562700
2023-10-31,402.3614742415841,404.6334525608876,400.4568834170143,404.3144226074219,79665200
2023-11-01,405.2812643437381,409.43847913059346,404.7495083565733,408.6263732910156,98068100
2023-11-02,412.41622487157895,416.61214954670544,412.3968995543654,416.45745849609375,94938900
2023-11-03,418.75840416588386,421.80380835994043,418.63271585397734,420.2569274902344,100167800
2023-11-06,421.0109973746679,421.66841210779677,419.2804228673673,421.22369384765625,67831700
2023-11-07,421.2237277176419,423.0606358569916,420.0829145000172,422.42254638671875,64256100
2023-11-08,423.0219303160148,423.544008852029,420.4309219590949,422.7319030761719,61746000
2023-11-09,423.87268255419826,423.91136268453704,419.0096961904857,419.4350891113281,83174400
2023-11-10,421.5040718428815,426.2896982135309,419.4254351571336,425.9803161621094,89462200
2023-11-13,424.64616313137293,426.6764127794683,423.86306009469695,425.57427978515625,52236100
2023-11-14,431.50076562505876,435.1165763059157,431.2783917339626,433.83074951171875,97176900
2023-11-15,435.16489156652574,436.39274237985995,433.8983901244557,434.7491760253906,77327600
2023-11-16,434.3045010394223,435.60000533429076,433.2410185572766,435.2809753417969,66665800
2023-11-17,435.2906012114316,436.43144390959674,434.37216191303287,435.8223571777344,83133200
2023-11-20,435.57099160312566,440.0182630951851,435.5613141930735,439.1771545410156,69936200
2023-11-21,438.13299304399567,439.0514618608499,436.9534996970191,438.2200012207031,49244600
2023-11-22,439.8732451207241,441.22675482120695,438.8194400859089,439.9118957519531,59394900
2023-11-24,439.96027278304024,440.3759883694041,439.63156537724313,440.1826171875,29737400
2023-11-27,439.55420100976517,440.3663068584605,439.0031197003399,439.3898620605469,50506000
2023-11-28,439.00310690168646,441.1203943936042,438.4423777026132,439.82489013671875,62115000
2023-11-29,441.97117519611106,443.10234049536746,439.1191421839662,439.5155029296875,63146000
2023-11-30,440.35665713551293,441.59415597189025,438.2876976332808,441.24609375,79752700
2023-12-01,440.6370255353667,444.38820233909854,440.0472935709732,443.8564758300781,89183400
2023-12-04,440.472714596683,443.8758293803344,439.2545409477628,441.5265197753906,72430900
2023-12-05,440.14391844231596,442.3965419933345,439.7668535301099,441.4394226074219,69793500
2023-12-06,443.57603770145914,443.60504042530386,439.2254520989698,439.6605224609375,69124700
2023-12-07,441.73911050428126,443.6630266124851,441.13970123464765,443.0152893066406,66995400
2023-12-08,442.270939116598,445.4517094485258,442.02923987110233,444.91998291015625,83194400
2023-12-11,444.4268307846884,446.8244975103325,444.2141343049595,446.65045166015625,65002200
2023-12-12,446.30240990232363,448.78708475043413,445.30661038207074,448.6903991699219,68327600
2023-12-13,449.0674107718607,455.12924524748996,448.70970069679584,454.87786865234375,93278000
2023-12-14,456.8114895469167,458.0006602364905,453.6693999362765,456.3377685546875,119026000
2023-12-15,455.7417439978948,456.91633245678577,453.74207009746453,455.58642578125,141553700
2023-12-18,457.18810894495897,459.12954211953263,456.13003141968665,458.14910888671875,70375300
2023-12-19,458.69270565753243,461.012732509764,458.61506136543755,460.93505859375,55761800
2023-12-20,460.0808576886502,461.96405036999886,454.1206728290634,454.54779052734375,102921000
2023-12-21,457.52788134560456,459.1295875723286,455.1108062836296,458.8577880859375,86667500
2023-12-22,459.98374941589714,461.45925759296136,457.8870276491879,459.7799072265625,67160400
2023-12-26,460.1876248035588,462.62410332069675,460.1099508863103,461.7213439941406,55387000
2023-12-27,461.51747852635486,462.7017539013479,460.98359627385656,462.55615234375,68000300
2023-12-28,462.91536504878167,463.5657286208665,462.3135254600746,462.7309265136719,77158100
2023-12-29,462.5367654374911,463.06096072132885,459.4401769650659,461.3913269042969,122283100
2024-01-02,458.33359292378987,459.79938459581,456.7124830275094,458.8092346191406,123623700
2024-01-03,456.65418509885427,457.39193916554245,454.4603858132538,455.0622253417969,103585900
2024-01-04,454.5865863632777,457.16869615612853,453.37319057475315,453.5964660644531,84232200
2024-01-05,453.8003122508208,456.66393818647634,452.7713549830218,454.2177429199219,86118900
2024-01-08,454.71278328613425,460.84771948944723,454.5865853845721,460.7021179199219,74879100
2024-01-09,458.05202403896755,461.02241437904433,457.54726208619434,460.003173828125,65931400
2024-01-10,460.275022232607,463.4686883884697,459.99350610212235,462.604736328125,67310600
2024-01-11,463.6045274671268,464.1190060691037,458.43062113494074,462.4008483886719,77940700
2024-01-12,463.8472262405501,464.58498035155515,461.3136700813151,462.72119140625,58026400
2024-01-16,461.3427529504032,462.65319658217305,459.207164709733,461.02239990234375,85014900
2024-01-17,458.00353981867966,458.94513616011074,456.110630489601,458.45977783203125,68843900
2024-01-18,460.1294153145847,463.0900892897804,458.58597937392244,462.5367736816406,91856200
2024-01-19,463.6628015298727,468.58434205067863,462.5853202688259,468.3028259277344,110834500
2024-01-22,469.83659824827777,471.01115715758357,468.64260604571103,469.2929992675781,75844900
2024-01-23,469.836566173897,470.9043307691421,468.7493682867175,470.6616516113281,49945300
2024-01-24,473.525295727068,474.45717543420074,470.68110299788805,471.1761779785156,81765000
2024-01-25,473.3020267275593,474.01066056996024,471.17618444820096,473.7388610839844,72525000
2024-01-26,473.3117458196852,474.7969411657135,472.2925051479898,473.13702392578125,76641600
2024-01-29,473.4476261562877,477.0295728420406,472.9040272208165,476.8839416503906,61322800
2024-01-30,476.1947836172532,477.2237409528727,475.75794925118413,476.51513671875,58618400
2024-01-31,474.3115894395865,474.7581108271003,468.72025176527393,468.73968505859375,126011100
2024-02-01,470.43839078044346,474.9036930669608,469.6326794127357,474.87457275390625,91891600
2024-02-02,475.31139921660196,481.5239798187347,474.971642466127,479.873779296875,99228200
2024-02-05,479.2428126687566,479.90289286822576,475.87442477356564,478.12646484375,75757100
2024-02-06,479.06803644581043,479.84462748505155,477.64108188661896,479.51458740234375,55918600
2024-02-07,481.75695184930976,483.93134756331705,480.8541628931194,483.5139465332031,70556500
2024-02-08,483.51391920150996,484.1060420771884,482.6985208548494,483.72747802734375,52343600
2024-02-09,484.2322563033971,486.95996752942966,483.89249957484776,486.5231628417969,63979400
2024-02-12,486.4940393494017,488.7557959365899,485.59125041968997,486.3096008300781,56502300
2024-02-13,480.0485287007201,482.53356108402113,476.35010044182593,479.6116943359375,113099200
2024-02-14,482.2423099561509,484.4555426281319,479.9222830533005,483.9701843261719,68387800
2024-02-15,484.6690979139186,487.4938867654942,484.19342663721847,487.3094482421875,61683000
2024-02-16,487.00856229426716,488.1442842020213,484.144936285217,484.8826904296875,75532900
2024-02-20,483.14507545774694,483.8148722929186,479.970842787005,482.21319580078125,71736700
2024-02-21,480.9124933217148,482.8053731626366,479.106944807319,482.6500549316406,59293400
2024-02-22,489.25094105413393,493.5997329784438,488.2899113619232,492.63873291015625,76402500
2024-02-23,494.3568250348437,495.1916567031526,492.25038663284334,492.9784240722656,61321800
2024-02-26,493.4152350521733,493.8520693709636,491.0466841824756,491.1728820800781,50386700
2024-02-27,491.86211180789684,492.30863314805396,489.9692025931845,492.0853576660156,48854500
2024-02-28,490.5322390639573,492.01743437576624,490.17307863790023,491.4350280761719,56506600
2024-02-29,493.1920036518268,494.8130838290683,490.5516532421677,493.2016906738281,83924800
2024-03-01,494.0753617325155,498.25911842016706,493.6676477127876,497.8320007324219,76844800
2024-03-04,497.03604251314806,499.1424809176813,497.00689257657365,497.298095703125,49799300
2024-03-05,495.2984545471132,495.745005535815,490.1245478315941,492.32806396484375,72855600
2024-03-06,495.5993458504527,497.0748540345267,493.53174438668293,494.8227844238281,68382400
2024-03-07,498.1135389799133,500.7830096761973,494.8810360564722,499.734619140625,58652100
2024-03-08,500.3655769656846,503.04470489035225,496.16235769149256,496.7350769042969,86532500
2024-03-11,495.5314219659159,496.89041928478855,493.6093924281333,496.3079833984375,62557200
2024-03-12,498.41443934118087,502.2293483869414,495.9002573325016,501.6469421386719,73114400
2024-03-13,501.9672268025058,502.1419486738022,499.4239541516855,500.860595703125,55104100
2024-03-14,501.8313823905043,501.98673024081194,496.832226949847,499.8705749511719,110171800
2024-03-15,496.80816405826874,498.2590460217431,494.77306623402836,496.4381408691406,107646300
2024-03-18,500.4985887866016,501.93969410963876,498.97956820958467,499.3885192871094,88893300
2024-03-19,498.6972103635703,502.44605736767124,497.6942371868493,502.1636962890625,60755300
2024-03-20,502.2220463909248,506.9446253921805,501.5501685674469,506.80828857421875,69594600
2024-03-21,509.64186783246885,510.34292670569124,508.2007033176528,508.4831237792969,60256100
2024-03-22,508.3955803879005,508.8824467519345,507.28551081424,507.5192565917969,79070800
2024-03-25,506.1462770254766,507.26609347283284,505.9612654237029,506.1170959472656,48512100
2024-03-26,507.53866742888704,507.87950952715136,504.78304672651166,505.1822509765625,65463700
2024-03-27,508.00615306178463,509.466752240446,505.84443537276076,509.4277648925781,82999800
2024-03-28,509.46662856862366,510.82981847863687,509.04793070421056,509.3302917480469,96294900
2024-04-01,510.07035956686866,510.605900605306,507.2854391895369,508.4441833496094,62477500
2024-04-02,504.62721155274875,505.3477642225264,502.9134325371014,505.21148681640625,74230300
2024-04-03,504.12080800253995,507.2660046821648,504.0721332594207,505.76641845703125,59155800
2024-04-04,509.7685979294163,510.10938062558256,499.29122383235546,499.59307861328125,96858100
2024-04-05,500.9465048519071,506.7694068986325,500.5083132867227,504.81219482421875,74546500
2024-04-08,505.5133007732254,506.516214442084,504.2863881936749,505.09454345703125,48401800
2024-04-09,506.8278303713481,507.0712635271461,500.8393509659492,505.6788330078125,68049200
2024-04-10,499.9922448100833,502.6018412987628,498.6388015333815,500.6154479980469,82652800
2024-04-11,502.1344572387197,505.8346295064768,498.6290433917763,504.3935241699219,70099000
2024-04-12,500.85886371567153,502.2707879594682,495.70780962230026,497.43133544921875,92561100
2024-04-15,501.5989207934361,501.7644387082916,490.3522904966187,491.199462890625,92101400
2024-04-16,491.6765860412786,493.19560665785394,489.01828510429004,490.3036193847656,73484000
2024-04-17,492.7574157801548,492.9229634124424,486.00945537176443,487.4018859863281,75910300
2024-04-18,488.7943295112607,490.88784877913054,485.46415075166374,486.39892578125,74548100
2024-04-19,486.32104754330464,487.3142441699,480.8876025986124,482.1534729003906,102212600
2024-04-22,484.7533503648902,489.18385210193054,482.41639776348796,486.5937194824219,67961000
2024-04-23,488.5996095177476,492.79639521919916,486.4087108687592,492.3679504394531,64633600
2024-04-24,493.2540640735244,494.0427852311199,489.9141678416356,492.13427734375,55928100
2024-04-25,486.0678932982719,491.0241892900092,484.4222826199273,490.2646789550781,69122400
2024-04-26,493.04956028124485,496.48683553540934,492.41663996726425,494.9093933105469,64306100
2024-04-29,496.69125912925006,497.33392621215023,493.92586210692747,496.66204833984375,46415400
2024-04-30,495.20149000874,496.1752226900087,488.7943420410156,488.7943420410156,77483600
2024-05-01,488.2101273744075,494.84124497607075,486.7397814235659,487.2071838378906,80242800
2024-05-02,490.9073316662554,492.6016467604268,486.4281553313073,491.76422119140625,62550200
2024-05-03,497.73321224009646,499.08668524553275,495.20150126804214,497.85980224609375,72756700
2024-05-06,500.25510463599915,503.03996550471606,499.8169130959195,503.00103759765625,47264700
2024-05-07,503.96507290224616,504.9485523975052,502.8842439138016,503.5561218261719,52561300
2024-05-08,501.72553086291623,504.14036899052337,501.6086876910597,503.6048278808594,42047200
2024-05-09,503.7897771689901,506.5454570669787,503.1373929681529,506.5064697265625,43643700
2024-05-10,508.103397108136,508.91161179352076,505.941739299708,507.1589050292969,52233200
2024-05-13,508.83382527628623,508.94092162392354,506.0878915638067,507.2271423339844,36716400
2024-05-14,507.42181386177714,510.0703976103099,506.88627278339663,509.5542907714844,57535900
2024-05-15,512.0179402902028,516.1563047340521,511.38499019072265,515.8641967773438,59504900
2024-05-16,515.9614786446474,517.558414507879,514.6566506998298,514.802734375,50244800
2024-05-17,514.9197043807648,515.6110761512531,513.4688518353199,515.5429077148438,59187600
2024-05-20,515.6596602461204,517.5973789121299,515.2701433728218,516.1367797851562,37764200
2024-05-21,515.3772058901883,517.5583573493641,515.1727006539206,517.4025268554688,33437000
2024-05-22,516.7112486575287,517.4220544657823,513.741316563043,515.9127807617188,48390000
2024-05-23,518.9606609347318,519.0677572803991,510.9370526401655,512.14453125,57211200
2024-05-24,513.9846980938406,516.3411736344989,513.0402060562079,515.532958984375,41291100
2024-05-28,516.3412489766735,516.5749353115505,513.2642204156563,515.893310546875,36269600
2024-05-29,511.871810616093,513.4589997088932,511.56995584928654,512.28076171875,45190300
2024-05-30,510.7423397089747,511.40447087133504,507.6361297457073,508.8824768066406,46377600
2024-05-31,509.8367164200918,513.6439850215788,504.7440541264526,513.5173950195312,90785800
2024-06-03,515.1241421408643,515.4065032558699,508.87273480704334,513.9361572265625,46835700
2024-06-04,512.6312623824123,515.250605333056,511.17066354967966,514.5105590820312,34632700
2024-06-05,516.8280281512839,520.6450429850004,514.8415757760073,520.6255493164062,47610400
2024-06-06,520.9275684331457,521.3560132540258,518.6879948188819,520.615966796875,30808500
2024-06-07,519.6421901069427,522.7873872843439,518.55161418802,519.9830322265625,43224500
2024-06-10,519.1748224338155,521.9110090941606,518.5808597177815,521.5896606445312,35686100
2024-06-11,520.0414093421914,522.9041857425336,518.0744503489441,522.8457641601562,36383400
2024-06-12,527.4028804771598,529.8274655446977,526.1077992631506,527.1399536132812,63251300
2024-06-13,528.8829798084458,529.0582445758802,525.4164935113477,528.2013549804688,44760900
2024-06-14,526.6725282080745,528.5518251182958,525.6695550365463,528.5226440429688,40089900
2024-06-17,527.8409678567655,534.1215548157255,527.3832826445532,532.7290649414062,55839500
2024-06-18,532.7875604635906,534.2092316077063,532.3688625324717,534.0826416015625,41376400
2024-06-20,535.0076850141029,535.669816103357,530.8595742964317,532.6317749023438,70328200
2024-06-21,531.8102827682807,533.0313753907063,530.4621917432297,531.917724609375,64338600
2024-06-24,531.7418545665156,534.3012597413704,530.0713785197397,530.1885986328125,45528700
2024-06-25,531.4096852385123,532.5917242597523,529.8955424418219,532.2302856445312,37936200
2024-06-26,531.1167351250136,533.6077524053179,530.4720243887124,532.8946533203125,38550600
2024-06-27,532.7577451835803,534.3110010096894,532.0153114364416,533.734619140625,35041500
2024-06-28,534.5064116818106,537.5543137581463,530.3938098387125,531.6343994140625,76144500
2024-07-01,533.0117265646933,533.2559450469041,529.9736629556671,532.7284545898438,40297800
2024-07-02,531.1264605772033,536.3136596679688,531.0776287968915,536.3136596679688,40434800
2024-07-03,536.0010100914286,539.068408833479,535.9619565950238,538.7069702148438,32789900
2024-07-05,539.0098526062544,542.213968717536,538.3748605783948,541.8134765625,41488400
2024-07-08,542.5948722312855,543.3861377502993,541.3737797869028,542.4385986328125,36110500
2024-07-09,543.396013525926,544.2947210316149,542.6731362089374,542.9661865234375,27289700
2024-07-10,544.1872742397521,548.6808713510104,543.8942239279161,548.3389892578125,38701200
2024-07-11,548.4561564855596,549.3255886798729,542.9759074999535,543.61083984375,53054200
2024-07-12,544.7342644743289,550.6345620898736,544.2653840243584,547.0396728515625,53084400
2024-07-15,549.0325654558818,551.7775792240066,546.6880438244344,548.5441284179688,40584300
2024-07-16,549.8530882979716,552.090108393895,549.1008762046278,551.7970581054688,36475300
2024-07-17,545.8772131422685,547.5476892504238,543.7378565645935,544.0602416992188,57119000
2024-07-18,545.593898977862,546.580551242634,537.7007404833427,539.879150390625,56270400
2024-07-19,539.644738170822,541.2663824595259,535.2390267295067,536.2940673828125,65509100
2024-07-22,540.2113152231016,542.4288382548532,538.2771238069361,541.8231811523438,43346700
2024-07-23,541.7157018138391,543.8648365993427,540.484890622907,540.9733276367188,34439600
2024-07-24,536.1670544374522,536.4698829953903,527.7952370228695,528.7135009765625,74515300
2024-07-25,528.8307523766035,534.7994982405838,525.0209792890996,525.958740234375,61158300
2024-07-26,529.7392217162956,534.5356464631268,528.9674531548811,531.8492431640625,53763800
2024-07-29,533.3928583100442,534.3990077101311,530.1691258203317,532.1619873046875,39515800
2024-07-30,533.6271909452782,534.6822315404584,526.0661958644091,529.4656982421875,46853600
2024-07-31,536.2843251839307,540.6998152024645,534.9167372159726,538.072021484375,65663400
2024-08-01,539.7913062018092,542.0381046138815,526.9551667505608,530.452392578125,76428700
2024-08-02,523.3603002519518,524.5716145988897,516.3756265717791,520.5762329101562,82789100
2024-08-05,499.80779223976646,511.47166935789465,498.4694499127016,505.4150390625,146267400
2024-08-06,507.2125052074326,517.4990173620844,505.89374911647377,510.0747985839844,84826300
2024-08-07,516.248598311969,519.2965001883216,506.06958745039486,506.66546630859375,70698300
2024-08-08,511.79405372836936,519.0033889369354,509.77197692780607,518.3782348632812,63276600
2024-08-09,517.5576103421191,522.1489300560904,516.3365178449808,520.6640625,45619600
2024-08-12,521.8559471668351,523.3407552909962,518.6713279832952,520.9376831054688,42542100
2024-08-13,524.122235093717,529.739260585726,523.8780165940644,529.5047607421875,52333100
2024-08-14,530.2960214933445,532.3572709257232,527.6291745808618,531.1752319335938,42446900
2024-08-15,536.7923373384469,540.5630571909627,536.1866801444643,540.27978515625,60846800
2024-08-16,538.6679083622046,542.1846909540823,538.5116347380534,541.4910888671875,44430700
2024-08-19,541.901367537868,546.6685180664062,541.0514918139045,546.6685180664062,39121800
2024-08-20,546.2191462607274,547.8700657821756,544.4412283435015,545.779541015625,33732300
2024-08-21,546.8247712917706,549.1106230342316,541.9012882335657,547.6550903320312,41514600
2024-08-22,549.5502187339081,550.155875826028,542.1454973391976,543.3568115234375,56121500
2024-08-23,546.5903394303513,550.0680084955276,544.4020915801096,549.1301879882812,50639400
2024-08-26,550.1559715338451,550.8690705771505,546.1214765619129,547.8212280273438,35788600
2024-08-27,546.5512279111676,549.0618012606642,545.4083020191189,548.5733642578125,32693900
2024-08-28,548.2314695905903,548.661296528156,542.2041141850556,545.3887329101562,41066000
2024-08-29,547.352316743397,550.644377643334,544.2946960843145,545.4376220703125,38715200
2024-08-30,547.8017316610252,551.1524028130747,544.2556737558524,550.6444091796875,62700100
2024-09-03,547.5084877669302,547.8406511283397,536.801987949737,539.3125610351562,60600100
2024-09-04,537.4760847370844,541.608242662233,536.7532075195429,538.208740234375,47224900
2024-09-05,538.1502077884983,540.9928852935313,534.4478166491117,536.8997802734375,44264300
2024-09-06,537.2221175565589,538.8437022454943,526.9649400293706,527.8636474609375,68493800
2024-09-09,532.0544335310877,535.043665505135,530.1299607989381,533.773681640625,40445800
2024-09-10,535.6786451567546,536.4504138231891,530.8138314182086,536.0986938476562,36394600
2024-09-11,536.0108196239122,542.5167747623394,527.4729497044474,541.5985107421875,75248600
2024-09-12,542.1748597619055,546.4633510224045,539.9573366553728,546.1605224609375,51819600
2024-09-13,546.7662628583907,550.0094922558702,546.5122660345418,549.0130615234375,39310500
2024-09-16,548.7492552395013,550.0875680057417,546.9518402590558,549.8238525390625,36656100
2024-09-17,552.0314851715059,553.477299266029,547.8211605278194,550.0484619140625,49321000
2024-09-18,550.702966140304,555.5385046014119,547.8602888957543,548.4171142578125,59044900
2024-09-19,557.8048475354702,559.6315971955383,554.9426137920285,557.7755126953125,75315500
2024-09-20,556.4096807844697,557.8500616857909,553.793383536953,556.8114013671875,77503100
2024-09-23,557.8794446150124,558.8495067502496,556.6643550711399,558.2027587890625,44116900
2024-09-24,558.9963649353333,559.8586555458002,556.174333811357,559.7998657226562,46805700
2024-09-25,559.6431398003925,560.3780425284191,557.4579883539482,558.5652465820312,38428600
2024-09-26,562.817932214862,563.1413061737785,558.4281322177342,560.77978515625,48336000
2024-09-27,561.8478858705382,562.6611352170194,558.9376397719122,559.9664916992188,42100900
2024-09-30,558.937595094156,562.8179029799776,556.6447321030395,562.2103881835938,63557400
2024-10-01,561.8576367225866,562.5043247858904,554.6065728022052,557.173828125,72668800
2024-10-02,556.2821816369686,558.4280999557304,553.8912957466886,557.4089965820312,38097800
2024-10-03,555.9391917508498,558.3300776437013,554.1068390984451,556.3899536132812,40846500
2024-10-04,560.8287218708198,561.818400406846,556.6642732473864,561.446044921875,42939100
2024-10-07,559.7999074826037,560.446655391967,555.2239297880301,556.370361328125,49964700
2024-10-08,558.9376197622599,562.230029540932,558.0655806170524,561.6322631835938,37398700
2024-10-09,561.6225357741174,566.0809942856702,561.0248291372598,565.5224609375,37912200
2024-10-10,564.1800368650188,565.953600014702,562.9257739624676,564.5327758789062,44138100
2024-10-11,564.4542980317323,568.6481717987969,564.3171018304082,567.9132690429688,42268000
2024-10-14,569.5202272995722,573.4887501402064,569.0401003876937,572.557861328125,36217200
2024-10-15,572.8224884018784,573.1262458468478,566.8942243784207,568.1093139648438,54203600
2024-10-16,568.1092586044506,571.0978512020905,567.305757742965,570.5784912109375,30725400
2024-10-17,574.1159000748407,574.3216944108202,570.441385688738,570.6275634765625,34393700
2024-10-18,572.3128969974695,573.6063330690159,570.8528997080355,572.8224487304688,37416800
2024-10-21,572.0972566282711,573.0771269383695,568.9126781204517,571.8817138671875,36439000
2024-10-22,569.3536780068462,572.7342428128154,568.697181591541,571.5780029296875,34183800
2024-10-23,569.5594196255329,570.0003732214365,562.8570804647936,566.355224609375,49314600
2024-10-24,568.3051725972728,568.3835789691921,564.9638411001258,567.580078125,34979900
2024-10-25,569.8043437567766,572.6949728800472,566.4433960638868,567.384033203125,47268200
2024-10-28,570.8528957024953,570.9802836348513,568.8343651367928,569.1381225585938,30174700
2024-10-29,568.1778099310847,571.1762108700161,566.7864107519835,570.0592041015625,42899700
2024-10-30,569.5888588084969,571.5780244818477,567.6291179550885,568.3346557617188,41435800
2024-10-31,563.9741056373006,564.0427037299961,556.9974344033881,557.1934204101562,60182500
2024-11-01,559.8195584319851,563.9643910438907,559.1336371976272,559.545166015625,45667500
2024-11-04,559.6823835212687,560.9758196621659,556.4586313456186,558.3399658203125,38217000
2024-11-05,559.251198693126,565.1304208425688,559.0356559214524,565.0912475585938,39478300
2024-11-06,577.3397109306703,580.014738259286,573.6064067155438,579.1426391601562,68182000
2024-11-07,581.1415036340469,584.6396478381987,581.0630972629532,583.6205444335938,47233200
2024-11-08,584.1693242787533,587.5695056932594,584.1693242787533,586.148681640625,46444900
2024-11-11,587.7360663213191,588.0888053142032,584.9826328704219,586.7072143554688,37586800
2024-11-12,586.6287817012992,587.2264882691159,582.4055428293386,584.8846435546875,43006100
2024-11-13,585.3451927424278,587.1677373847895,582.9837313260188,585.1688232421875,47388600
2024-11-14,585.2961219646461,585.7762488320935,580.7201445096133,581.406005859375,38904100
2024-11-15,577.8491019104924,578.3194803370213,572.1070761341368,573.9590454101562,75988800
2024-11-18,574.4195277074432,577.6237226660043,573.5572968817456,576.3107299804688,37001700
2024-11-19,572.9400989259979,579.1426361014928,572.2737941658764,578.4175415039062,49412000
2024-11-20,578.4958236706298,578.8975441726233,572.8615695316089,578.6134033203125,50032600
2024-11-21,581.455141177832,583.1404896221547,575.6249001169805,581.7196655273438,46750300
2024-11-22,581.7098478799927,584.1497754660484,581.2101642027249,583.5226440429688,38226400
2024-11-25,587.451946771504,588.7649396726674,583.2188992835091,585.5020141601562,42441400
2024-11-26,586.746407902425,589.2255088244219,586.0311216188419,588.5592041015625,45621300
2024-11-27,588.3729502321648,588.7550542016285,585.256969810655,586.7757568359375,34000200
2024-11-29,587.5890586237147,591.2047827973582,587.3147260107087,590.4208984375,30177400
2024-12-02,590.8323780737772,592.1552388895445,590.3424429138348,591.4791259765625,31746000
2024-12-03,591.2440480710218,591.9985076527607,590.2151960547985,591.7535400390625,26906600
2024-12-04,593.438872844782,595.6729460981672,592.7725681970518,595.427978515625,42787600
2024-12-05,595.4280516027892,596.2315525489399,594.0954421437544,594.4481811523438,28762200
2024-12-06,595.212464951605,596.8096584526629,594.800936138575,595.5750122070312,31241500
2024-12-09,595.457476264727,595.6240374954255,591.9201582931329,592.508056640625,34742700
2024-12-10,593.1842290759141,593.6055662349224,590.0094580682774,590.6659545898438,37234500
2024-12-11,593.5859415432025,596.1825623151827,593.3115491139272,595.2321166992188,28677700
2024-12-12,594.3698085144841,594.9380902901107,592.1651000976562,592.1651000976562,31543800
2024-12-13,594.1934038090473,594.9086900260288,590.6756429397628,592.0474853515625,35904700
2024-12-16,593.8014244521054,595.54562235978,593.0273484159295,594.5755004882812,43695200
2024-12-17,592.0279524011855,592.9882063411098,590.7541327283874,592.1259155273438,55773500
2024-12-18,591.822113059209,594.2031909866316,574.0962907751041,574.4784545898438,108248700
2024-12-19,579.456068103567,581.0630696987981,574.0569733506421,574.3019409179688,85919500
2024-12-20,571.9778879961826,585.722562754752,571.1323175828937,581.2000122070312,125716700
2024-12-23,580.9443919924163,585.2801382457641,577.7687172457148,584.680419921875,57635800
2024-12-24,586.0272849416975,591.2184422848073,585.4471892507113,591.1790771484375,33160100
2024-12-26,589.4094496188982,592.3392722176656,588.0133673077331,591.218505859375,41219100
2024-12-27,587.4823184826345,587.7183292627742,580.8164691334702,584.9949340820312,64969300
2024-12-30,577.9948115421023,581.7799853973963,574.5733451400716,578.3192138671875,56578800
2024-12-31,579.9807622286955,580.6985158642835,574.583178079053,576.2152709960938,57052700
2025-01-02,579.4695486945864,581.180251846637,570.7291685588775,574.7994995117188,50204000
2025-01-03,577.64092396713,582.6255346471705,576.5594027877501,581.9865112304688,37888500
2025-01-06,586.2337670283534,589.6060270134918,583.608664526265,585.3390502929688,47679400
2025-01-07,587.3643786767495,587.6888410122485,576.903513754268,578.7223510742188,60393100
2025-01-08,578.7911897402016,580.6395509433228,575.350100693004,579.56787109375,47304700
2025-01-10,576.0185287190386,576.0873576866769,568.8118897752471,570.71923828125,73105000
2025-01-13,566.0788468496604,571.9581742427216,565.6658729466735,571.604248046875,47910100
2025-01-14,574.5241441869972,575.1533862250869,568.6152938144415,572.3906860351562,48420600
2025-01-15,580.3937160773642,583.9429389739179,579.2827311805529,582.802490234375,56900200
2025-01-16,584.1691475266347,584.346110636513,580.9836915331506,581.6817626953125,43319700
2025-01-17,586.9122299431212,589.27179809953,585.5849165977943,587.5217895507812,58070600
2025-01-21,590.5595911538271,592.9093774154856,588.5932548694913,592.8995361328125,42532900
2025-01-22,595.7213382459036,597.5893820777127,595.1707663809229,596.2326049804688,48196000
2025-01-23,595.6033506126263,599.4868774414062,595.3280946897063,599.4868774414062,41152100
2025-01-24,599.5457500838805,600.4994543662986,596.586404435373,597.7366943359375,34604700
2025-01-27,584.7983708814467,589.5962372876534,584.6312490621345,589.2816162109375,70361100
2025-01-28,590.5105900023588,595.1806398263976,587.1973173488781,594.344970703125,44433300
2025-01-29,593.5583671362218,593.9614997638901,589.1341095636221,591.6805419921875,37177400
2025-01-30,593.7943615542468,596.3898803192325,590.6088457833347,594.8561401367188,39281300
2025-01-31,597.2746959271392,599.6933113603776,590.9332488823969,591.6903076171875,66566900
2025-02-03,582.694241567132,590.1859779526204,580.5509422345103,587.7084350585938,65857200
2025-02-04,587.7674138666034,592.1621465583886,587.2266834022734,591.6509399414062,33457800
2025-02-05,590.5302274178379,594.1974260072697,588.5049031019603,594.0499267578125,30653100
2025-02-06,595.7902226770135,596.2425017541303,592.4867911796968,596.1146850585938,35771500
2025-02-07,596.6750666805723,597.8941858585465,589.9501686239648,590.6580810546875,50788500
2025-02-10,593.863227291288,595.30845601079,592.5949016719809,594.6693725585938,26048700
2025-02-11,592.408088766588,595.6623736678141,592.2901133629294,595.1216430664062,30056700
2025-02-12,589.1143924293652,594.3743182514838,588.436003976824,593.204345703125,45076100
2025-02-13,594.3055297285264,599.6736500230521,593.0471055616473,599.4671630859375,40921300
2025-02-14,599.6736338799176,600.7059485220444,598.8182823186273,599.4376831054688,26910400
2025-02-18,600.5977915687461,601.197509765625,598.1398710820379,601.197509765625,26749000
2025-02-19,599.81139736899,602.9083418402669,599.3001305958442,602.6134033203125,31011100
2025-02-20,601.2466498622931,601.3843078099816,596.8027704742943,600.106201171875,36554000
2025-02-21,599.8899309928074,600.0275889538111,589.3798596850504,589.8419799804688,76519800
2025-02-24,591.8870576091449,592.8800672914438,586.4501075695626,587.1580200195312,50737200
2025-02-25,587.098968367302,587.8265033006376,579.6366946428752,584.2379150390625,58266500
2025-02-26,585.8994552001853,589.488043359785,581.8979531727184,584.5328369140625,43321600
2025-02-27,586.8039490929929,587.9542991571739,574.809344386224,575.2025756835938,74196700
2025-02-28,575.7040488167072,584.7098443771037,572.6365684069419,584.178955078125,88744100
2025-03-03,586.1452445030724,587.2857532860544,570.1392964764723,573.9441528320312,74249200
2025-03-04,569.9525786591505,575.5369680083471,562.6181207422406,567.1505126953125,109648200
2025-03-05,566.9833166199888,575.035467216836,563.434093538414,573.24609375,71230500
2025-03-06,565.793586428619,570.4046474415857,560.523819558892,563.0702514648438,80094900
2025-03-07,561.2907933786839,567.6715458955733,556.1094773560538,566.2262573242188,81158800
2025-03-10,558.0365509948175,559.9536812738498,546.2385307775894,551.14453125,99326600
2025-03-11,549.9843938775969,554.5266268117218,542.728606721458,546.5629272460938,88102100
2025-03-12,552.7077615834074,553.6319422779778,544.3705127696392,549.4633178710938,69588200
2025-03-13,549.0896174558009,549.6991769603108,540.4279077137791,542.1386108398438,74079400
2025-03-14,546.7496748611676,554.3397648685512,542.2074423986709,553.3369140625,62660300
2025-03-17,553.3172833424321,560.1208513978755,552.8846868765244,557.6039428710938,49008700
2025-03-18,555.2933708486255,555.5096990502625,549.6499951496645,551.5770263671875,66041400
2025-03-19,553.3566775077279,561.3399999727566,552.1768634471969,557.5842895507812,66556000
2025-03-20,553.848245552193,560.966374832501,553.1304918485869,555.9718627929688,62958200
2025-03-21,551.5205297947124,557.0526817242638,550.2878724028328,556.1552734375,83763000
2025-03-24,562.880651498493,567.1703352751009,562.2890000340255,566.1151733398438,58766800
2025-03-25,567.3181383211917,568.4127234708074,565.7304902910278,567.4759521484375,38355700
2025-03-26,567.2097618801449,568.3339598573967,559.3207546377017,560.7013549804688,51848300
2025-03-27,559.3108687859911,562.9792883535321,557.101956447335,559.2122802734375,42164200
2025-03-28,557.6838635858104,558.413587192946,547.3689639965595,547.9507446289062,71662700
2025-03-31,542.201606334121,552.93066066187,539.2826520783074,551.6289672851562,95328200
2025-04-01,549.7159501655996,555.1297722698289,545.998235889195,553.1870727539062,54609600
2025-04-02,547.3492217360947,559.547595484726,547.1125611273237,556.6878662109375,76014500
2025-04-03,537.5471385326381,540.3674444952709,529.2538452148438,529.2538452148438,125986000
2025-04-04,516.404523136506,518.5740121118964,498.05273494035157,498.2696838378906,217965100
2025-04-07,482.40291724281104,515.9114550791749,475.115432610906,497.3821716308594,256611400
2025-04-08,514.6196789750944,517.6963871548359,482.37337814369187,489.5918273925781,165816600
2025-04-09,486.59399925019795,541.0084228515625,486.20939567811143,541.0084228515625,241867300
2025-04-10,524.7865408671853,526.098105010763,502.2535908103832,517.3018798828125,162331200
2025-04-11,515.7536950429114,528.9874872153164,512.8544826104954,526.5320434570312,97866300
2025-04-14,536.5017912856171,536.7286411738348,526.453165817952,531.6401977539062,68034000
2025-04-15,532.1825399641931,535.6931457102869,529.3622343758641,530.151123046875,56892900
2025-04-16,524.3033791384568,530.4272422697393,513.0713913810127,518.3668823242188,83484800
2025-04-17,520.3194821276195,523.800475242003,516.6411916080497,519.1065063476562,79868100
2025-04-21,513.9293312369678,514.4618777265953,501.4055507612705,506.7503662109375,69368100
2025-04-22,512.9235348557764,521.9564215250564,511.9867032226325,519.9348754882812,75948100
2025-04-23,532.9319549297188,537.8625838932508,526.4728430251603,527.991455078125,90590700
2025-04-24,529.2735171048926,539.8349482182391,528.0211780146883,539.105224609375,64150400
2025-04-25,539.0657336001437,543.4046513367819,536.1467793425768,543.0003662109375,61119600
2025-04-28,543.740066127587,545.8700719478594,537.4584479004953,543.20751953125,47613800
2025-04-29,541.294298062473,547.7435994540236,540.9393072120234,546.6292724609375,47775100
2025-04-30,539.9729233205555,548.7987614609631,534.0068741379372,546.84619140625,93101500
2025-05-01,552.5954041380958,556.2440822591161,550.1202183270924,550.7217407226562,63186100
2025-05-02,556.8948640346016,560.4942476694231,554.5774922291787,558.896728515625,60717300
2025-05-05,554.7648117792631,558.7882219920989,553.9068871278389,555.6917724609375,38659200
2025-05-06,550.1892553966732,555.5340413030556,549.2327420958744,551.0471801757812,48264700
2025-05-07,552.3784371058738,555.9975022415719,548.3254139860352,553.3645629882812,55588000
2025-05-08,557.3978323656503,562.3974982446085,553.9069681077176,557.2203369140625,65130800
2025-05-09,558.6205173502777,559.6263849147109,554.9521583078488,556.51025390625,37603400
2025-05-12,573.4026196086874,574.9114211824733,569.0340889310521,574.9015502929688,78993600
2025-05-13,575.3156554869938,580.9070323903663,574.7536167184122,578.6981201171875,67947200
2025-05-14,579.6546018902411,580.8083522191259,577.4160770724685,579.4376831054688,66283500
2025-05-15,577.4358426248243,582.770756919371,576.9822030720642,582.2678833007812,71268100
2025-05-16,583.0468496173695,586.251758304484,581.104210780506,585.9559326171875,76052100
2025-05-19,579.9405744991373,587.2773530559552,579.9405744991373,586.596923828125,68168500
2025-05-20,584.8614766498325,585.8081190582527,581.4198464644389,584.624755859375,60614500
2025-05-21,580.2759146876367,584.3584902721909,573.7477661832594,574.7733154296875,95197700
2025-05-22,574.5760959985981,578.4811762683786,573.3434386116112,575.0001831054688,70860400
2025-05-23,567.9886780015129,573.7378078530255,567.61394540951,571.0752563476562,76029000
2025-05-27,577.938827709351,583.1061179228353,570.4048112020747,582.9483642578125,72588500
2025-05-28,583.3526850377893,584.5459191469531,578.8460820656009,579.5758056640625,68445500
2025-05-29,584.8317737253767,584.9698457847473,577.9387639052553,581.863525390625,69973300
2025-05-30,580.7591899526665,582.928679235147,575.1481304892388,581.2128295898438,90601200
2025-06-02,579.6053591727813,584.5655410710423,576.9428072484826,584.4866943359375,61630500
2025-06-03,584.121791379625,588.7960181097066,583.6385391723649,587.8197631835938,63606200
2025-06-04,588.6777258495218,589.6539808386906,587.2280895107962,587.6619873046875,57314200
2025-06-05,589.3384339818148,590.6894216670538,582.8497086239531,584.8219604492188,92278700
2025-06-06,590.3540722792903,592.4940086999786,588.5790577947733,590.8274536132812,66588700
2025-06-09,591.3993476813894,592.9081490758875,590.1864321834666,591.3599243164062,53016400
2025-06-10,591.8924637491524,595.0973729509094,590.7781968461302,594.7128295898438,66247000
2025-06-11,595.8074157747775,596.6653405011278,590.9556931519085,593.0166625976562,73658200
2025-06-12,591.6853731206485,595.3734741210938,591.2021810906274,595.3734741210938,64129000
2025-06-13,590.1962907494013,593.4997881009825,587.2181715759101,588.7171020507812,89506000
2025-06-16,592.0700235861916,596.0638215052488,591.8924679557008,594.318359375,79984100
2025-06-17,591.8826784891205,593.401290785268,588.480531921813,589.2398681640625,82209400
2025-06-18,590.1371879149127,592.8785866278505,588.1944885876793,589.1510620117188,76605000
2025-06-20,591.8225009850784,592.8906824249698,586.3629740326184,587.7674560546875,94051400
2025-06-23,588.5190130228361,593.9587392448562,585.4035696790836,593.5730590820312,87426000
2025-06-24,597.7072083922786,601.1885919192599,596.7972471416377,600.13037109375,67735300
2025-06-25,601.247995602986,601.940336500435,598.903972841808,600.4666748046875,62114800
2025-06-26,602.3161684365299,605.5997923429508,601.7029677445283,605.1646118164062,78548400
2025-06-27,606.1635425121184,609.6350865938839,604.1360202356653,608.1712646484375,86258400
2025-06-30,610.6142201701539,612.4340220516922,608.2998373553096,611.0790405273438,92502500
2025-07-01,609.6053849111585,612.0483479268365,608.7746241554748,610.8812866210938,70030100
2025-07-02,610.4757907292374,613.6901746824169,609.8526899336259,613.650634765625,66510400
2025-07-03,615.6287169448548,619.4167617045248,615.6089168033244,618.487060546875,51065800
2025-07-07,616.5286134886126,617.1913144548079,611.0987877910964,613.8779907226562,74814500
2025-07-08,614.5406899285775,615.2923708557059,612.7307881009865,613.5418090820312,59024600
2025-07-09,615.945166968477,617.8737488887257,614.1055045789822,617.2210083007812,66113300
2025-07-10,617.3594282689005,620.0001509389845,616.1824670185033,618.961669921875,57529000
2025-07-11,615.9155275578457,618.0122901417473,614.7188263007702,616.785888671875,63670200
2025-07-14,616.3308265898004,618.3089087938923,614.9857451789246,617.9627685546875,51898500
2025-07-15,620.6431287961128,620.9793689858044,615.242942324076,615.3220825195312,74317300
2025-07-16,616.9044910111767,617.8836320494379,611.276844692317,617.3792114257812,88987500
2025-07-17,617.5573456006476,621.5135103761386,617.3397251475282,621.1574096679688,68885700
2025-07-18,622.4035753929759,622.5716954836944,619.5947323692288,620.7024536132812,65621600
2025-07-21,621.87939453125,624.6189973413707,621.4541141003111,621.87939453125,63375000
2025-07-22,622.2057439990875,622.8288447335428,619.3276609031153,621.9683837890625,60046300
2025-07-23,624.6288825447934,627.259765625,622.8288205336723,627.259765625,70511000
2025-07-24,627.6454884244192,629.1785504969665,627.0421878119985,627.4674682617188,71307100
2025-07-25,628.1301809903662,630.5928838363332,627.8829206987424,630.1181030273438,56865400
2025-07-28,630.4939604147171,631.0478210681617,628.5752180855901,629.9598999023438,54917100
2025-07-29,631.3543820995848,631.6708825055948,627.3883778702398,628.2982788085938,60556300
2025-07-30,628.9510415464463,630.6917636576716,624.6190364089183,627.507080078125,80418900
2025-07-31,632.4522656090571,632.8379457731452,623.8574957354674,625.1531372070312,103385200
2025-08-01,619.436379958757,619.475980234049,612.5031927364548,614.9065551757812,140103600
2025-08-04,618.8133862322555,624.3025527793549,618.7244063300172,624.2531127929688,73218000
2025-08-05,624.866279158634,625.6773001361546,620.1683337507773,621.088134765625,68051400
2025-08-06,622.1562946160922,626.4981995520814,621.2463937026511,625.845458984375,64357500
2025-08-07,629.2675537310744,629.9994345491891,622.2156852544556,625.3212890625,74205800
2025-08-08,627.1114011688534,630.6620853000642,626.7949007710238,630.1972045898438,64051600
2025-08-11,630.4742118551501,631.947873553624,627.70484826023,628.9510498046875,58742300
2025-08-12,631.2950454377703,635.8050706066525,629.8114837326607,635.6468505859375,64730800
2025-08-13,637.8424936799373,639.10849531226,635.6369512596368,637.82275390625,60092800
2025-08-14,635.7457174616427,638.5447207235369,635.300697252298,637.882080078125,59327500
2025-08-15,638.9106535836406,639.0095939138803,635.4787099260534,636.3886108398438,68592500
2025-08-18,635.8150025688236,636.9425240091701,635.1424618060598,636.2501831054688,43804900
2025-08-19,636.0721245937336,637.0512656505922,631.4829592777961,632.7984008789062,69750700
2025-08-20,632.3929060531275,632.6500060324975,626.013578858981,631.1170043945312,88890300
2025-08-21,629.3071851926883,630.978606926108,626.8642219548319,628.5851440429688,54805800
2025-08-22,630.7709706915778,639.41518174206,630.2665499847296,638.2382202148438,84083200
2025-08-25,636.9820621561176,638.218363635622,635.3105801411765,635.4292602539062,51274300
2025-08-26,635.1622594491828,638.4359833484747,634.5391586749303,638.0897827148438,51581600
2025-08-27,637.5062179210042,640.2755208793137,637.3578376120881,639.5436401367188,48341100
2025-08-28,640.146950913372,642.3623933153343,638.267809046051,641.8085327148438,61519500
2025-08-29,640.374419619015,640.7404203673219,636.0919150690585,637.98095703125,74522200
2025-09-02,630.5137545728464,633.4709780533357,627.9620114164865,633.25341796875,81983500
2025-09-03,635.6270215222661,637.1501834379544,633.4412793439511,636.685302734375,70820900
2025-09-04,637.3579030521721,642.0361089027498,636.4579021356687,642.0064086914062,65219200
2025-09-05,644.3404973975818,645.0625384730564,636.2798483910566,640.14697265625,85178900
2025-09-08,641.5118841129237,642.7185457406785,640.1371023874503,641.7196044921875,63133100
2025-09-09,641.8579832056892,643.7272854003053,640.1271612550325,643.203125,66133900
2025-09-10,646.4570213518696,647.3768223058731,643.4997982019892,645.0625,78034500
2025-09-11,647.0109525903231,651.1154976382888,646.4274520986086,650.4231567382812,69934400
2025-09-12,650.393364548417,651.8868261792371,649.7010841125947,650.2054443359375,72780100
2025-09-15,652.4110731340584,653.7956944276398,652.114372883025,653.6671142578125,63772400
2025-09-16,654.2210123755038,654.5276730798186,651.9858301119879,652.7671508789062,61169000
2025-09-17,652.7770978636573,654.4683196962441,647.1296508296768,651.9561767578125,101952200
2025-09-18,654.6363789857319,657.6035020628194,653.0341373534065,655.0023193359375,90459200
2025-09-19,656.8877828567474,659.0895125014193,654.9438659954435,658.2465209960938,97945600
2025-09-22,656.7588293222589,661.8069717744121,656.7290467709187,661.3607177734375,69452200
2025-09-23,661.2417286303936,661.8566899635472,656.540685502851,657.7606201171875,81708900
2025-09-24,659.0498612769777,659.1490153831234,654.2496039734066,655.6678466796875,68082200
2025-09-25,652.5338627083877,653.9917550046746,649.0328388399253,652.6429443359375,89622100
2025-09-26,654.0910020825955,656.9274877414105,652.4743904900326,656.3820190429688,69179200
2025-09-29,658.9010899003678,659.8135740530697,656.4216318338509,658.2266845703125,73499000
2025-09-30,657.4828203674869,661.1722852976668,656.173659297658,660.7061157226562,86288000
2025-10-01,657.7208749627936,663.8699431635192,657.611793334362,662.95751953125,72545400
2025-10-02,664.9410037342527,665.0600128657511,661.3011766397112,663.7210693359375,56896000
2025-10-03,664.4848020775174,667.1527012490268,662.6698219114437,663.7112426757812,70494400
2025-10-06,666.1014192164715,666.9841207809839,663.9591941673339,666.0914916992188,54623300
2025-10-07,667.0138297258598,667.4601442579947,662.1838505424819,663.6219482421875,72020100
2025-10-08,664.7426772273783,667.6783772359653,663.919480237528,667.5791625976562,60702200
2025-10-09,667.9957845708525,668.4023890582872,663.7112737749407,665.6452026367188,66501900
2025-10-10,666.6071968358344,668.4122493878771,647.4757221413303,647.6542358398438,159422600
2025-10-13,655.2216030747315,659.664772492732,654.3488290056752,657.5919189453125,79560500
2025-10-14,651.7701536094826,660.3590300864076,647.8030207789583,656.78857421875,88779600
2025-10-15,661.3409343998026,664.7228887516702,653.5157497881946,659.7044677734375,81702600
2025-10-16,661.3408828539109,663.215367636124,651.7106461582608,655.211669921875,110563300
2025-10-17,654.0810128478913,660.2895852935891,652.7322022395391,658.9308471679688,96500900
2025-10-20,661.8367798071084,666.6866142382812,661.7872027532737,665.7840576171875,60493400
2025-10-21,665.9228395283285,667.4600912091562,664.4748144266518,665.7740478515625,56249000
2025-10-22,666.4783066993808,666.4783066993808,657.8497808005621,662.3128051757812,80564000
2025-10-23,662.6301900162397,667.1825015615415,662.3128121266341,666.2402954101562,65604500
2025-10-24,670.9016937183009,672.8951271271609,670.0983517375236,671.6851806640625,74356500
2025-10-27,677.1201116013259,679.9070199177999,676.5151383891614,679.6094970703125,63339800
2025-10-28,681.4046232640447,683.2493254549719,679.2028936555786,681.41455078125,61738100
2025-10-29,683.0608492697363,684.0328379014793,677.2589421639235,681.7418212890625,85657100
2025-10-30,678.2805222142791,680.303738053287,674.2439575195312,674.2439575195312,76335800
2025-10-31,679.4111219213156,679.4508319897004,673.6587916341136,676.4556274414062,87164100
2025-11-03,680.0359699637585,680.1649066224819,674.3530715971103,677.7251586914062,57315000
2025-11-04,670.5545580097922,674.3729598389511,669.0371611161902,669.6917114257812,78427000
2025-11-05,669.4337786331213,675.2654684624238,668.6304366940664,672.012451171875,74402400
2025-11-06,670.9115428502156,671.8140994484131,663.2252231578799,664.8021850585938,85035300
2025-11-07,662.4218719882706,665.5658682287408,655.7769731606511,665.4567260742188,100592400
2025-11-10,671.6752576501947,676.57466917413,669.4834554774103,675.8407592773438,75842900
2025-11-11,674.3629519753922,677.9532020666294,673.1529450781785,677.3878784179688,58953400
2025-11-12,679.1631581075335,679.3318048264125,675.3547447293747,677.7647705078125,62312500
2025-11-13,674.9084518036677,675.2654792192372,665.010475070097,666.5179443359375,103457800
2025-11-14,659.9127671356764,670.1082678298286,657.8201189320223,666.408935546875,96846700
2025-11-17,664.1972328051172,668.1742931923078,656.7290761218832,660.2003173828125,90456100
2025-11-18,656.6596720569411,659.6548768721069,650.4709542015795,654.6563110351562,114467500
2025-11-19,655.3505889035424,661.8566848395906,653.3372397764296,657.1853637695312,94703000
2025-11-20,667.3808213360044,670.0090710879778,646.5335791707308,647.1683349609375,165293500
2025-11-21,649.667590792559,659.0895314498267,645.5020891320908,653.6149291992188,123956200
2025-11-24,657.2447591605586,664.5541959227929,656.1538219404428,663.235107421875,80437900
2025-11-25,663.135941149376,670.6536740212097,659.020017057554,669.4734497070312,81077100
2025-11-26,672.0620713400136,676.0986363282427,671.1595147067713,674.09521484375,71879600
2025-11-28,675.2654787466182,678.0523870500939,674.9084513312986,677.7747192382812,49212000
2025-12-01,673.2323336611282,677.3779800628074,673.1629015749381,674.6803588867188,61201200
2025-12-02,676.316803165018,678.2012155152329,673.7481184984898,675.9300537109375,62953800
2025-12-03,674.9779023816353,679.2822075879724,674.105128319461,678.2706298828125,57238500
2025-12-04,679.6689755171525,679.7384076011712,675.7415530139849,678.7664794921875,61970300
2025-12-05,679.8375623637357,682.7336127271673,678.9549213715281,680.0557861328125,79241000
2025-12-08,680.9484564225444,680.9980334759979,675.9696853695019,678.0127563476562,55231500
2025-12-09,677.5366323782647,679.7582167824522,676.9812362772177,677.427490234375,58310100
2025-12-10,676.9515664343469,683.3088703732143,675.711837383319,681.92041015625,85671300
2025-12-11,679.51034738166,683.5865617528303,676.5647198382891,683.5072021484375,86173700
2025-12-12,682.5153843270051,683.2195721462687,673.5893360954813,676.1580810546875,113160300
2025-12-15,680.1053789946951,680.1252340287925,673.6687159286942,675.1365356445312,90811000
2025-12-16,673.6488975485244,675.4837328267965,669.4338188610296,673.2918701171875,122030600
2025-12-17,674.3034691132465,674.8489377460819,665.6848710067972,665.8832397460938,110625200
2025-12-18,672.0322187932205,675.1464323222394,669.3544527925658,670.9114990234375,108650100
2025-12-19,673.0134542661981,677.4896664833268,672.8940327515619,676.9923095703125,103599500
2025-12-22,680.3245900087294,681.7370666700199,676.9923229108747,681.2098999023438,69556700
2025-12-23,680.3046207584179,684.562024812114,680.2548972126992,684.3233032226562,64840000
2025-12-24,684.313382495532,687.1781631452748,684.164151137988,686.7305297851562,39445600
2025-12-26,686.989161229118,688.0037280321676,685.6264081645946,686.660888671875,41613300
2025-12-29,683.9055083361335,685.5567672531378,682.4433081832867,684.2138671875,62559500
2025-12-30,683.8160334465714,684.9201512250444,682.9506372729019,683.3783569335938,47160700
2025-12-31,683.5076844111845,683.726492314561,678.1063955310838,678.3152465820312,74144800
2026-01-02,682.0852055985325,683.2390468658663,676.2263268834449,679.55859375,89377200
2026-01-05,682.910778712987,685.7855161168121,682.7516512212146,684.0845336914062,71927200
2026-01-06,684.2934596862484,688.6602678554459,684.1442890432024,688.1529541015625,69273800
2026-01-07,688.5309418430683,690.2916046822218,685.6761181181482,685.9347534179688,75588300
2026-01-08,685.1787573638412,686.9692300361542,683.8557710289468,685.8651123046875,64019200
2026-01-09,686.9791831428475,691.6344363504869,685.5368360184962,690.4010009765625,80125500
2026-01-12,687.0289310253164,692.410366767912,686.979207477028,691.4852294921875,63976000
2026-01-13,691.813478661017,692.4103433578374,687.6953490317495,690.1026000976562,78309700
2026-01-14,687.3472637531122,688.0634285762314,682.4134612479594,686.7106323242188,94676700
2026-01-15,690.8983886882239,691.7737417111902,687.5959315038539,688.5806884765625,77862000
2026-01-16,689.9931507530615,690.5800586110835,686.4519720383781,688.0037231445312,79289200
2026-01-20,677.8874730475171,681.1501633341576,672.9934983300664,673.9981689453125,111623300
2026-01-21,676.0572511802958,685.0991655259935,674.5452667925615,681.77685546875,127844500
2026-01-22,686.2033478813381,687.476610793547,683.2888434897402,685.3379516601562,77112200
2026-01-23,684.5123006998919,687.3074439470811,683.5274830754288,685.5865478515625,63059600
2026-01-26,686.8399050563427,690.4606777697717,686.272910918868,689.0680541992188,60473800
2026-01-27,690.5104039402848,692.8480177488461,689.9036431059924,691.8134765625,55506100
2026-01-28,693.3652237572153,694.1510864943795,690.271678492269,691.7438354492188,61172200
2026-01-29,692.7087686795362,693.375209936545,681.2098793986574,690.3711547851562,97486200
2026-01-30,688.1330315570439,690.5402826440542,683.487735152998,688.3120727539062,101835100
2026-02-02,685.9348095869553,693.2459322689688,685.7756213682558,691.7339477539062,79286500
2026-02-03,692.529690413304,693.2757257351432,680.4140840721383,685.885009765625,107904600
2026-02-04,686.7006659106327,687.7948875474046,678.1561081391175,682.5626831054688,105204600
2026-02-05,677.3404209861714,680.0758839506523,672.2176206040476,674.0379638671875,113610800
2026-02-06,677.8576866055596,688.6503070282812,677.2508650473027,686.96923828125,89127600
2026-02-09,685.7755944360715,692.1915108078678,684.7013472083629,690.2816772460938,73885200
2026-02-10,691.276360737094,692.8579216647231,688.0037135108784,688.4613037109375,65185700
2026-02-11,692.7087599208829,693.4547952732178,685.5368515439336,688.3021850585938,76353900
2026-02-12,690.5701102294341,691.6742279947084,676.7734344520502,677.668701171875,118829000
2026-02-13,678.0864377658819,682.6522007204912,673.9384983110481,678.1461181640625,96267500
2026-02-17,676.5446598627462,681.31927396984,672.2077222570326,679.2402954101562,81354700
2026-02-18,680.4041503420104,685.507036973797,679.2204384959671,682.662109375,73570300
2026-02-19,680.225062656192,682.5526587813481,677.9471293624403,680.8616333007812,58649400
2026-02-20,678.7131823752115,686.4122580979458,678.126274472082,685.7855834960938,100034000
2026-02-23,684.1940214696967,686.3525334522094,676.7734345413753,678.7827758789062,90558100
2026-02-24,678.295350173768,684.7112054782021,676.4053697086953,683.7164916992188,73798700
2026-02-25,686.53156929616,690.0130676270821,686.4519751919497,689.4859008789062,56369500
2026-02-26,689.615191050754,689.6350440416309,680.7323436648176,685.6561889648438,71671000
2026-02-27,679.4790749097389,683.2291046432514,678.0367277603054,682.3637084960938,83308900
2026-03-02,675.1123137702438,684.9798583327654,674.4359156260907,682.751708984375,87477200
2026-03-03,671.4915420947397,679.0016196644848,666.1200629162043,676.7337036132812,105003100
2026-03-04,678.026741603972,683.4579005621853,676.0273572426378,681.5082397460938,79182200
2026-03-05,678.474445192334,681.9062201445739,672.0386149612469,677.70849609375,106606500
2026-03-06,669.8502072585248,672.5359467168151,666.2195382406165,668.82568359375,100687000
2026-03-09,662.8673651303956,676.3258117079225,658.888509802078,674.6845703125,102667700
2026-03-10,674.1374043547928,679.7476047325034,671.1930903760745,673.6002807617188,81505300
2026-03-11,673.9982140650914,676.4849986405864,669.7806371390539,672.7548217773438,68441700
2026-03-12,667.6120785283837,668.0995392824933,662.3500644519811,662.5390625,108882200
2026-03-13,665.7321452917186,668.7859240392634,657.863924887251,658.7890014648438,97200200
2026-03-16,664.8468199428278,668.5173163233716,663.5934708305671,665.493408203125,82023100
2026-03-17,668.8355969918504,670.8747480492216,666.1598145596139,667.2440185546875,87128000
2026-03-18,664.8268919718373,666.1796881508768,657.6948111200146,657.9335327148438,82062600
2026-03-19,653.4971375917409,659.4753776238247,651.7066647804095,656.3121948242188,111272500
2026-03-20,654.8230422006715,655.0025723674255,643.063298812559,646.9034423828125,163617500
2026-03-23,656.3790129905765,660.9173090129275,652.2596206790361,653.6959228515625,134802700
2026-03-24,649.6463809650626,655.3417305137531,648.2100787416998,651.5015869140625,96457500
2026-03-25,656.9774239230809,659.1917509309695,652.5588148295345,655.1322021484375,90653800
2026-03-26,650.3844333840033,653.1672421520028,643.1630473705688,643.432373046875,96494400
2026-03-27,640.8489947137006,641.0085567819559,631.4831091918358,632.4606323242188,103649400
2026-03-30,638.4651675144013,638.7245091624994,627.6630399662237,630.3460693359375,99275900
2026-03-31,637.2981538716512,649.865752001465,636.3405988140365,648.6688842773438,152534100
2026-04-01,652.219751792706,656.8278752918841,651.3220400966815,653.5562744140625,97841500
2026-04-02,644.7589215344626,656.5086804928782,643.4522901873171,654.144775390625,68358700
2026-04-06,654.1746977251443,658.0247645183308,653.8356054757206,657.23681640625,39105800
2026-04-07,654.9626585699763,657.9150134208243,649.386996170508,657.5260009765625,69980400
2026-04-08,674.6519776493207,675.3402070755335,669.734652974974,674.27294921875,93606100
2026-04-09,673.1059235004034,679.4096297331154,672.0386657215836,678.162841796875,57134400
2026-04-10,679.5692561407437,680.2774536083281,676.7066358948267,677.7140502929688,42253500
2026-04-13,675.669302461078,684.536473353906,674.8414790590384,684.3369750976562,54185800
2026-04-14,685.9229138241225,692.7952238870419,685.8929616905456,692.675537109375,63480500
2026-04-15,693.4734516118131,698.480571570673,692.4161778504387,698.1414184570312,58240400
2026-04-16,699.2585607342904,700.9741726960574,696.7350934539525,699.8569946289062,49972400
2026-04-17,704.3255249385737,710.5594650064761,703.9464965121796,708.3152465820312,70661900
2026-04-20,706.9587079747221,708.0857482546458,704.3254772575062,706.8988037109375,43546800
2026-04-21,708.4548936431559,709.4523240430285,700.8345107773317,702.2708129882812,58941400
2026-04-22,707.3278031045794,709.6218808832724,706.4001392457644,709.3825073242188,42518500
2026-04-23,707.6768673789517,710.5295037064266,700.4754491270062,706.6295776367188,56174000
2026-04-24,708.9236633096505,712.6340752101273,707.1881441382454,712.10546875,45182000
2026-04-27,711.3374146094498,713.7911152864904,710.4696550399041,713.332275390625,33135900
2026-04-28,709.9908768700561,711.0481506026886,707.4274735730012,709.8612060546875,43117400
2026-04-29,709.1729992133655,710.3699278433978,706.5497524472755,709.7515258789062,41859200
2026-04-30,712.7936806635566,717.9403946619685,708.6244289610544,716.8132934570312,67240900
2026-05-01,719.3966516418469,723.0073446973263,718.6186267345964,718.7982177734375,43049800
2026-05-04,718.2196821209096,720.2644021704073,713.152718877996,716.1649780273438,51950600
2026-05-05,719.9153564929043,723.1769124909786,719.6360467603954,721.9102172851562,36933200
2026-05-06,726.288861980811,732.7023927493656,725.9497697512824,731.9443359375,53288900
2026-05-07,733.161188473549,734.238430329629,727.8748196364371,729.7001342773438,51724600
2026-05-08,733.0415191543954,736.1834492768152,732.6824588199246,735.724609375,47227100
2026-05-11,734.5576163199453,738.8864300819614,734.5576163199453,737.4002685546875,44024000
2026-05-12,734.9964788307154,736.9414802248905,729.9494836014034,736.2831420898438,54185300
2026-05-13,736.5723674930287,741.9983910774667,733.5800764180441,740.4025268554688,44200200
2026-05-14,741.7391534739264,747.6040491923611,741.649357949993,746.2474975585938,45307600
2026-05-15,739.8838927249178,741.5496453663399,736.0637780312098,737.2706298828125,60410800
2026-05-18,737.9289136337939,739.5147938000424,731.5054597381557,736.751953125,47843900
2026-05-19,732.8919551385734,735.7545755811656,729.650306265128,731.8446044921875,54255900
2026-05-20,733.8195334397973,739.9636778498481,732.0042028263388,739.3452758789062,45768000
2026-05-21,736.7419902854853,742.9559620700644,735.1361419849363,740.8114624023438,43332200
2026-05-22,744.3224328967863,747.015507083493,742.566945697205,743.7239990234375,41762000
2026-05-26,748.0827892360243,750.1973368284331,746.4469887578754,748.6613159179688,41123600
2026-05-27,748.9505199197505,749.4492351039673,746.2973210478585,748.5316162109375,42106300
2026-05-28,748.3221518516883,753.2095851254732,747.3047533704411,752.6609497070312,41562600
2026-05-29,753.9576670103595,756.1320579864754,752.7507543048832,754.5361328125,55075700
2026-06-01,753.4189990020213,758.3264003155792,752.7507376917755,756.5908203125,43634900
2026-06-02,755.0847737682097,758.4461093852723,754.805464031348,757.6182250976562,31581900
2026-06-03,756.2018667594974,756.8501599793441,751.6336185743088,752.3018798828125,51402500
2026-06-04,750.1673635570705,756.3614281257201,749.5389775481502,755.1445922851562,49923000
2026-06-05,750.3768677170906,750.8855669656407,733.6400171295905,735.65478515625,93989400
2026-06-08,741.4498108327123,743.4247643242134,736.2931129658897,737.3204345703125,49319100
2026-06-09,741.7191759970133,744.9807928982774,720.7332622187009,735.1560668945312,87683500
2026-06-10,731.5054857614351,736.4826536495077,723.4661992814284,723.56591796875,60341300
2026-06-11,726.8873842592473,738.0984921563339,722.5485255148498,735.8642578125,86330500
2026-06-12,738.8066884479139,742.5270843334097,733.1412911200548,739.843994140625,57079500
2026-06-15,749.9179969688896,754.7356026867302,749.8282623277308,752.890380859375,60176400
2026-06-16,752.6111046530555,753.4988323298886,747.9531216783239,748.4019775390625,67093100
2026-06-17,749.3594421826946,750.217278570044,737.3204502885575,739.0560302734375,85945200
2026-06-18,747.760009765625,748.22998046875,743.8599853515625,746.739990234375,80875700
2026-06-22,747.7000122070312,750.1799926757812,743.1300048828125,744.3900146484375,46628100
2026-06-23,733.8099975585938,739.6300048828125,732.2999877929688,733.5800170898438,66846800
2026-06-24,735.1699829101562,739.9500122070312,730.8400268554688,733.239990234375,57439500
2026-06-25,738.9099731445312,739.3699951171875,729.5999755859375,734.2999877929688,53934400
2026-06-26,728.9500122070312,736.530029296875,716.5800170898438,728.989990234375,71034000
2026-06-29,736.530029296875,741.5599975585938,732.0900268554688,741.0,58035200
2026-06-30,741.2899780273438,748.02001953125,740.8900146484375,746.77001953125,55626000
2026-07-01,745.0,749.4400024414062,742.3800048828125,745.760009765625,47100900
2026-07-02,747.4000244140625,751.3099975585938,740.030029296875,744.780029296875,57447800
2026-07-06,748.739990234375,752.4099731445312,747.4099731445312,751.280029296875,50673300
2026-07-07,750.219970703125,750.9600219726562,745.2100219726562,747.7100219726562,43721500
2026-07-08,743.1599731445312,746.1500244140625,739.510009765625,745.4000244140625,43767400
2026-07-09,747.3499755859375,751.969970703125,745.5900268554688,751.7100219726562,41441700
2026-07-10,752.0499877929688,755.4199829101562,748.0999755859375,754.9500122070312,42191300
2026-07-13,752.469970703125,753.9099731445312,748.0,749.1699829101562,44013600
2026-07-14,750.9099731445312,753.3400268554688,748.6599731445312,751.8300170898438,35143100
2026-07-15,754.239990234375,755.5800170898438,750.2000122070312,754.8099975585938,43844800
2026-07-16,752.760009765625,754.5700073242188,747.8800048828125,750.719970703125,46409800
2026-07-17,742.0800170898438,747.2899780273438,740.7999877929688,743.2899780273438,62651000
2026-07-20,747.0599975585938,748.72998046875,741.510009765625,742.0900268554688,50422300
2026-07-21,746.2899780273438,749.0399780273438,744.1799926757812,748.280029296875,34324300
2026-07-22,746.6199951171875,750.02001953125,746.3699951171875,747.4099731445312,32836200
2026-07-23,739.3699951171875,742.5599975585938,735.2100219726562,738.1799926757812,55437300
2026-07-24,738.510009765625,743.719970703125,737.2899780273438,738.9299926757812,44782000
2026-07-27,744.9099731445312,745.530029296875,735.8699951171875,739.0900268554688,41461200
2026-07-28,739.1900024414062,742.7899780273438,735.97998046875,740.8599853515625,47322200
2026-07-29,739.969970703125,742.6799926757812,729.0999755859375,729.4600219726562,70697200
2026-07-30,736.0499877929688,742.4500122070312,734.5900268554688,741.6900024414062,66811300
2026-07-31,744.6799926757812,748.9000244140625,737.6799926757812,747.030029296875,62445900
2026-08-03,749.4400024414062,758.5800170898438,748.7999877929688,757.6699829101562,59927500
2026-08-04,760.6300048828125,773.4099731445312,760.52001953125,771.3300170898438,69154800
2026-08-05,775.8499755859375,776.8499755859375,769.510009765625,769.7899780273438,44689100
2026-08-06,770.2100219726562,771.8200073242188,767.4600219726562,768.5599975585938,38416900
2026-08-07,771.02001953125,773.9199829101562,769.6099853515625,773.260009765625,43586300
2026-08-10,772.5999755859375,775.0499877929688,771.6199951171875,773.030029296875,39249500
2026-08-11,774.530029296875,774.6099853515625,769.2000122070312,770.5599975585938,36740600
2026-08-12,774.7100219726562,774.9000244140625,771.280029296875,772.489990234375,33179100
2026-08-13,774.8699951171875,779.3699951171875,774.1099853515625,777.8800048828125,35634500
2026-08-14,778.5399780273438,778.7999877929688,775.4299926757812,776.3400268554688,31367900
2026-08-17,776.1799926757812,776.780029296875,772.510009765625,772.6699829101562,34356600
2026-08-18,768.7000122070312,769.5,766.9199829101562,767.4500122070312,43920900
2026-08-19,770.3599853515625,772.469970703125,768.0999755859375,769.0599975585938,40306000
2026-08-20,765.9600219726562,768.1500244140625,762.0399780273438,762.5999755859375,45520300
2026-08-21,766.0499877929688,767.8499755859375,764.1699829101562,765.719970703125,39188700
2026-08-24,764.780029296875,765.219970703125,762.0800170898438,763.469970703125,32430900
2026-08-25,766.1599731445312,766.780029296875,763.0499877929688,765.9099731445312,27422300
2026-08-26,764.72998046875,767.3499755859375,763.9299926757812,766.0800170898438,28751600
2026-08-27,768.5,772.3599853515625,767.1599731445312,771.0999755859375,34557100
2026-08-28,771.760009765625,775.2999877929688,768.3099975585938,769.3499755859375,36744300
2026-08-31,767.3300170898438,768.0,764.719970703125,767.0499877929688,38810800
2026-09-01,762.010009765625,764.6699829101562,759.47998046875,761.780029296875,41126300
2026-09-02,762.4500122070312,766.4299926757812,761.72998046875,765.1599731445312,29566200
2026-09-03,767.9000244140625,774.030029296875,767.4500122070312,773.1699829101562,43531600
2026-09-04,772.010009765625,772.8699951171875,769.0,770.1900024414062,34054200
2026-09-08,769.0700073242188,769.7000122070312,765.1400146484375,765.9600219726562,44746100
2026-09-09,764.0800170898438,764.469970703125,760.9400024414062,762.4000244140625,32812400
2026-09-10,758.030029296875,760.1099853515625,756.6400146484375,757.8300170898438,42740400
2026-09-11,764.719970703125,766.3800048828125,763.5999755859375,764.2899780273438,45512700
2026-09-14,759.0,763.52001953125,757.9299926757812,760.8800048828125,43992400
2026-09-15,760.1199951171875,760.3499755859375,756.1500244140625,757.3900146484375,46131100
